User_ID,Date,Type,Category,Amount,Risk_Label
0,2023-01-01,Credit,Salary,1852,good
0,2023-01-12,Debit,Discretionary,478,good
0,2023-01-31,Credit,Salary,1934,good
0,2023-02-12,Debit,UPI_Lending_App,138,good
0,2023-02-23,Debit,Discretionary,498,good
0,2023-03-02,Credit,Salary,1859,good
0,2023-03-20,Debit,Discretionary,511,good
0,2023-04-01,Credit,Salary,2173,good
0,2023-04-23,Debit,Discretionary,531,good
0,2023-05-01,Credit,Salary,1943,good
0,2023-05-12,Debit,Discretionary,544,good
0,2023-05-31,Credit,Salary,1904,good
0,2023-06-24,Debit,Discretionary,540,good
1,2023-01-01,Credit,Salary,1882,bad
1,2023-01-02,Debit,UPI_Lending_App,310,bad
1,2023-01-13,Debit,UPI_Lending_App,333,bad
1,2023-01-20,Debit,Discretionary,490,bad
1,2023-01-21,Debit,UPI_Lending_App,295,bad
1,2023-01-23,Debit,UPI_Lending_App,58,bad
1,2023-01-31,Credit,Salary,2043,bad
1,2023-02-05,Debit,UPI_Lending_App,424,bad
1,2023-02-11,Debit,UPI_Lending_App,104,bad
1,2023-02-18,Debit,UPI_Lending_App,282,bad
1,2023-02-22,Debit,UPI_Lending_App,370,bad
1,2023-02-23,Debit,Discretionary,458,bad
1,2023-02-27,Debit,UPI_Lending_App,220,bad
1,2023-03-02,Credit,Salary,1861,bad
1,2023-03-10,Debit,UPI_Lending_App,279,bad
1,2023-03-11,Debit,Discretionary,537,bad
1,2023-03-24,Debit,UPI_Lending_App,161,bad
1,2023-03-27,Debit,UPI_Lending_App,352,bad
1,2023-03-28,Debit,UPI_Lending_App,251,bad
1,2023-04-01,Credit,Salary,1944,bad
1,2023-04-17,Debit,Discretionary,543,bad
1,2023-04-24,Debit,UPI_Lending_App,312,bad
1,2023-04-29,Debit,UPI_Lending_App,69,bad
1,2023-05-04,Credit,Salary,1826,bad
1,2023-05-07,Debit,UPI_Lending_App,52,bad
1,2023-05-10,Debit,Discretionary,108,bad
1,2023-05-12,Debit,UPI_Lending_App,161,bad
1,2023-05-16,Debit,UPI_Lending_App,436,bad
1,2023-05-24,Debit,UPI_Lending_App,462,bad
1,2023-05-27,Debit,UPI_Lending_App,215,bad
1,2023-05-31,Credit,Salary,1991,bad
1,2023-06-01,Debit,UPI_Lending_App,141,bad
1,2023-06-02,Debit,UPI_Lending_App,399,bad
1,2023-06-13,Debit,Discretionary,128,bad
1,2023-06-23,Debit,UPI_Lending_App,498,bad
1,2023-06-25,Debit,UPI_Lending_App,386,bad
1,2023-06-28,Debit,UPI_Lending_App,76,bad
2,2023-01-01,Credit,Salary,1904,good
2,2023-01-21,Debit,Discretionary,526,good
2,2023-01-31,Credit,Salary,1859,good
2,2023-02-07,Debit,Discretionary,478,good
2,2023-02-14,Debit,UPI_Lending_App,443,good
2,2023-03-02,Credit,Salary,2120,good
2,2023-03-19,Debit,Discretionary,518,good
2,2023-04-01,Credit,Salary,1850,good
2,2023-04-22,Debit,Discretionary,517,good
2,2023-05-01,Credit,Salary,1924,good
2,2023-05-18,Debit,Discretionary,528,good
2,2023-05-31,Credit,Salary,1970,good
2,2023-06-08,Debit,Discretionary,467,good
3,2023-01-01,Credit,Salary,2130,good
3,2023-01-10,Debit,Discretionary,474,good
3,2023-01-31,Credit,Salary,2099,good
3,2023-02-23,Debit,Discretionary,546,good
3,2023-03-02,Credit,Salary,2023,good
3,2023-03-21,Debit,Discretionary,498,good
3,2023-04-01,Credit,Salary,2107,good
3,2023-04-06,Debit,Discretionary,531,good
3,2023-05-01,Credit,Salary,1864,good
3,2023-05-11,Debit,Discretionary,507,good
3,2023-05-31,Credit,Salary,1818,good
3,2023-06-23,Debit,Discretionary,532,good
4,2023-01-01,Credit,Salary,1973,bad
4,2023-01-12,Debit,UPI_Lending_App,483,bad
4,2023-01-20,Debit,Discretionary,524,bad
4,2023-01-24,Debit,UPI_Lending_App,137,bad
4,2023-01-27,Debit,UPI_Lending_App,126,bad
4,2023-01-29,Debit,UPI_Lending_App,282,bad
4,2023-01-31,Credit,Salary,1933,bad
4,2023-02-04,Debit,UPI_Lending_App,187,bad
4,2023-02-11,Debit,Discretionary,515,bad
4,2023-02-28,Debit,UPI_Lending_App,315,bad
4,2023-03-02,Credit,Salary,1980,bad
4,2023-03-10,Debit,UPI_Lending_App,493,bad
4,2023-03-16,Debit,Discretionary,516,bad
4,2023-04-01,Credit,Salary,1943,bad
4,2023-04-15,Debit,Discretionary,531,bad
4,2023-04-20,Debit,UPI_Lending_App,476,bad
4,2023-05-06,Credit,Salary,1868,bad
4,2023-05-15,Debit,UPI_Lending_App,149,bad
4,2023-05-15,Debit,Discretionary,76,bad
4,2023-05-31,Credit,Salary,2154,bad
4,2023-06-05,Debit,UPI_Lending_App,434,bad
4,2023-06-11,Debit,UPI_Lending_App,295,bad
4,2023-06-22,Debit,Discretionary,98,bad
5,2023-01-01,Credit,Salary,1967,good
5,2023-01-23,Debit,Discretionary,454,good
5,2023-01-31,Credit,Salary,2098,good
5,2023-02-24,Debit,Discretionary,512,good
5,2023-03-02,Credit,Salary,2113,good
5,2023-03-27,Debit,Discretionary,539,good
5,2023-04-01,Credit,Salary,2076,good
5,2023-04-22,Debit,Discretionary,545,good
5,2023-05-01,Credit,Salary,1808,good
5,2023-05-08,Debit,Discretionary,502,good
5,2023-05-31,Credit,Salary,1935,good
5,2023-06-17,Debit,Discretionary,496,good
6,2023-01-01,Credit,Salary,2028,good
6,2023-01-26,Debit,Discretionary,473,good
6,2023-01-31,Credit,Salary,2028,good
6,2023-02-21,Debit,Discretionary,526,good
6,2023-03-02,Credit,Salary,2181,good
6,2023-03-07,Debit,Discretionary,457,good
6,2023-04-01,Credit,Salary,2021,good
6,2023-04-06,Debit,UPI_Lending_App,308,good
6,2023-04-25,Debit,Discretionary,496,good
6,2023-05-01,Credit,Salary,2078,good
6,2023-05-08,Debit,Discretionary,482,good
6,2023-05-31,Credit,Salary,1969,good
6,2023-06-13,Debit,Discretionary,497,good
6,2023-06-20,Debit,UPI_Lending_App,300,good
7,2023-01-01,Credit,Salary,1894,good
7,2023-01-24,Debit,Discretionary,486,good
7,2023-01-31,Credit,Salary,2122,good
7,2023-02-10,Debit,Discretionary,535,good
7,2023-03-02,Credit,Salary,1999,good
7,2023-03-16,Debit,Discretionary,548,good
7,2023-03-26,Debit,UPI_Lending_App,78,good
7,2023-04-01,Credit,Salary,1946,good
7,2023-04-11,Debit,Discretionary,506,good
7,2023-05-01,Credit,Salary,2098,good
7,2023-05-13,Debit,Discretionary,493,good
7,2023-05-31,Credit,Salary,2123,good
7,2023-06-17,Debit,Discretionary,539,good
8,2023-01-01,Credit,Salary,2084,good
8,2023-01-07,Debit,Discretionary,511,good
8,2023-01-31,Credit,Salary,1884,good
8,2023-02-25,Debit,Discretionary,550,good
8,2023-03-02,Credit,Salary,2033,good
8,2023-03-16,Debit,Discretionary,463,good
8,2023-04-01,Credit,Salary,1946,good
8,2023-04-26,Debit,Discretionary,548,good
8,2023-05-01,Credit,Salary,2181,good
8,2023-05-18,Debit,Discretionary,455,good
8,2023-05-31,Credit,Salary,2058,good
8,2023-06-23,Debit,Discretionary,459,good
9,2023-01-01,Credit,Salary,1953,bad
9,2023-01-04,Debit,UPI_Lending_App,375,bad
9,2023-01-08,Debit,UPI_Lending_App,475,bad
9,2023-01-10,Debit,UPI_Lending_App,281,bad
9,2023-01-16,Debit,UPI_Lending_App,443,bad
9,2023-01-23,Debit,Discretionary,544,bad
9,2023-01-24,Debit,UPI_Lending_App,98,bad
9,2023-01-31,Credit,Salary,1898,bad
9,2023-02-04,Debit,UPI_Lending_App,238,bad
9,2023-02-19,Debit,Discretionary,494,bad
9,2023-03-02,Credit,Salary,1925,bad
9,2023-03-14,Debit,Discretionary,550,bad
9,2023-03-26,Debit,UPI_Lending_App,96,bad
9,2023-04-01,Credit,Salary,1855,bad
9,2023-04-02,Debit,UPI_Lending_App,354,bad
9,2023-04-08,Debit,Discretionary,455,bad
9,2023-04-23,Debit,UPI_Lending_App,409,bad
9,2023-05-04,Debit,UPI_Lending_App,96,bad
9,2023-05-05,Credit,Salary,1918,bad
9,2023-05-08,Debit,UPI_Lending_App,125,bad
9,2023-05-23,Debit,Discretionary,126,bad
9,2023-05-25,Debit,UPI_Lending_App,411,bad
9,2023-06-06,Debit,Discretionary,143,bad
9,2023-06-07,Credit,Salary,2190,bad
9,2023-06-07,Debit,UPI_Lending_App,336,bad
9,2023-06-10,Debit,UPI_Lending_App,298,bad
9,2023-06-20,Debit,UPI_Lending_App,265,bad
9,2023-06-25,Debit,UPI_Lending_App,186,bad
10,2023-01-01,Credit,Salary,2002,bad
10,2023-01-03,Debit,UPI_Lending_App,470,bad
10,2023-01-08,Debit,UPI_Lending_App,383,bad
10,2023-01-13,Debit,Discretionary,470,bad
10,2023-01-21,Debit,UPI_Lending_App,238,bad
10,2023-01-31,Credit,Salary,1987,bad
10,2023-02-11,Debit,UPI_Lending_App,335,bad
10,2023-02-18,Debit,Discretionary,460,bad
10,2023-02-23,Debit,UPI_Lending_App,99,bad
10,2023-02-26,Debit,UPI_Lending_App,316,bad
10,2023-02-26,Debit,UPI_Lending_App,492,bad
10,2023-03-02,Credit,Salary,1912,bad
10,2023-03-05,Debit,UPI_Lending_App,479,bad
10,2023-03-13,Debit,Discretionary,487,bad
10,2023-03-19,Debit,UPI_Lending_App,145,bad
10,2023-04-01,Credit,Salary,2095,bad
10,2023-04-09,Debit,UPI_Lending_App,343,bad
10,2023-04-10,Debit,UPI_Lending_App,401,bad
10,2023-04-12,Debit,UPI_Lending_App,210,bad
10,2023-04-15,Debit,UPI_Lending_App,380,bad
10,2023-04-22,Debit,Discretionary,529,bad
10,2023-04-23,Debit,UPI_Lending_App,215,bad
10,2023-05-01,Credit,Salary,1955,bad
10,2023-05-06,Debit,UPI_Lending_App,214,bad
10,2023-05-20,Debit,UPI_Lending_App,403,bad
10,2023-05-20,Debit,Discretionary,139,bad
10,2023-05-23,Debit,UPI_Lending_App,500,bad
10,2023-05-28,Debit,UPI_Lending_App,77,bad
10,2023-05-31,Credit,Salary,1814,bad
10,2023-06-05,Debit,Discretionary,95,bad
10,2023-06-10,Debit,UPI_Lending_App,421,bad
10,2023-06-15,Debit,UPI_Lending_App,277,bad
10,2023-06-26,Debit,UPI_Lending_App,436,bad
10,2023-06-28,Debit,UPI_Lending_App,434,bad
11,2023-01-01,Credit,Salary,2043,bad
11,2023-01-06,Debit,UPI_Lending_App,475,bad
11,2023-01-13,Debit,UPI_Lending_App,363,bad
11,2023-01-21,Debit,Discretionary,528,bad
11,2023-01-31,Credit,Salary,2109,bad
11,2023-02-02,Debit,UPI_Lending_App,54,bad
11,2023-02-24,Debit,Discretionary,488,bad
11,2023-03-02,Credit,Salary,2079,bad
11,2023-03-07,Debit,Discretionary,548,bad
11,2023-03-26,Debit,UPI_Lending_App,434,bad
11,2023-03-27,Debit,UPI_Lending_App,303,bad
11,2023-03-29,Debit,UPI_Lending_App,496,bad
11,2023-03-30,Debit,UPI_Lending_App,50,bad
11,2023-04-01,Credit,Salary,2091,bad
11,2023-04-11,Debit,Discretionary,457,bad
11,2023-04-12,Debit,UPI_Lending_App,461,bad
11,2023-04-18,Debit,UPI_Lending_App,187,bad
11,2023-04-20,Debit,UPI_Lending_App,273,bad
11,2023-05-04,Credit,Salary,2017,bad
11,2023-05-05,Debit,UPI_Lending_App,419,bad
11,2023-05-10,Debit,UPI_Lending_App,158,bad
11,2023-05-16,Debit,UPI_Lending_App,131,bad
11,2023-05-18,Debit,Discretionary,72,bad
11,2023-05-27,Debit,UPI_Lending_App,327,bad
11,2023-06-03,Credit,Salary,1810,bad
11,2023-06-04,Debit,UPI_Lending_App,422,bad
11,2023-06-24,Debit,Discretionary,86,bad
11,2023-06-26,Debit,UPI_Lending_App,461,bad
11,2023-06-28,Debit,UPI_Lending_App,222,bad
12,2023-01-01,Credit,Salary,2051,good
12,2023-01-09,Debit,Discretionary,472,good
12,2023-01-31,Credit,Salary,1958,good
12,2023-02-18,Debit,Discretionary,503,good
12,2023-03-02,Credit,Salary,1906,good
12,2023-03-25,Debit,Discretionary,546,good
12,2023-04-01,Credit,Salary,1825,good
12,2023-04-10,Debit,Discretionary,490,good
12,2023-05-01,Credit,Salary,2066,good
12,2023-05-11,Debit,Discretionary,515,good
12,2023-05-31,Credit,Salary,1869,good
12,2023-06-10,Debit,Discretionary,511,good
13,2023-01-01,Credit,Salary,1863,bad
13,2023-01-03,Debit,UPI_Lending_App,220,bad
13,2023-01-05,Debit,UPI_Lending_App,389,bad
13,2023-01-10,Debit,Discretionary,535,bad
13,2023-01-20,Debit,UPI_Lending_App,118,bad
13,2023-01-21,Debit,UPI_Lending_App,162,bad
13,2023-01-31,Credit,Salary,1893,bad
13,2023-02-01,Debit,UPI_Lending_App,347,bad
13,2023-02-11,Debit,Discretionary,505,bad
13,2023-02-25,Debit,UPI_Lending_App,92,bad
13,2023-02-28,Debit,UPI_Lending_App,155,bad
13,2023-03-02,Credit,Salary,1806,bad
13,2023-03-13,Debit,UPI_Lending_App,96,bad
13,2023-03-16,Debit,Discretionary,494,bad
13,2023-04-01,Credit,Salary,1941,bad
13,2023-04-10,Debit,UPI_Lending_App,436,bad
13,2023-04-18,Debit,Discretionary,452,bad
13,2023-04-19,Debit,UPI_Lending_App,153,bad
13,2023-04-27,Debit,UPI_Lending_App,220,bad
13,2023-05-05,Credit,Salary,2121,bad
13,2023-05-07,Debit,Discretionary,67,bad
13,2023-05-22,Debit,UPI_Lending_App,62,bad
13,2023-05-28,Debit,UPI_Lending_App,301,bad
13,2023-05-31,Credit,Salary,1850,bad
13,2023-06-14,Debit,UPI_Lending_App,190,bad
13,2023-06-17,Debit,Discretionary,101,bad
13,2023-06-23,Debit,UPI_Lending_App,351,bad
14,2023-01-01,Credit,Salary,1928,good
14,2023-01-07,Debit,Discretionary,539,good
14,2023-01-31,Credit,Salary,2196,good
14,2023-02-17,Debit,Discretionary,535,good
14,2023-03-02,Credit,Salary,1818,good
14,2023-03-14,Debit,Discretionary,455,good
14,2023-04-01,Credit,Salary,2151,good
14,2023-04-09,Debit,Discretionary,463,good
14,2023-05-01,Credit,Salary,1946,good
14,2023-05-10,Debit,Discretionary,482,good
14,2023-05-31,Credit,Salary,2069,good
14,2023-06-21,Debit,Discretionary,492,good
15,2023-01-01,Credit,Salary,2128,bad
15,2023-01-13,Debit,Discretionary,478,bad
15,2023-01-19,Debit,UPI_Lending_App,83,bad
15,2023-01-31,Credit,Salary,2029,bad
15,2023-02-07,Debit,UPI_Lending_App,326,bad
15,2023-02-11,Debit,Discretionary,476,bad
15,2023-03-02,Credit,Salary,1840,bad
15,2023-03-07,Debit,UPI_Lending_App,245,bad
15,2023-03-15,Debit,UPI_Lending_App,219,bad
15,2023-03-15,Debit,UPI_Lending_App,72,bad
15,2023-03-19,Debit,Discretionary,519,bad
15,2023-04-01,Credit,Salary,2158,bad
15,2023-04-13,Debit,UPI_Lending_App,260,bad
15,2023-04-18,Debit,Discretionary,526,bad
15,2023-04-22,Debit,UPI_Lending_App,409,bad
15,2023-05-01,Credit,Salary,2072,bad
15,2023-05-16,Debit,Discretionary,117,bad
15,2023-05-17,Debit,UPI_Lending_App,82,bad
15,2023-06-01,Debit,UPI_Lending_App,213,bad
15,2023-06-03,Credit,Salary,2185,bad
15,2023-06-08,Debit,UPI_Lending_App,367,bad
15,2023-06-12,Debit,UPI_Lending_App,261,bad
15,2023-06-14,Debit,UPI_Lending_App,187,bad
15,2023-06-15,Debit,UPI_Lending_App,289,bad
15,2023-06-25,Debit,Discretionary,139,bad
16,2023-01-01,Credit,Salary,1829,good
16,2023-01-17,Debit,Discretionary,456,good
16,2023-01-31,Credit,Salary,2192,good
16,2023-02-11,Debit,Discretionary,466,good
16,2023-03-02,Credit,Salary,2074,good
16,2023-03-07,Debit,UPI_Lending_App,180,good
16,2023-03-17,Debit,Discretionary,470,good
16,2023-04-01,Credit,Salary,1830,good
16,2023-04-09,Debit,Discretionary,471,good
16,2023-05-01,Credit,Salary,1976,good
16,2023-05-26,Debit,Discretionary,523,good
16,2023-05-31,Credit,Salary,2149,good
16,2023-06-16,Debit,Discretionary,456,good
17,2023-01-01,Credit,Salary,2087,good
17,2023-01-16,Debit,Discretionary,547,good
17,2023-01-31,Credit,Salary,2105,good
17,2023-02-11,Debit,Discretionary,502,good
17,2023-03-02,Credit,Salary,2015,good
17,2023-03-07,Debit,Discretionary,458,good
17,2023-04-01,Credit,Salary,1843,good
17,2023-04-09,Debit,Discretionary,512,good
17,2023-05-01,Credit,Salary,1835,good
17,2023-05-24,Debit,Discretionary,468,good
17,2023-05-31,Credit,Salary,2166,good
17,2023-06-25,Debit,Discretionary,501,good
18,2023-01-01,Credit,Salary,2186,bad
18,2023-01-04,Debit,UPI_Lending_App,230,bad
18,2023-01-05,Debit,UPI_Lending_App,241,bad
18,2023-01-05,Debit,UPI_Lending_App,180,bad
18,2023-01-10,Debit,UPI_Lending_App,80,bad
18,2023-01-18,Debit,Discretionary,477,bad
18,2023-01-31,Credit,Salary,1890,bad
18,2023-02-06,Debit,Discretionary,522,bad
18,2023-02-09,Debit,UPI_Lending_App,216,bad
18,2023-02-11,Debit,UPI_Lending_App,249,bad
18,2023-02-15,Debit,UPI_Lending_App,95,bad
18,2023-02-25,Debit,UPI_Lending_App,306,bad
18,2023-02-25,Debit,UPI_Lending_App,326,bad
18,2023-03-02,Credit,Salary,1843,bad
18,2023-03-13,Debit,UPI_Lending_App,326,bad
18,2023-03-22,Debit,Discretionary,467,bad
18,2023-04-01,Credit,Salary,1984,bad
18,2023-04-02,Debit,UPI_Lending_App,216,bad
18,2023-04-15,Debit,Discretionary,535,bad
18,2023-04-24,Debit,UPI_Lending_App,269,bad
18,2023-04-24,Debit,UPI_Lending_App,353,bad
18,2023-05-07,Credit,Salary,1985,bad
18,2023-05-08,Debit,Discretionary,70,bad
18,2023-05-25,Debit,UPI_Lending_App,280,bad
18,2023-05-28,Debit,UPI_Lending_App,344,bad
18,2023-06-03,Debit,UPI_Lending_App,378,bad
18,2023-06-05,Credit,Salary,1968,bad
18,2023-06-14,Debit,UPI_Lending_App,286,bad
18,2023-06-17,Debit,UPI_Lending_App,175,bad
18,2023-06-19,Debit,UPI_Lending_App,265,bad
18,2023-06-22,Debit,Discretionary,148,bad
18,2023-06-25,Debit,UPI_Lending_App,359,bad
19,2023-01-01,Credit,Salary,2044,good
19,2023-01-10,Debit,Discretionary,498,good
19,2023-01-31,Credit,Salary,2148,good
19,2023-02-25,Debit,Discretionary,543,good
19,2023-03-02,Credit,Salary,2010,good
19,2023-03-07,Debit,UPI_Lending_App,307,good
19,2023-03-22,Debit,Discretionary,539,good
19,2023-04-01,Credit,Salary,2046,good
19,2023-04-09,Debit,Discretionary,472,good
19,2023-05-01,Credit,Salary,2088,good
19,2023-05-25,Debit,Discretionary,524,good
19,2023-05-31,Credit,Salary,2199,good
19,2023-06-12,Debit,Discretionary,508,good
20,2023-01-01,Credit,Salary,2073,good
20,2023-01-06,Debit,Discretionary,481,good
20,2023-01-31,Credit,Salary,1974,good
20,2023-02-10,Debit,Discretionary,487,good
20,2023-03-02,Credit,Salary,1915,good
20,2023-03-25,Debit,Discretionary,456,good
20,2023-04-01,Credit,Salary,2138,good
20,2023-04-10,Debit,Discretionary,525,good
20,2023-05-01,Credit,Salary,1841,good
20,2023-05-12,Debit,UPI_Lending_App,99,good
20,2023-05-15,Debit,Discretionary,462,good
20,2023-05-31,Credit,Salary,2084,good
20,2023-06-06,Debit,Discretionary,550,good
21,2023-01-01,Credit,Salary,2027,good
21,2023-01-10,Debit,Discretionary,531,good
21,2023-01-31,Credit,Salary,2098,good
21,2023-02-21,Debit,Discretionary,527,good
21,2023-03-02,Credit,Salary,1960,good
21,2023-03-24,Debit,UPI_Lending_App,389,good
21,2023-03-24,Debit,Discretionary,514,good
21,2023-04-01,Credit,Salary,2165,good
21,2023-04-14,Debit,Discretionary,466,good
21,2023-05-01,Credit,Salary,1878,good
21,2023-05-14,Debit,Discretionary,510,good
21,2023-05-31,Credit,Salary,1970,good
21,2023-06-18,Debit,Discretionary,475,good
22,2023-01-01,Credit,Salary,1833,good
22,2023-01-06,Debit,Discretionary,463,good
22,2023-01-31,Credit,Salary,2031,good
22,2023-02-13,Debit,Discretionary,523,good
22,2023-03-02,Credit,Salary,2163,good
22,2023-03-13,Debit,Discretionary,476,good
22,2023-04-01,Credit,Salary,1850,good
22,2023-04-16,Debit,Discretionary,499,good
22,2023-05-01,Credit,Salary,1853,good
22,2023-05-13,Debit,Discretionary,543,good
22,2023-05-31,Credit,Salary,2183,good
22,2023-06-06,Debit,Discretionary,484,good
23,2023-01-01,Credit,Salary,2151,good
23,2023-01-11,Debit,Discretionary,505,good
23,2023-01-15,Debit,UPI_Lending_App,159,good
23,2023-01-31,Credit,Salary,1960,good
23,2023-02-20,Debit,Discretionary,505,good
23,2023-03-02,Credit,Salary,1830,good
23,2023-03-12,Debit,Discretionary,471,good
23,2023-04-01,Credit,Salary,2113,good
23,2023-04-19,Debit,Discretionary,483,good
23,2023-05-01,Credit,Salary,1988,good
23,2023-05-17,Debit,Discretionary,455,good
23,2023-05-31,Credit,Salary,2122,good
23,2023-06-21,Debit,Discretionary,524,good
24,2023-01-01,Credit,Salary,2097,good
24,2023-01-26,Debit,Discretionary,497,good
24,2023-01-31,Credit,Salary,1893,good
24,2023-02-25,Debit,Discretionary,538,good
24,2023-03-02,Credit,Salary,2008,good
24,2023-03-27,Debit,Discretionary,516,good
24,2023-04-01,Credit,Salary,1914,good
24,2023-04-16,Debit,Discretionary,472,good
24,2023-05-01,Credit,Salary,1934,good
24,2023-05-11,Debit,Discretionary,547,good
24,2023-05-31,Credit,Salary,1963,good
24,2023-06-25,Debit,Discretionary,511,good
24,2023-06-26,Debit,UPI_Lending_App,85,good
25,2023-01-01,Credit,Salary,2171,good
25,2023-01-26,Debit,Discretionary,500,good
25,2023-01-31,Credit,Salary,1862,good
25,2023-02-19,Debit,Discretionary,503,good
25,2023-03-02,Credit,Salary,2021,good
25,2023-03-23,Debit,Discretionary,511,good
25,2023-04-01,Credit,Salary,2093,good
25,2023-04-06,Debit,Discretionary,460,good
25,2023-05-01,Credit,Salary,1869,good
25,2023-05-25,Debit,Discretionary,542,good
25,2023-05-31,Credit,Salary,1981,good
25,2023-06-23,Debit,Discretionary,498,good
26,2023-01-01,Credit,Salary,1891,good
26,2023-01-17,Debit,Discretionary,514,good
26,2023-01-31,Credit,Salary,1851,good
26,2023-02-18,Debit,Discretionary,541,good
26,2023-03-02,Credit,Salary,2167,good
26,2023-03-27,Debit,Discretionary,493,good
26,2023-04-01,Credit,Salary,2034,good
26,2023-04-19,Debit,Discretionary,519,good
26,2023-05-01,Credit,Salary,1863,good
26,2023-05-23,Debit,Discretionary,497,good
26,2023-05-31,Credit,Salary,2032,good
26,2023-06-10,Debit,Discretionary,509,good
27,2023-01-01,Credit,Salary,2097,good
27,2023-01-14,Debit,Discretionary,512,good
27,2023-01-31,Credit,Salary,2053,good
27,2023-02-05,Debit,Discretionary,483,good
27,2023-03-02,Credit,Salary,1866,good
27,2023-03-08,Debit,Discretionary,508,good
27,2023-04-01,Credit,Salary,2033,good
27,2023-04-22,Debit,Discretionary,535,good
27,2023-05-01,Credit,Salary,1866,good
27,2023-05-21,Debit,Discretionary,463,good
27,2023-05-31,Credit,Salary,1805,good
27,2023-06-18,Debit,Discretionary,465,good
28,2023-01-01,Credit,Salary,1868,good
28,2023-01-09,Debit,Discretionary,479,good
28,2023-01-31,Credit,Salary,2190,good
28,2023-02-14,Debit,Discretionary,506,good
28,2023-03-02,Credit,Salary,1847,good
28,2023-03-23,Debit,UPI_Lending_App,68,good
28,2023-03-27,Debit,Discretionary,453,good
28,2023-04-01,Credit,Salary,1846,good
28,2023-04-18,Debit,Discretionary,522,good
28,2023-05-01,Credit,Salary,1851,good
28,2023-05-17,Debit,Discretionary,507,good
28,2023-05-31,Credit,Salary,1912,good
28,2023-06-16,Debit,Discretionary,523,good
29,2023-01-01,Credit,Salary,2015,bad
29,2023-01-06,Debit,UPI_Lending_App,200,bad
29,2023-01-13,Debit,UPI_Lending_App,97,bad
29,2023-01-14,Debit,Discretionary,498,bad
29,2023-01-17,Debit,UPI_Lending_App,399,bad
29,2023-01-31,Credit,Salary,1862,bad
29,2023-02-11,Debit,UPI_Lending_App,435,bad
29,2023-02-17,Debit,UPI_Lending_App,351,bad
29,2023-02-19,Debit,Discretionary,483,bad
29,2023-02-26,Debit,UPI_Lending_App,337,bad
29,2023-03-02,Credit,Salary,1947,bad
29,2023-03-12,Debit,Discretionary,459,bad
29,2023-03-14,Debit,UPI_Lending_App,83,bad
29,2023-03-15,Debit,UPI_Lending_App,213,bad
29,2023-03-16,Debit,UPI_Lending_App,162,bad
29,2023-03-25,Debit,UPI_Lending_App,476,bad
29,2023-04-01,Credit,Salary,2096,bad
29,2023-04-15,Debit,UPI_Lending_App,108,bad
29,2023-04-20,Debit,Discretionary,473,bad
29,2023-05-02,Debit,UPI_Lending_App,313,bad
29,2023-05-06,Debit,Discretionary,118,bad
29,2023-05-07,Credit,Salary,2049,bad
29,2023-05-09,Debit,UPI_Lending_App,308,bad
29,2023-05-13,Debit,UPI_Lending_App,101,bad
29,2023-05-15,Debit,UPI_Lending_App,309,bad
29,2023-05-23,Debit,UPI_Lending_App,65,bad
29,2023-05-31,Credit,Salary,1945,bad
29,2023-06-09,Debit,Discretionary,114,bad
29,2023-06-13,Debit,UPI_Lending_App,97,bad
30,2023-01-01,Credit,Salary,1816,good
30,2023-01-13,Debit,Discretionary,521,good
30,2023-01-20,Debit,UPI_Lending_App,324,good
30,2023-01-31,Credit,Salary,2132,good
30,2023-02-08,Debit,Discretionary,481,good
30,2023-03-02,Credit,Salary,1978,good
30,2023-03-20,Debit,Discretionary,470,good
30,2023-04-01,Credit,Salary,2146,good
30,2023-04-25,Debit,Discretionary,510,good
30,2023-05-01,Credit,Salary,2200,good
30,2023-05-24,Debit,Discretionary,541,good
30,2023-05-31,Credit,Salary,1824,good
30,2023-06-23,Debit,Discretionary,485,good
31,2023-01-01,Credit,Salary,1869,good
31,2023-01-22,Debit,UPI_Lending_App,463,good
31,2023-01-25,Debit,Discretionary,476,good
31,2023-01-31,Credit,Salary,1905,good
31,2023-02-20,Debit,Discretionary,450,good
31,2023-03-02,Credit,Salary,2129,good
31,2023-03-23,Debit,Discretionary,516,good
31,2023-04-01,Credit,Salary,2156,good
31,2023-04-22,Debit,Discretionary,456,good
31,2023-05-01,Credit,Salary,1927,good
31,2023-05-25,Debit,Discretionary,452,good
31,2023-05-31,Credit,Salary,1938,good
31,2023-06-20,Debit,Discretionary,461,good
32,2023-01-01,Credit,Salary,1946,good
32,2023-01-19,Debit,Discretionary,465,good
32,2023-01-31,Credit,Salary,2115,good
32,2023-02-24,Debit,Discretionary,484,good
32,2023-03-02,Credit,Salary,2079,good
32,2023-03-16,Debit,Discretionary,533,good
32,2023-04-01,Credit,Salary,1928,good
32,2023-04-08,Debit,Discretionary,528,good
32,2023-05-01,Credit,Salary,2158,good
32,2023-05-22,Debit,Discretionary,482,good
32,2023-05-31,Credit,Salary,1988,good
32,2023-06-22,Debit,Discretionary,470,good
33,2023-01-01,Credit,Salary,1958,good
33,2023-01-07,Debit,Discretionary,487,good
33,2023-01-31,Credit,Salary,1880,good
33,2023-02-23,Debit,Discretionary,485,good
33,2023-03-02,Credit,Salary,1999,good
33,2023-03-26,Debit,Discretionary,483,good
33,2023-04-01,Credit,Salary,1967,good
33,2023-04-06,Debit,Discretionary,494,good
33,2023-05-01,Credit,Salary,2115,good
33,2023-05-24,Debit,Discretionary,542,good
33,2023-05-31,Credit,Salary,1929,good
33,2023-06-25,Debit,Discretionary,510,good
34,2023-01-01,Credit,Salary,1801,good
34,2023-01-25,Debit,Discretionary,456,good
34,2023-01-31,Credit,Salary,2118,good
34,2023-02-13,Debit,Discretionary,454,good
34,2023-03-02,Credit,Salary,2101,good
34,2023-03-11,Debit,Discretionary,534,good
34,2023-03-15,Debit,UPI_Lending_App,132,good
34,2023-04-01,Credit,Salary,2136,good
34,2023-04-15,Debit,UPI_Lending_App,360,good
34,2023-04-24,Debit,Discretionary,454,good
34,2023-05-01,Credit,Salary,2090,good
34,2023-05-18,Debit,Discretionary,549,good
34,2023-05-31,Credit,Salary,2082,good
34,2023-06-16,Debit,UPI_Lending_App,289,good
34,2023-06-19,Debit,Discretionary,486,good
35,2023-01-01,Credit,Salary,1968,bad
35,2023-01-09,Debit,Discretionary,548,bad
35,2023-01-16,Debit,UPI_Lending_App,432,bad
35,2023-01-18,Debit,UPI_Lending_App,457,bad
35,2023-01-19,Debit,UPI_Lending_App,317,bad
35,2023-01-31,Credit,Salary,1933,bad
35,2023-02-08,Debit,UPI_Lending_App,165,bad
35,2023-02-10,Debit,UPI_Lending_App,132,bad
35,2023-02-10,Debit,UPI_Lending_App,363,bad
35,2023-02-13,Debit,UPI_Lending_App,260,bad
35,2023-02-16,Debit,Discretionary,512,bad
35,2023-02-18,Debit,UPI_Lending_App,290,bad
35,2023-03-02,Credit,Salary,1830,bad
35,2023-03-07,Debit,Discretionary,503,bad
35,2023-03-19,Debit,UPI_Lending_App,140,bad
35,2023-03-26,Debit,UPI_Lending_App,179,bad
35,2023-03-28,Debit,UPI_Lending_App,276,bad
35,2023-03-29,Debit,UPI_Lending_App,332,bad
35,2023-04-01,Credit,Salary,2008,bad
35,2023-04-10,Debit,Discretionary,454,bad
35,2023-04-24,Debit,UPI_Lending_App,215,bad
35,2023-05-02,Debit,UPI_Lending_App,429,bad
35,2023-05-06,Credit,Salary,2197,bad
35,2023-05-21,Debit,UPI_Lending_App,122,bad
35,2023-05-25,Debit,Discretionary,148,bad
35,2023-06-03,Credit,Salary,2028,bad
35,2023-06-06,Debit,UPI_Lending_App,314,bad
35,2023-06-08,Debit,UPI_Lending_App,415,bad
35,2023-06-10,Debit,Discretionary,128,bad
35,2023-06-12,Debit,UPI_Lending_App,289,bad
35,2023-06-18,Debit,UPI_Lending_App,183,bad
35,2023-06-23,Debit,UPI_Lending_App,237,bad
36,2023-01-01,Credit,Salary,2136,good
36,2023-01-13,Debit,Discretionary,480,good
36,2023-01-31,Credit,Salary,1996,good
36,2023-02-18,Debit,Discretionary,473,good
36,2023-03-02,Credit,Salary,1873,good
36,2023-03-07,Debit,Discretionary,503,good
36,2023-04-01,Credit,Salary,1867,good
36,2023-04-09,Debit,Discretionary,488,good
36,2023-05-01,Credit,Salary,2107,good
36,2023-05-13,Debit,Discretionary,507,good
36,2023-05-31,Credit,Salary,2011,good
36,2023-06-08,Debit,Discretionary,488,good
37,2023-01-01,Credit,Salary,2063,bad
37,2023-01-08,Debit,UPI_Lending_App,163,bad
37,2023-01-09,Debit,UPI_Lending_App,443,bad
37,2023-01-16,Debit,UPI_Lending_App,325,bad
37,2023-01-18,Debit,UPI_Lending_App,400,bad
37,2023-01-21,Debit,UPI_Lending_App,187,bad
37,2023-01-24,Debit,Discretionary,503,bad
37,2023-01-31,Credit,Salary,2164,bad
37,2023-02-04,Debit,UPI_Lending_App,218,bad
37,2023-02-04,Debit,UPI_Lending_App,413,bad
37,2023-02-11,Debit,UPI_Lending_App,202,bad
37,2023-02-12,Debit,Discretionary,456,bad
37,2023-02-17,Debit,UPI_Lending_App,499,bad
37,2023-02-18,Debit,UPI_Lending_App,493,bad
37,2023-03-02,Credit,Salary,1976,bad
37,2023-03-21,Debit,Discretionary,511,bad
37,2023-03-22,Debit,UPI_Lending_App,333,bad
37,2023-03-30,Debit,UPI_Lending_App,86,bad
37,2023-04-01,Credit,Salary,1920,bad
37,2023-04-10,Debit,UPI_Lending_App,333,bad
37,2023-04-11,Debit,UPI_Lending_App,91,bad
37,2023-04-11,Debit,Discretionary,495,bad
37,2023-04-12,Debit,UPI_Lending_App,421,bad
37,2023-04-15,Debit,UPI_Lending_App,147,bad
37,2023-04-28,Debit,UPI_Lending_App,332,bad
37,2023-05-01,Credit,Salary,2199,bad
37,2023-05-09,Debit,UPI_Lending_App,265,bad
37,2023-05-18,Debit,UPI_Lending_App,490,bad
37,2023-05-23,Debit,Discretionary,145,bad
37,2023-05-31,Credit,Salary,1836,bad
37,2023-06-05,Debit,UPI_Lending_App,206,bad
37,2023-06-13,Debit,UPI_Lending_App,374,bad
37,2023-06-24,Debit,Discretionary,115,bad
38,2023-01-01,Credit,Salary,1841,good
38,2023-01-15,Debit,Discretionary,476,good
38,2023-01-31,Credit,Salary,1925,good
38,2023-02-05,Debit,Discretionary,491,good
38,2023-03-02,Credit,Salary,2073,good
38,2023-03-24,Debit,Discretionary,502,good
38,2023-04-01,Credit,Salary,2050,good
38,2023-04-14,Debit,Discretionary,522,good
38,2023-05-01,Credit,Salary,1961,good
38,2023-05-26,Debit,Discretionary,474,good
38,2023-05-31,Credit,Salary,2170,good
38,2023-06-11,Debit,UPI_Lending_App,191,good
38,2023-06-14,Debit,Discretionary,500,good
39,2023-01-01,Credit,Salary,1883,good
39,2023-01-07,Debit,Discretionary,509,good
39,2023-01-31,Credit,Salary,2009,good
39,2023-02-05,Debit,Discretionary,497,good
39,2023-03-02,Credit,Salary,2075,good
39,2023-03-25,Debit,Discretionary,470,good
39,2023-04-01,Credit,Salary,1803,good
39,2023-04-20,Debit,Discretionary,518,good
39,2023-05-01,Credit,Salary,1961,good
39,2023-05-26,Debit,Discretionary,531,good
39,2023-05-31,Credit,Salary,2103,good
39,2023-06-18,Debit,Discretionary,490,good
40,2023-01-01,Credit,Salary,1936,good
40,2023-01-10,Debit,Discretionary,515,good
40,2023-01-31,Credit,Salary,1936,good
40,2023-02-06,Debit,Discretionary,497,good
40,2023-03-02,Credit,Salary,2143,good
40,2023-03-20,Debit,Discretionary,480,good
40,2023-04-01,Credit,Salary,1912,good
40,2023-04-09,Debit,Discretionary,518,good
40,2023-04-29,Debit,UPI_Lending_App,339,good
40,2023-05-01,Credit,Salary,2075,good
40,2023-05-23,Debit,Discretionary,454,good
40,2023-05-31,Credit,Salary,1803,good
40,2023-06-14,Debit,Discretionary,519,good
41,2023-01-01,Credit,Salary,2038,good
41,2023-01-18,Debit,Discretionary,474,good
41,2023-01-31,Credit,Salary,1922,good
41,2023-02-18,Debit,Discretionary,504,good
41,2023-03-02,Credit,Salary,1884,good
41,2023-03-13,Debit,Discretionary,513,good
41,2023-04-01,Credit,Salary,2132,good
41,2023-04-11,Debit,Discretionary,477,good
41,2023-05-01,Credit,Salary,2056,good
41,2023-05-14,Debit,Discretionary,538,good
41,2023-05-31,Credit,Salary,1886,good
41,2023-06-06,Debit,Discretionary,542,good
42,2023-01-01,Credit,Salary,2043,good
42,2023-01-17,Debit,Discretionary,509,good
42,2023-01-31,Credit,Salary,1943,good
42,2023-02-16,Debit,Discretionary,502,good
42,2023-03-02,Credit,Salary,1835,good
42,2023-03-08,Debit,Discretionary,463,good
42,2023-03-10,Debit,UPI_Lending_App,283,good
42,2023-04-01,Credit,Salary,2140,good
42,2023-04-11,Debit,Discretionary,511,good
42,2023-05-01,Credit,Salary,2134,good
42,2023-05-15,Debit,Discretionary,505,good
42,2023-05-31,Credit,Salary,1882,good
42,2023-06-11,Debit,Discretionary,465,good
43,2023-01-01,Credit,Salary,2114,good
43,2023-01-09,Debit,Discretionary,487,good
43,2023-01-31,Credit,Salary,2110,good
43,2023-02-21,Debit,Discretionary,454,good
43,2023-03-02,Credit,Salary,1971,good
43,2023-03-14,Debit,Discretionary,458,good
43,2023-04-01,Credit,Salary,2102,good
43,2023-04-22,Debit,Discretionary,529,good
43,2023-05-01,Credit,Salary,2032,good
43,2023-05-19,Debit,Discretionary,545,good
43,2023-05-31,Credit,Salary,2041,good
43,2023-06-24,Debit,Discretionary,544,good
44,2023-01-01,Credit,Salary,2158,bad
44,2023-01-03,Debit,UPI_Lending_App,248,bad
44,2023-01-10,Debit,UPI_Lending_App,193,bad
44,2023-01-19,Debit,UPI_Lending_App,385,bad
44,2023-01-20,Debit,UPI_Lending_App,121,bad
44,2023-01-23,Debit,Discretionary,541,bad
44,2023-01-27,Debit,UPI_Lending_App,250,bad
44,2023-01-31,Credit,Salary,1877,bad
44,2023-02-02,Debit,UPI_Lending_App,125,bad
44,2023-02-17,Debit,Discretionary,542,bad
44,2023-02-24,Debit,UPI_Lending_App,172,bad
44,2023-02-27,Debit,UPI_Lending_App,467,bad
44,2023-03-02,Credit,Salary,1898,bad
44,2023-03-07,Debit,Discretionary,460,bad
44,2023-03-17,Debit,UPI_Lending_App,498,bad
44,2023-03-23,Debit,UPI_Lending_App,380,bad
44,2023-03-25,Debit,UPI_Lending_App,365,bad
44,2023-03-28,Debit,UPI_Lending_App,151,bad
44,2023-04-01,Credit,Salary,1829,bad
44,2023-04-06,Debit,UPI_Lending_App,138,bad
44,2023-04-14,Debit,Discretionary,507,bad
44,2023-04-20,Debit,UPI_Lending_App,491,bad
44,2023-04-20,Debit,UPI_Lending_App,147,bad
44,2023-04-23,Debit,UPI_Lending_App,478,bad
44,2023-04-25,Debit,UPI_Lending_App,192,bad
44,2023-05-07,Credit,Salary,2075,bad
44,2023-05-08,Debit,UPI_Lending_App,304,bad
44,2023-05-15,Debit,Discretionary,68,bad
44,2023-05-18,Debit,UPI_Lending_App,283,bad
44,2023-05-21,Debit,UPI_Lending_App,194,bad
44,2023-06-05,Credit,Salary,1972,bad
44,2023-06-07,Debit,UPI_Lending_App,83,bad
44,2023-06-16,Debit,UPI_Lending_App,146,bad
44,2023-06-16,Debit,Discretionary,71,bad
44,2023-06-19,Debit,UPI_Lending_App,160,bad
44,2023-06-26,Debit,UPI_Lending_App,463,bad
45,2023-01-01,Credit,Salary,1848,good
45,2023-01-08,Debit,Discretionary,546,good
45,2023-01-31,Credit,Salary,1962,good
45,2023-02-23,Debit,Discretionary,535,good
45,2023-03-02,Credit,Salary,2110,good
45,2023-03-18,Debit,Discretionary,493,good
45,2023-04-01,Credit,Salary,1857,good
45,2023-04-10,Debit,Discretionary,502,good
45,2023-05-01,Credit,Salary,1890,good
45,2023-05-20,Debit,Discretionary,511,good
45,2023-05-31,Credit,Salary,2096,good
45,2023-06-17,Debit,Discretionary,504,good
46,2023-01-01,Credit,Salary,1987,good
46,2023-01-20,Debit,Discretionary,454,good
46,2023-01-31,Credit,Salary,1957,good
46,2023-02-07,Debit,Discretionary,487,good
46,2023-02-14,Debit,UPI_Lending_App,192,good
46,2023-03-02,Credit,Salary,2058,good
46,2023-03-12,Debit,Discretionary,494,good
46,2023-04-01,Credit,Salary,1800,good
46,2023-04-18,Debit,Discretionary,509,good
46,2023-05-01,Credit,Salary,2018,good
46,2023-05-09,Debit,Discretionary,549,good
46,2023-05-31,Credit,Salary,2198,good
46,2023-06-05,Debit,Discretionary,472,good
47,2023-01-01,Credit,Salary,1810,good
47,2023-01-24,Debit,UPI_Lending_App,195,good
47,2023-01-26,Debit,Discretionary,493,good
47,2023-01-31,Credit,Salary,1913,good
47,2023-02-14,Debit,Discretionary,529,good
47,2023-03-02,Credit,Salary,1811,good
47,2023-03-14,Debit,Discretionary,503,good
47,2023-04-01,Credit,Salary,1817,good
47,2023-04-17,Debit,Discretionary,478,good
47,2023-05-01,Credit,Salary,2186,good
47,2023-05-19,Debit,Discretionary,482,good
47,2023-05-31,Credit,Salary,1837,good
47,2023-06-13,Debit,Discretionary,509,good
47,2023-06-27,Debit,UPI_Lending_App,444,good
48,2023-01-01,Credit,Salary,2161,good
48,2023-01-02,Debit,UPI_Lending_App,455,good
48,2023-01-07,Debit,Discretionary,543,good
48,2023-01-31,Credit,Salary,1900,good
48,2023-02-05,Debit,Discretionary,478,good
48,2023-03-02,Credit,Salary,1942,good
48,2023-03-23,Debit,Discretionary,476,good
48,2023-04-01,Credit,Salary,1993,good
48,2023-04-07,Debit,Discretionary,542,good
48,2023-05-01,Credit,Salary,2081,good
48,2023-05-20,Debit,UPI_Lending_App,332,good
48,2023-05-20,Debit,Discretionary,493,good
48,2023-05-31,Credit,Salary,1906,good
48,2023-06-09,Debit,Discretionary,466,good
48,2023-06-15,Debit,UPI_Lending_App,81,good
49,2023-01-01,Credit,Salary,1814,good
49,2023-01-15,Debit,Discretionary,466,good
49,2023-01-31,Credit,Salary,2145,good
49,2023-02-13,Debit,Discretionary,532,good
49,2023-03-02,Credit,Salary,2040,good
49,2023-03-22,Debit,Discretionary,491,good
49,2023-04-01,Credit,Salary,2003,good
49,2023-04-13,Debit,UPI_Lending_App,325,good
49,2023-04-19,Debit,Discretionary,480,good
49,2023-05-01,Credit,Salary,1968,good
49,2023-05-25,Debit,Discretionary,515,good
49,2023-05-31,Credit,Salary,1851,good
49,2023-06-05,Debit,Discretionary,503,good
50,2023-01-01,Credit,Salary,2097,good
50,2023-01-14,Debit,Discretionary,463,good
50,2023-01-31,Credit,Salary,2102,good
50,2023-02-16,Debit,Discretionary,509,good
50,2023-03-02,Credit,Salary,2104,good
50,2023-03-22,Debit,Discretionary,550,good
50,2023-04-01,Credit,Salary,2143,good
50,2023-04-25,Debit,Discretionary,546,good
50,2023-05-01,Credit,Salary,1870,good
50,2023-05-11,Debit,Discretionary,529,good
50,2023-05-31,Credit,Salary,2087,good
50,2023-06-10,Debit,Discretionary,501,good
51,2023-01-01,Credit,Salary,2128,good
51,2023-01-15,Debit,UPI_Lending_App,186,good
51,2023-01-26,Debit,Discretionary,478,good
51,2023-01-31,Credit,Salary,2106,good
51,2023-02-10,Debit,Discretionary,508,good
51,2023-03-02,Credit,Salary,1928,good
51,2023-03-13,Debit,Discretionary,550,good
51,2023-04-01,Credit,Salary,2044,good
51,2023-04-18,Debit,Discretionary,473,good
51,2023-05-01,Credit,Salary,2053,good
51,2023-05-18,Debit,Discretionary,550,good
51,2023-05-31,Credit,Salary,2108,good
51,2023-06-05,Debit,Discretionary,540,good
52,2023-01-01,Credit,Salary,2153,good
52,2023-01-19,Debit,Discretionary,533,good
52,2023-01-31,Credit,Salary,2132,good
52,2023-02-06,Debit,Discretionary,486,good
52,2023-03-02,Credit,Salary,2013,good
52,2023-03-13,Debit,Discretionary,512,good
52,2023-04-01,Credit,Salary,1939,good
52,2023-04-13,Debit,Discretionary,533,good
52,2023-05-01,Credit,Salary,1810,good
52,2023-05-18,Debit,Discretionary,514,good
52,2023-05-31,Credit,Salary,2078,good
52,2023-06-13,Debit,Discretionary,504,good
53,2023-01-01,Credit,Salary,2055,good
53,2023-01-12,Debit,Discretionary,476,good
53,2023-01-31,Credit,Salary,1951,good
53,2023-02-12,Debit,Discretionary,512,good
53,2023-03-02,Credit,Salary,2104,good
53,2023-03-20,Debit,Discretionary,453,good
53,2023-04-01,Credit,Salary,1852,good
53,2023-04-17,Debit,Discretionary,461,good
53,2023-05-01,Credit,Salary,2131,good
53,2023-05-13,Debit,Discretionary,519,good
53,2023-05-31,Credit,Salary,2063,good
53,2023-06-20,Debit,Discretionary,547,good
54,2023-01-01,Credit,Salary,2025,bad
54,2023-01-12,Debit,UPI_Lending_App,145,bad
54,2023-01-19,Debit,Discretionary,516,bad
54,2023-01-21,Debit,UPI_Lending_App,488,bad
54,2023-01-31,Credit,Salary,1889,bad
54,2023-02-10,Debit,Discretionary,514,bad
54,2023-02-26,Debit,UPI_Lending_App,238,bad
54,2023-03-02,Credit,Salary,2154,bad
54,2023-03-06,Debit,UPI_Lending_App,196,bad
54,2023-03-07,Debit,UPI_Lending_App,204,bad
54,2023-03-12,Debit,Discretionary,528,bad
54,2023-03-13,Debit,UPI_Lending_App,224,bad
54,2023-03-21,Debit,UPI_Lending_App,214,bad
54,2023-03-27,Debit,UPI_Lending_App,77,bad
54,2023-04-01,Credit,Salary,2193,bad
54,2023-04-07,Debit,UPI_Lending_App,491,bad
54,2023-04-08,Debit,UPI_Lending_App,175,bad
54,2023-04-16,Debit,Discretionary,532,bad
54,2023-05-01,Credit,Salary,2075,bad
54,2023-05-09,Debit,UPI_Lending_App,317,bad
54,2023-05-14,Debit,Discretionary,54,bad
54,2023-05-16,Debit,UPI_Lending_App,422,bad
54,2023-05-26,Debit,UPI_Lending_App,447,bad
54,2023-05-26,Debit,UPI_Lending_App,365,bad
54,2023-06-07,Credit,Salary,1951,bad
54,2023-06-17,Debit,Discretionary,102,bad
54,2023-06-19,Debit,UPI_Lending_App,251,bad
55,2023-01-01,Credit,Salary,1887,good
55,2023-01-08,Debit,Discretionary,531,good
55,2023-01-31,Credit,Salary,2176,good
55,2023-02-08,Debit,Discretionary,534,good
55,2023-03-02,Credit,Salary,1901,good
55,2023-03-22,Debit,Discretionary,514,good
55,2023-04-01,Credit,Salary,2044,good
55,2023-04-26,Debit,Discretionary,536,good
55,2023-05-01,Credit,Salary,2122,good
55,2023-05-19,Debit,Discretionary,510,good
55,2023-05-31,Credit,Salary,2107,good
55,2023-06-12,Debit,Discretionary,504,good
56,2023-01-01,Credit,Salary,2106,bad
56,2023-01-03,Debit,UPI_Lending_App,484,bad
56,2023-01-08,Debit,UPI_Lending_App,397,bad
56,2023-01-08,Debit,Discretionary,511,bad
56,2023-01-31,Credit,Salary,1949,bad
56,2023-02-08,Debit,UPI_Lending_App,148,bad
56,2023-02-10,Debit,UPI_Lending_App,303,bad
56,2023-02-20,Debit,Discretionary,488,bad
56,2023-03-02,Credit,Salary,1950,bad
56,2023-03-03,Debit,UPI_Lending_App,228,bad
56,2023-03-20,Debit,UPI_Lending_App,474,bad
56,2023-03-21,Debit,Discretionary,544,bad
56,2023-04-01,Credit,Salary,1872,bad
56,2023-04-07,Debit,UPI_Lending_App,393,bad
56,2023-04-11,Debit,Discretionary,483,bad
56,2023-04-18,Debit,UPI_Lending_App,123,bad
56,2023-04-21,Debit,UPI_Lending_App,189,bad
56,2023-04-24,Debit,UPI_Lending_App,463,bad
56,2023-04-28,Debit,UPI_Lending_App,295,bad
56,2023-05-01,Credit,Salary,2132,bad
56,2023-05-02,Debit,UPI_Lending_App,238,bad
56,2023-05-10,Debit,Discretionary,119,bad
56,2023-05-17,Debit,UPI_Lending_App,434,bad
56,2023-05-22,Debit,UPI_Lending_App,495,bad
56,2023-05-26,Debit,UPI_Lending_App,225,bad
56,2023-06-07,Credit,Salary,1994,bad
56,2023-06-16,Debit,Discretionary,122,bad
56,2023-06-23,Debit,UPI_Lending_App,71,bad
57,2023-01-01,Credit,Salary,1840,good
57,2023-01-08,Debit,Discretionary,541,good
57,2023-01-31,Credit,Salary,1961,good
57,2023-02-12,Debit,Discretionary,524,good
57,2023-03-02,Credit,Salary,1882,good
57,2023-03-09,Debit,Discretionary,457,good
57,2023-04-01,Credit,Salary,2141,good
57,2023-04-18,Debit,Discretionary,463,good
57,2023-05-01,Credit,Salary,2054,good
57,2023-05-21,Debit,Discretionary,538,good
57,2023-05-31,Credit,Salary,1915,good
57,2023-06-12,Debit,UPI_Lending_App,446,good
57,2023-06-20,Debit,Discretionary,484,good
58,2023-01-01,Credit,Salary,1980,good
58,2023-01-12,Debit,UPI_Lending_App,178,good
58,2023-01-17,Debit,Discretionary,533,good
58,2023-01-31,Credit,Salary,1901,good
58,2023-02-20,Debit,Discretionary,484,good
58,2023-03-02,Credit,Salary,2061,good
58,2023-03-17,Debit,Discretionary,451,good
58,2023-04-01,Credit,Salary,1834,good
58,2023-04-22,Debit,Discretionary,485,good
58,2023-05-01,Credit,Salary,1889,good
58,2023-05-06,Debit,Discretionary,499,good
58,2023-05-31,Credit,Salary,1985,good
58,2023-06-09,Debit,Discretionary,503,good
59,2023-01-01,Credit,Salary,1818,bad
59,2023-01-08,Debit,UPI_Lending_App,100,bad
59,2023-01-22,Debit,UPI_Lending_App,411,bad
59,2023-01-23,Debit,Discretionary,473,bad
59,2023-01-31,Credit,Salary,1994,bad
59,2023-02-14,Debit,UPI_Lending_App,158,bad
59,2023-02-19,Debit,Discretionary,524,bad
59,2023-03-02,Credit,Salary,1888,bad
59,2023-03-07,Debit,Discretionary,549,bad
59,2023-03-09,Debit,UPI_Lending_App,281,bad
59,2023-03-19,Debit,UPI_Lending_App,312,bad
59,2023-03-24,Debit,UPI_Lending_App,107,bad
59,2023-03-29,Debit,UPI_Lending_App,105,bad
59,2023-04-01,Credit,Salary,2063,bad
59,2023-04-02,Debit,UPI_Lending_App,415,bad
59,2023-04-03,Debit,UPI_Lending_App,322,bad
59,2023-04-05,Debit,UPI_Lending_App,339,bad
59,2023-04-10,Debit,Discretionary,478,bad
59,2023-04-29,Debit,UPI_Lending_App,268,bad
59,2023-04-29,Debit,UPI_Lending_App,471,bad
59,2023-05-08,Credit,Salary,2031,bad
59,2023-05-13,Debit,Discretionary,146,bad
59,2023-05-19,Debit,UPI_Lending_App,395,bad
59,2023-05-29,Debit,UPI_Lending_App,374,bad
59,2023-06-06,Credit,Salary,1962,bad
59,2023-06-14,Debit,UPI_Lending_App,70,bad
59,2023-06-19,Debit,Discretionary,95,bad
60,2023-01-01,Credit,Salary,1810,good
60,2023-01-10,Debit,Discretionary,454,good
60,2023-01-27,Debit,UPI_Lending_App,426,good
60,2023-01-31,Credit,Salary,1901,good
60,2023-02-05,Debit,Discretionary,543,good
60,2023-03-02,Credit,Salary,2191,good
60,2023-03-22,Debit,Discretionary,454,good
60,2023-04-01,Credit,Salary,1844,good
60,2023-04-22,Debit,Discretionary,519,good
60,2023-04-25,Debit,UPI_Lending_App,87,good
60,2023-05-01,Credit,Salary,1985,good
60,2023-05-22,Debit,Discretionary,538,good
60,2023-05-31,Credit,Salary,1822,good
60,2023-06-09,Debit,Discretionary,462,good
61,2023-01-01,Credit,Salary,1907,good
61,2023-01-26,Debit,Discretionary,543,good
61,2023-01-31,Credit,Salary,1875,good
61,2023-02-24,Debit,Discretionary,458,good
61,2023-03-02,Credit,Salary,1917,good
61,2023-03-10,Debit,Discretionary,496,good
61,2023-04-01,Credit,Salary,2092,good
61,2023-04-25,Debit,Discretionary,503,good
61,2023-05-01,Credit,Salary,1872,good
61,2023-05-07,Debit,Discretionary,531,good
61,2023-05-31,Credit,Salary,2121,good
61,2023-06-08,Debit,Discretionary,481,good
62,2023-01-01,Credit,Salary,1894,bad
62,2023-01-02,Debit,UPI_Lending_App,478,bad
62,2023-01-07,Debit,UPI_Lending_App,57,bad
62,2023-01-13,Debit,Discretionary,548,bad
62,2023-01-26,Debit,UPI_Lending_App,90,bad
62,2023-01-31,Credit,Salary,1872,bad
62,2023-02-03,Debit,UPI_Lending_App,96,bad
62,2023-02-07,Debit,UPI_Lending_App,399,bad
62,2023-02-12,Debit,UPI_Lending_App,322,bad
62,2023-02-15,Debit,UPI_Lending_App,164,bad
62,2023-02-19,Debit,UPI_Lending_App,50,bad
62,2023-02-19,Debit,Discretionary,459,bad
62,2023-03-02,Credit,Salary,2106,bad
62,2023-03-04,Debit,UPI_Lending_App,339,bad
62,2023-03-11,Debit,UPI_Lending_App,102,bad
62,2023-03-13,Debit,Discretionary,487,bad
62,2023-03-14,Debit,UPI_Lending_App,338,bad
62,2023-03-15,Debit,UPI_Lending_App,214,bad
62,2023-03-25,Debit,UPI_Lending_App,67,bad
62,2023-04-01,Credit,Salary,2008,bad
62,2023-04-17,Debit,Discretionary,456,bad
62,2023-04-21,Debit,UPI_Lending_App,385,bad
62,2023-04-28,Debit,UPI_Lending_App,50,bad
62,2023-05-07,Debit,UPI_Lending_App,99,bad
62,2023-05-08,Credit,Salary,2149,bad
62,2023-05-11,Debit,UPI_Lending_App,98,bad
62,2023-05-17,Debit,Discretionary,66,bad
62,2023-05-31,Credit,Salary,2086,bad
62,2023-06-07,Debit,UPI_Lending_App,146,bad
62,2023-06-18,Debit,UPI_Lending_App,249,bad
62,2023-06-20,Debit,Discretionary,141,bad
62,2023-06-27,Debit,UPI_Lending_App,105,bad
63,2023-01-01,Credit,Salary,1892,bad
63,2023-01-04,Debit,UPI_Lending_App,482,bad
63,2023-01-04,Debit,UPI_Lending_App,206,bad
63,2023-01-14,Debit,Discretionary,542,bad
63,2023-01-21,Debit,UPI_Lending_App,423,bad
63,2023-01-29,Debit,UPI_Lending_App,323,bad
63,2023-01-31,Credit,Salary,1946,bad
63,2023-02-02,Debit,UPI_Lending_App,229,bad
63,2023-02-10,Debit,UPI_Lending_App,299,bad
63,2023-02-22,Debit,UPI_Lending_App,306,bad
63,2023-02-22,Debit,Discretionary,462,bad
63,2023-03-02,Credit,Salary,1982,bad
63,2023-03-07,Debit,Discretionary,521,bad
63,2023-03-11,Debit,UPI_Lending_App,492,bad
63,2023-04-01,Credit,Salary,2011,bad
63,2023-04-09,Debit,UPI_Lending_App,113,bad
63,2023-04-14,Debit,UPI_Lending_App,338,bad
63,2023-04-15,Debit,UPI_Lending_App,288,bad
63,2023-04-16,Debit,UPI_Lending_App,219,bad
63,2023-04-18,Debit,UPI_Lending_App,94,bad
63,2023-04-25,Debit,Discretionary,535,bad
63,2023-05-06,Credit,Salary,1909,bad
63,2023-05-06,Debit,UPI_Lending_App,373,bad
63,2023-05-18,Debit,Discretionary,54,bad
63,2023-05-28,Debit,UPI_Lending_App,330,bad
63,2023-05-31,Credit,Salary,2027,bad
63,2023-06-05,Debit,Discretionary,97,bad
63,2023-06-11,Debit,UPI_Lending_App,459,bad
63,2023-06-20,Debit,UPI_Lending_App,57,bad
63,2023-06-22,Debit,UPI_Lending_App,143,bad
63,2023-06-26,Debit,UPI_Lending_App,380,bad
64,2023-01-01,Credit,Salary,1816,good
64,2023-01-12,Debit,Discretionary,502,good
64,2023-01-31,Credit,Salary,2143,good
64,2023-02-25,Debit,Discretionary,506,good
64,2023-03-02,Credit,Salary,2075,good
64,2023-03-26,Debit,Discretionary,535,good
64,2023-04-01,Credit,Salary,1933,good
64,2023-04-12,Debit,Discretionary,547,good
64,2023-05-01,Credit,Salary,2190,good
64,2023-05-14,Debit,Discretionary,479,good
64,2023-05-31,Credit,Salary,2014,good
64,2023-06-08,Debit,Discretionary,495,good
65,2023-01-01,Credit,Salary,2028,good
65,2023-01-25,Debit,Discretionary,465,good
65,2023-01-31,Credit,Salary,1858,good
65,2023-02-08,Debit,Discretionary,536,good
65,2023-03-02,Credit,Salary,1910,good
65,2023-03-22,Debit,Discretionary,463,good
65,2023-04-01,Credit,Salary,2026,good
65,2023-04-16,Debit,Discretionary,457,good
65,2023-04-26,Debit,UPI_Lending_App,380,good
65,2023-05-01,Credit,Salary,2062,good
65,2023-05-09,Debit,Discretionary,462,good
65,2023-05-31,Credit,Salary,2024,good
65,2023-06-20,Debit,Discretionary,472,good
66,2023-01-01,Credit,Salary,1904,good
66,2023-01-12,Debit,Discretionary,527,good
66,2023-01-31,Credit,Salary,1955,good
66,2023-02-19,Debit,Discretionary,450,good
66,2023-03-02,Credit,Salary,1982,good
66,2023-03-11,Debit,Discretionary,482,good
66,2023-04-01,Credit,Salary,1967,good
66,2023-04-11,Debit,Discretionary,474,good
66,2023-05-01,Credit,Salary,2095,good
66,2023-05-14,Debit,Discretionary,515,good
66,2023-05-31,Credit,Salary,2028,good
66,2023-06-09,Debit,Discretionary,546,good
67,2023-01-01,Credit,Salary,1964,good
67,2023-01-08,Debit,Discretionary,471,good
67,2023-01-31,Credit,Salary,1982,good
67,2023-02-14,Debit,Discretionary,471,good
67,2023-02-18,Debit,UPI_Lending_App,140,good
67,2023-03-02,Credit,Salary,2096,good
67,2023-03-10,Debit,UPI_Lending_App,325,good
67,2023-03-14,Debit,Discretionary,470,good
67,2023-04-01,Credit,Salary,2090,good
67,2023-04-15,Debit,Discretionary,536,good
67,2023-05-01,Credit,Salary,2076,good
67,2023-05-26,Debit,Discretionary,542,good
67,2023-05-31,Credit,Salary,2128,good
67,2023-06-15,Debit,Discretionary,542,good
68,2023-01-01,Credit,Salary,2002,bad
68,2023-01-07,Debit,UPI_Lending_App,177,bad
68,2023-01-11,Debit,UPI_Lending_App,187,bad
68,2023-01-24,Debit,UPI_Lending_App,173,bad
68,2023-01-25,Debit,UPI_Lending_App,181,bad
68,2023-01-25,Debit,Discretionary,489,bad
68,2023-01-26,Debit,UPI_Lending_App,112,bad
68,2023-01-31,Credit,Salary,1891,bad
68,2023-02-09,Debit,UPI_Lending_App,265,bad
68,2023-02-10,Debit,UPI_Lending_App,432,bad
68,2023-02-11,Debit,UPI_Lending_App,358,bad
68,2023-02-11,Debit,Discretionary,500,bad
68,2023-03-02,Credit,Salary,1956,bad
68,2023-03-10,Debit,Discretionary,483,bad
68,2023-03-12,Debit,UPI_Lending_App,276,bad
68,2023-03-23,Debit,UPI_Lending_App,86,bad
68,2023-03-23,Debit,UPI_Lending_App,297,bad
68,2023-04-01,Credit,Salary,2076,bad
68,2023-04-13,Debit,UPI_Lending_App,385,bad
68,2023-04-14,Debit,UPI_Lending_App,108,bad
68,2023-04-14,Debit,Discretionary,544,bad
68,2023-04-24,Debit,UPI_Lending_App,113,bad
68,2023-05-01,Credit,Salary,2024,bad
68,2023-05-04,Debit,UPI_Lending_App,253,bad
68,2023-05-09,Debit,UPI_Lending_App,224,bad
68,2023-05-16,Debit,Discretionary,137,bad
68,2023-05-27,Debit,UPI_Lending_App,417,bad
68,2023-05-28,Debit,UPI_Lending_App,244,bad
68,2023-05-31,Credit,Salary,2082,bad
68,2023-06-07,Debit,UPI_Lending_App,359,bad
68,2023-06-11,Debit,UPI_Lending_App,85,bad
68,2023-06-19,Debit,UPI_Lending_App,243,bad
68,2023-06-21,Debit,Discretionary,143,bad
68,2023-06-26,Debit,UPI_Lending_App,164,bad
69,2023-01-01,Credit,Salary,2103,good
69,2023-01-08,Debit,UPI_Lending_App,65,good
69,2023-01-14,Debit,Discretionary,453,good
69,2023-01-31,Credit,Salary,2115,good
69,2023-02-11,Debit,Discretionary,456,good
69,2023-03-02,Credit,Salary,2046,good
69,2023-03-18,Debit,Discretionary,510,good
69,2023-04-01,Credit,Salary,2196,good
69,2023-04-17,Debit,Discretionary,486,good
69,2023-05-01,Credit,Salary,2027,good
69,2023-05-10,Debit,Discretionary,473,good
69,2023-05-31,Credit,Salary,2077,good
69,2023-06-17,Debit,Discretionary,523,good
70,2023-01-01,Credit,Salary,1973,good
70,2023-01-23,Debit,Discretionary,452,good
70,2023-01-31,Credit,Salary,1860,good
70,2023-02-19,Debit,Discretionary,538,good
70,2023-03-02,Credit,Salary,1977,good
70,2023-03-26,Debit,Discretionary,541,good
70,2023-04-01,Credit,Salary,1841,good
70,2023-04-13,Debit,Discretionary,486,good
70,2023-05-01,Credit,Salary,2066,good
70,2023-05-09,Debit,Discretionary,502,good
70,2023-05-31,Credit,Salary,2196,good
70,2023-06-15,Debit,Discretionary,522,good
71,2023-01-01,Credit,Salary,1805,good
71,2023-01-06,Debit,Discretionary,508,good
71,2023-01-31,Credit,Salary,2004,good
71,2023-02-15,Debit,Discretionary,475,good
71,2023-03-02,Credit,Salary,2007,good
71,2023-03-16,Debit,UPI_Lending_App,185,good
71,2023-03-26,Debit,Discretionary,535,good
71,2023-04-01,Credit,Salary,1912,good
71,2023-04-20,Debit,Discretionary,505,good
71,2023-05-01,Credit,Salary,2068,good
71,2023-05-08,Debit,Discretionary,465,good
71,2023-05-31,Credit,Salary,2138,good
71,2023-06-18,Debit,Discretionary,518,good
72,2023-01-01,Credit,Salary,2067,good
72,2023-01-09,Debit,Discretionary,479,good
72,2023-01-31,Credit,Salary,1891,good
72,2023-02-24,Debit,Discretionary,484,good
72,2023-03-02,Credit,Salary,1939,good
72,2023-03-24,Debit,Discretionary,512,good
72,2023-04-01,Credit,Salary,2098,good
72,2023-04-15,Debit,Discretionary,499,good
72,2023-05-01,Credit,Salary,2140,good
72,2023-05-08,Debit,UPI_Lending_App,189,good
72,2023-05-25,Debit,Discretionary,485,good
72,2023-05-31,Credit,Salary,1889,good
72,2023-06-15,Debit,Discretionary,483,good
72,2023-06-26,Debit,UPI_Lending_App,120,good
73,2023-01-01,Credit,Salary,1876,good
73,2023-01-22,Debit,Discretionary,545,good
73,2023-01-31,Credit,Salary,1991,good
73,2023-02-19,Debit,Discretionary,505,good
73,2023-03-02,Credit,Salary,2186,good
73,2023-03-23,Debit,Discretionary,529,good
73,2023-04-01,Credit,Salary,1819,good
73,2023-04-07,Debit,Discretionary,480,good
73,2023-05-01,Credit,Salary,1824,good
73,2023-05-22,Debit,Discretionary,543,good
73,2023-05-31,Credit,Salary,1971,good
73,2023-06-14,Debit,Discretionary,549,good
74,2023-01-01,Credit,Salary,1869,bad
74,2023-01-06,Debit,Discretionary,487,bad
74,2023-01-16,Debit,UPI_Lending_App,431,bad
74,2023-01-17,Debit,UPI_Lending_App,444,bad
74,2023-01-31,Credit,Salary,1892,bad
74,2023-02-10,Debit,UPI_Lending_App,404,bad
74,2023-02-10,Debit,Discretionary,452,bad
74,2023-02-19,Debit,UPI_Lending_App,254,bad
74,2023-03-02,Credit,Salary,1868,bad
74,2023-03-11,Debit,Discretionary,535,bad
74,2023-03-19,Debit,UPI_Lending_App,156,bad
74,2023-03-20,Debit,UPI_Lending_App,284,bad
74,2023-03-23,Debit,UPI_Lending_App,495,bad
74,2023-03-24,Debit,UPI_Lending_App,217,bad
74,2023-04-01,Credit,Salary,2016,bad
74,2023-04-05,Debit,UPI_Lending_App,240,bad
74,2023-04-07,Debit,Discretionary,476,bad
74,2023-05-01,Credit,Salary,2037,bad
74,2023-05-08,Debit,UPI_Lending_App,404,bad
74,2023-05-09,Debit,Discretionary,63,bad
74,2023-05-18,Debit,UPI_Lending_App,381,bad
74,2023-05-21,Debit,UPI_Lending_App,102,bad
74,2023-06-04,Credit,Salary,1846,bad
74,2023-06-04,Debit,UPI_Lending_App,162,bad
74,2023-06-09,Debit,UPI_Lending_App,91,bad
74,2023-06-10,Debit,UPI_Lending_App,481,bad
74,2023-06-11,Debit,Discretionary,79,bad
74,2023-06-26,Debit,UPI_Lending_App,202,bad
74,2023-06-28,Debit,UPI_Lending_App,378,bad
75,2023-01-01,Credit,Salary,2184,good
75,2023-01-08,Debit,UPI_Lending_App,175,good
75,2023-01-13,Debit,Discretionary,526,good
75,2023-01-31,Credit,Salary,1906,good
75,2023-02-16,Debit,Discretionary,503,good
75,2023-03-02,Credit,Salary,2088,good
75,2023-03-13,Debit,Discretionary,514,good
75,2023-04-01,Credit,Salary,2083,good
75,2023-04-15,Debit,Discretionary,493,good
75,2023-05-01,Credit,Salary,2168,good
75,2023-05-24,Debit,Discretionary,450,good
75,2023-05-31,Credit,Salary,2152,good
75,2023-06-21,Debit,Discretionary,547,good
76,2023-01-01,Credit,Salary,2085,bad
76,2023-01-09,Debit,Discretionary,504,bad
76,2023-01-14,Debit,UPI_Lending_App,68,bad
76,2023-01-21,Debit,UPI_Lending_App,196,bad
76,2023-01-31,Credit,Salary,1889,bad
76,2023-02-12,Debit,UPI_Lending_App,457,bad
76,2023-02-15,Debit,Discretionary,536,bad
76,2023-03-02,Credit,Salary,2047,bad
76,2023-03-17,Debit,UPI_Lending_App,157,bad
76,2023-03-17,Debit,Discretionary,548,bad
76,2023-04-01,Credit,Salary,2106,bad
76,2023-04-10,Debit,UPI_Lending_App,162,bad
76,2023-04-21,Debit,Discretionary,470,bad
76,2023-05-06,Credit,Salary,2039,bad
76,2023-05-06,Debit,UPI_Lending_App,335,bad
76,2023-05-14,Debit,UPI_Lending_App,326,bad
76,2023-05-19,Debit,UPI_Lending_App,296,bad
76,2023-05-20,Debit,Discretionary,84,bad
76,2023-05-28,Debit,UPI_Lending_App,112,bad
76,2023-05-31,Credit,Salary,1986,bad
76,2023-06-09,Debit,UPI_Lending_App,415,bad
76,2023-06-13,Debit,Discretionary,142,bad
77,2023-01-01,Credit,Salary,2143,good
77,2023-01-11,Debit,Discretionary,472,good
77,2023-01-31,Credit,Salary,1891,good
77,2023-02-05,Debit,Discretionary,468,good
77,2023-03-02,Credit,Salary,2070,good
77,2023-03-20,Debit,Discretionary,492,good
77,2023-04-01,Credit,Salary,2001,good
77,2023-04-18,Debit,Discretionary,497,good
77,2023-05-01,Credit,Salary,2185,good
77,2023-05-19,Debit,Discretionary,494,good
77,2023-05-31,Credit,Salary,2041,good
77,2023-06-10,Debit,Discretionary,511,good
77,2023-06-14,Debit,UPI_Lending_App,222,good
78,2023-01-01,Credit,Salary,2145,good
78,2023-01-19,Debit,Discretionary,475,good
78,2023-01-31,Credit,Salary,2143,good
78,2023-02-18,Debit,Discretionary,531,good
78,2023-03-02,Credit,Salary,1981,good
78,2023-03-08,Debit,Discretionary,510,good
78,2023-04-01,Credit,Salary,1927,good
78,2023-04-24,Debit,Discretionary,463,good
78,2023-05-01,Credit,Salary,1967,good
78,2023-05-15,Debit,Discretionary,471,good
78,2023-05-23,Debit,UPI_Lending_App,194,good
78,2023-05-31,Credit,Salary,2015,good
78,2023-06-06,Debit,Discretionary,517,good
79,2023-01-01,Credit,Salary,1943,good
79,2023-01-22,Debit,Discretionary,524,good
79,2023-01-31,Credit,Salary,2008,good
79,2023-02-11,Debit,UPI_Lending_App,83,good
79,2023-02-15,Debit,Discretionary,532,good
79,2023-03-02,Credit,Salary,2170,good
79,2023-03-15,Debit,Discretionary,550,good
79,2023-04-01,Credit,Salary,2063,good
79,2023-04-18,Debit,Discretionary,539,good
79,2023-05-01,Credit,Salary,2031,good
79,2023-05-11,Debit,Discretionary,490,good
79,2023-05-31,Credit,Salary,1977,good
79,2023-06-23,Debit,Discretionary,525,good
80,2023-01-01,Credit,Salary,1850,bad
80,2023-01-03,Debit,UPI_Lending_App,320,bad
80,2023-01-07,Debit,Discretionary,463,bad
80,2023-01-20,Debit,UPI_Lending_App,244,bad
80,2023-01-20,Debit,UPI_Lending_App,72,bad
80,2023-01-21,Debit,UPI_Lending_App,108,bad
80,2023-01-31,Credit,Salary,2043,bad
80,2023-02-08,Debit,UPI_Lending_App,334,bad
80,2023-02-12,Debit,UPI_Lending_App,156,bad
80,2023-02-13,Debit,Discretionary,477,bad
80,2023-02-14,Debit,UPI_Lending_App,70,bad
80,2023-02-24,Debit,UPI_Lending_App,86,bad
80,2023-03-02,Credit,Salary,1860,bad
80,2023-03-06,Debit,UPI_Lending_App,81,bad
80,2023-03-09,Debit,Discretionary,463,bad
80,2023-03-20,Debit,UPI_Lending_App,350,bad
80,2023-03-30,Debit,UPI_Lending_App,374,bad
80,2023-04-01,Credit,Salary,1844,bad
80,2023-04-07,Debit,UPI_Lending_App,356,bad
80,2023-04-09,Debit,Discretionary,467,bad
80,2023-04-20,Debit,UPI_Lending_App,379,bad
80,2023-04-23,Debit,UPI_Lending_App,121,bad
80,2023-04-29,Debit,UPI_Lending_App,390,bad
80,2023-05-07,Credit,Salary,2112,bad
80,2023-05-10,Debit,UPI_Lending_App,198,bad
80,2023-05-16,Debit,UPI_Lending_App,429,bad
80,2023-05-23,Debit,Discretionary,135,bad
80,2023-05-31,Credit,Salary,2172,bad
80,2023-06-15,Debit,UPI_Lending_App,398,bad
80,2023-06-20,Debit,Discretionary,80,bad
81,2023-01-01,Credit,Salary,2013,good
81,2023-01-22,Debit,Discretionary,479,good
81,2023-01-31,Credit,Salary,1802,good
81,2023-02-01,Debit,UPI_Lending_App,339,good
81,2023-02-13,Debit,Discretionary,479,good
81,2023-03-02,Credit,Salary,2065,good
81,2023-03-08,Debit,Discretionary,495,good
81,2023-04-01,Credit,Salary,2004,good
81,2023-04-13,Debit,Discretionary,523,good
81,2023-05-01,Credit,Salary,1843,good
81,2023-05-10,Debit,Discretionary,540,good
81,2023-05-14,Debit,UPI_Lending_App,343,good
81,2023-05-31,Credit,Salary,2074,good
81,2023-06-22,Debit,Discretionary,533,good
82,2023-01-01,Credit,Salary,1830,good
82,2023-01-10,Debit,UPI_Lending_App,203,good
82,2023-01-10,Debit,Discretionary,495,good
82,2023-01-31,Credit,Salary,2193,good
82,2023-02-14,Debit,Discretionary,454,good
82,2023-03-02,Credit,Salary,2047,good
82,2023-03-23,Debit,Discretionary,459,good
82,2023-04-01,Credit,Salary,1854,good
82,2023-04-25,Debit,Discretionary,485,good
82,2023-05-01,Credit,Salary,2010,good
82,2023-05-12,Debit,Discretionary,494,good
82,2023-05-31,Credit,Salary,1950,good
82,2023-06-05,Debit,Discretionary,535,good
83,2023-01-01,Credit,Salary,2158,good
83,2023-01-23,Debit,Discretionary,466,good
83,2023-01-31,Credit,Salary,2055,good
83,2023-02-16,Debit,Discretionary,474,good
83,2023-03-02,Credit,Salary,1881,good
83,2023-03-27,Debit,Discretionary,538,good
83,2023-04-01,Credit,Salary,2106,good
83,2023-04-11,Debit,Discretionary,515,good
83,2023-05-01,Credit,Salary,1832,good
83,2023-05-12,Debit,Discretionary,518,good
83,2023-05-31,Credit,Salary,2167,good
83,2023-06-19,Debit,Discretionary,456,good
84,2023-01-01,Credit,Salary,1941,good
84,2023-01-13,Debit,Discretionary,478,good
84,2023-01-31,Credit,Salary,2034,good
84,2023-02-15,Debit,Discretionary,462,good
84,2023-03-02,Credit,Salary,1915,good
84,2023-03-27,Debit,Discretionary,487,good
84,2023-04-01,Credit,Salary,1803,good
84,2023-04-18,Debit,Discretionary,515,good
84,2023-05-01,Credit,Salary,1807,good
84,2023-05-21,Debit,Discretionary,477,good
84,2023-05-31,Credit,Salary,2169,good
84,2023-06-10,Debit,Discretionary,550,good
84,2023-06-13,Debit,UPI_Lending_App,248,good
85,2023-01-01,Credit,Salary,2070,good
85,2023-01-11,Debit,Discretionary,451,good
85,2023-01-31,Credit,Salary,1877,good
85,2023-02-25,Debit,Discretionary,487,good
85,2023-03-02,Credit,Salary,2166,good
85,2023-03-21,Debit,Discretionary,506,good
85,2023-04-01,Credit,Salary,2140,good
85,2023-04-13,Debit,Discretionary,485,good
85,2023-05-01,Credit,Salary,2183,good
85,2023-05-10,Debit,UPI_Lending_App,451,good
85,2023-05-21,Debit,Discretionary,470,good
85,2023-05-31,Credit,Salary,1867,good
85,2023-06-14,Debit,Discretionary,487,good
86,2023-01-01,Credit,Salary,2106,good
86,2023-01-09,Debit,Discretionary,527,good
86,2023-01-21,Debit,UPI_Lending_App,189,good
86,2023-01-31,Credit,Salary,1810,good
86,2023-02-10,Debit,Discretionary,501,good
86,2023-03-02,Credit,Salary,2135,good
86,2023-03-17,Debit,Discretionary,503,good
86,2023-04-01,Credit,Salary,2107,good
86,2023-04-15,Debit,Discretionary,537,good
86,2023-05-01,Credit,Salary,2187,good
86,2023-05-20,Debit,Discretionary,471,good
86,2023-05-31,Credit,Salary,2117,good
86,2023-06-09,Debit,Discretionary,514,good
87,2023-01-01,Credit,Salary,2173,bad
87,2023-01-06,Debit,UPI_Lending_App,149,bad
87,2023-01-08,Debit,UPI_Lending_App,338,bad
87,2023-01-20,Debit,UPI_Lending_App,413,bad
87,2023-01-25,Debit,UPI_Lending_App,76,bad
87,2023-01-26,Debit,Discretionary,468,bad
87,2023-01-31,Credit,Salary,1846,bad
87,2023-02-09,Debit,Discretionary,451,bad
87,2023-02-19,Debit,UPI_Lending_App,107,bad
87,2023-03-02,Credit,Salary,2135,bad
87,2023-03-04,Debit,UPI_Lending_App,431,bad
87,2023-03-08,Debit,Discretionary,531,bad
87,2023-03-11,Debit,UPI_Lending_App,214,bad
87,2023-04-01,Credit,Salary,1889,bad
87,2023-04-05,Debit,UPI_Lending_App,227,bad
87,2023-04-07,Debit,UPI_Lending_App,172,bad
87,2023-04-08,Debit,Discretionary,466,bad
87,2023-04-09,Debit,UPI_Lending_App,91,bad
87,2023-04-10,Debit,UPI_Lending_App,451,bad
87,2023-04-24,Debit,UPI_Lending_App,172,bad
87,2023-05-05,Credit,Salary,2194,bad
87,2023-05-12,Debit,UPI_Lending_App,463,bad
87,2023-05-13,Debit,Discretionary,93,bad
87,2023-05-14,Debit,UPI_Lending_App,124,bad
87,2023-05-23,Debit,UPI_Lending_App,186,bad
87,2023-05-31,Credit,Salary,2167,bad
87,2023-06-05,Debit,Discretionary,77,bad
87,2023-06-12,Debit,UPI_Lending_App,492,bad
87,2023-06-15,Debit,UPI_Lending_App,271,bad
88,2023-01-01,Credit,Salary,1918,good
88,2023-01-19,Debit,Discretionary,484,good
88,2023-01-31,Credit,Salary,2176,good
88,2023-02-20,Debit,Discretionary,546,good
88,2023-03-02,Credit,Salary,2094,good
88,2023-03-14,Debit,Discretionary,533,good
88,2023-04-01,Credit,Salary,2081,good
88,2023-04-09,Debit,Discretionary,538,good
88,2023-05-01,Credit,Salary,1877,good
88,2023-05-20,Debit,Discretionary,483,good
88,2023-05-31,Credit,Salary,2128,good
88,2023-06-15,Debit,Discretionary,450,good
89,2023-01-01,Credit,Salary,2019,bad
89,2023-01-06,Debit,Discretionary,525,bad
89,2023-01-13,Debit,UPI_Lending_App,219,bad
89,2023-01-18,Debit,UPI_Lending_App,159,bad
89,2023-01-21,Debit,UPI_Lending_App,250,bad
89,2023-01-31,Credit,Salary,2099,bad
89,2023-02-04,Debit,UPI_Lending_App,125,bad
89,2023-02-05,Debit,UPI_Lending_App,443,bad
89,2023-02-10,Debit,UPI_Lending_App,78,bad
89,2023-02-12,Debit,Discretionary,485,bad
89,2023-02-20,Debit,UPI_Lending_App,86,bad
89,2023-02-26,Debit,UPI_Lending_App,400,bad
89,2023-03-02,Credit,Salary,1943,bad
89,2023-03-08,Debit,Discretionary,540,bad
89,2023-03-17,Debit,UPI_Lending_App,241,bad
89,2023-04-01,Credit,Salary,2065,bad
89,2023-04-02,Debit,UPI_Lending_App,299,bad
89,2023-04-06,Debit,UPI_Lending_App,448,bad
89,2023-04-19,Debit,UPI_Lending_App,218,bad
89,2023-04-23,Debit,UPI_Lending_App,427,bad
89,2023-04-24,Debit,Discretionary,523,bad
89,2023-04-27,Debit,UPI_Lending_App,322,bad
89,2023-05-01,Credit,Salary,2153,bad
89,2023-05-08,Debit,UPI_Lending_App,120,bad
89,2023-05-11,Debit,Discretionary,100,bad
89,2023-05-31,Credit,Salary,2185,bad
89,2023-06-14,Debit,Discretionary,110,bad
89,2023-06-21,Debit,UPI_Lending_App,484,bad
89,2023-06-21,Debit,UPI_Lending_App,183,bad
89,2023-06-23,Debit,UPI_Lending_App,117,bad
89,2023-06-27,Debit,UPI_Lending_App,213,bad
90,2023-01-01,Credit,Salary,2073,good
90,2023-01-24,Debit,Discretionary,540,good
90,2023-01-31,Credit,Salary,1977,good
90,2023-02-13,Debit,Discretionary,482,good
90,2023-02-22,Debit,UPI_Lending_App,136,good
90,2023-03-02,Credit,Salary,2086,good
90,2023-03-19,Debit,Discretionary,509,good
90,2023-04-01,Credit,Salary,2010,good
90,2023-04-13,Debit,Discretionary,533,good
90,2023-05-01,Credit,Salary,2199,good
90,2023-05-06,Debit,Discretionary,485,good
90,2023-05-31,Credit,Salary,2041,good
90,2023-06-20,Debit,Discretionary,517,good
91,2023-01-01,Credit,Salary,1833,good
91,2023-01-13,Debit,Discretionary,504,good
91,2023-01-31,Credit,Salary,1907,good
91,2023-02-06,Debit,Discretionary,476,good
91,2023-03-02,Credit,Salary,1810,good
91,2023-03-12,Debit,Discretionary,518,good
91,2023-04-01,Credit,Salary,1863,good
91,2023-04-25,Debit,Discretionary,548,good
91,2023-05-01,Credit,Salary,1813,good
91,2023-05-13,Debit,Discretionary,516,good
91,2023-05-31,Credit,Salary,1803,good
91,2023-06-17,Debit,Discretionary,500,good
92,2023-01-01,Credit,Salary,2158,bad
92,2023-01-04,Debit,UPI_Lending_App,269,bad
92,2023-01-05,Debit,UPI_Lending_App,398,bad
92,2023-01-09,Debit,Discretionary,494,bad
92,2023-01-23,Debit,UPI_Lending_App,368,bad
92,2023-01-25,Debit,UPI_Lending_App,233,bad
92,2023-01-31,Credit,Salary,1850,bad
92,2023-02-02,Debit,UPI_Lending_App,289,bad
92,2023-02-05,Debit,UPI_Lending_App,126,bad
92,2023-02-06,Debit,UPI_Lending_App,453,bad
92,2023-02-12,Debit,Discretionary,512,bad
92,2023-02-28,Debit,UPI_Lending_App,389,bad
92,2023-03-02,Credit,Salary,2020,bad
92,2023-03-06,Debit,UPI_Lending_App,356,bad
92,2023-03-07,Debit,Discretionary,453,bad
92,2023-03-10,Debit,UPI_Lending_App,197,bad
92,2023-03-13,Debit,UPI_Lending_App,122,bad
92,2023-03-22,Debit,UPI_Lending_App,86,bad
92,2023-04-01,Credit,Salary,2036,bad
92,2023-04-03,Debit,UPI_Lending_App,500,bad
92,2023-04-07,Debit,Discretionary,545,bad
92,2023-04-21,Debit,UPI_Lending_App,434,bad
92,2023-05-01,Credit,Salary,2043,bad
92,2023-05-03,Debit,UPI_Lending_App,386,bad
92,2023-05-26,Debit,Discretionary,129,bad
92,2023-05-31,Credit,Salary,2140,bad
92,2023-06-02,Debit,UPI_Lending_App,207,bad
92,2023-06-03,Debit,UPI_Lending_App,222,bad
92,2023-06-07,Debit,UPI_Lending_App,126,bad
92,2023-06-20,Debit,UPI_Lending_App,233,bad
92,2023-06-21,Debit,UPI_Lending_App,296,bad
92,2023-06-22,Debit,Discretionary,95,bad
93,2023-01-01,Credit,Salary,2139,good
93,2023-01-11,Debit,Discretionary,520,good
93,2023-01-31,Credit,Salary,2023,good
93,2023-02-09,Debit,Discretionary,544,good
93,2023-03-02,Credit,Salary,2101,good
93,2023-03-16,Debit,Discretionary,524,good
93,2023-04-01,Credit,Salary,1968,good
93,2023-04-10,Debit,Discretionary,542,good
93,2023-05-01,Credit,Salary,2158,good
93,2023-05-24,Debit,Discretionary,460,good
93,2023-05-31,Credit,Salary,1889,good
93,2023-06-16,Debit,Discretionary,498,good
94,2023-01-01,Credit,Salary,2172,good
94,2023-01-13,Debit,Discretionary,470,good
94,2023-01-31,Credit,Salary,1868,good
94,2023-02-22,Debit,Discretionary,503,good
94,2023-03-02,Credit,Salary,2010,good
94,2023-03-12,Debit,Discretionary,537,good
94,2023-04-01,Credit,Salary,2158,good
94,2023-04-14,Debit,Discretionary,540,good
94,2023-05-01,Credit,Salary,2077,good
94,2023-05-23,Debit,Discretionary,515,good
94,2023-05-31,Credit,Salary,2091,good
94,2023-06-08,Debit,UPI_Lending_App,239,good
94,2023-06-24,Debit,Discretionary,492,good
95,2023-01-01,Credit,Salary,2085,bad
95,2023-01-02,Debit,UPI_Lending_App,205,bad
95,2023-01-04,Debit,UPI_Lending_App,491,bad
95,2023-01-06,Debit,Discretionary,525,bad
95,2023-01-07,Debit,UPI_Lending_App,345,bad
95,2023-01-22,Debit,UPI_Lending_App,297,bad
95,2023-01-24,Debit,UPI_Lending_App,430,bad
95,2023-01-31,Credit,Salary,1982,bad
95,2023-02-11,Debit,Discretionary,458,bad
95,2023-02-12,Debit,UPI_Lending_App,303,bad
95,2023-02-12,Debit,UPI_Lending_App,87,bad
95,2023-03-02,Credit,Salary,1822,bad
95,2023-03-06,Debit,UPI_Lending_App,351,bad
95,2023-03-09,Debit,UPI_Lending_App,234,bad
95,2023-03-10,Debit,UPI_Lending_App,311,bad
95,2023-03-10,Debit,Discretionary,451,bad
95,2023-03-13,Debit,UPI_Lending_App,352,bad
95,2023-03-14,Debit,UPI_Lending_App,344,bad
95,2023-04-01,Credit,Salary,2025,bad
95,2023-04-03,Debit,UPI_Lending_App,214,bad
95,2023-04-06,Debit,UPI_Lending_App,172,bad
95,2023-04-08,Debit,UPI_Lending_App,407,bad
95,2023-04-10,Debit,Discretionary,517,bad
95,2023-04-19,Debit,UPI_Lending_App,266,bad
95,2023-05-01,Credit,Salary,2195,bad
95,2023-05-11,Debit,UPI_Lending_App,104,bad
95,2023-05-13,Debit,Discretionary,130,bad
95,2023-05-27,Debit,UPI_Lending_App,315,bad
95,2023-06-05,Debit,UPI_Lending_App,492,bad
95,2023-06-07,Credit,Salary,2068,bad
95,2023-06-11,Debit,UPI_Lending_App,396,bad
95,2023-06-20,Debit,UPI_Lending_App,355,bad
95,2023-06-21,Debit,UPI_Lending_App,201,bad
95,2023-06-21,Debit,Discretionary,63,bad
96,2023-01-01,Credit,Salary,2191,good
96,2023-01-20,Debit,Discretionary,496,good
96,2023-01-31,Credit,Salary,2048,good
96,2023-02-19,Debit,Discretionary,522,good
96,2023-03-02,Credit,Salary,2164,good
96,2023-03-21,Debit,Discretionary,453,good
96,2023-04-01,Credit,Salary,1885,good
96,2023-04-15,Debit,Discretionary,539,good
96,2023-05-01,Credit,Salary,2070,good
96,2023-05-22,Debit,Discretionary,538,good
96,2023-05-31,Credit,Salary,1996,good
96,2023-06-21,Debit,Discretionary,496,good
96,2023-06-27,Debit,UPI_Lending_App,60,good
97,2023-01-01,Credit,Salary,2073,good
97,2023-01-19,Debit,Discretionary,469,good
97,2023-01-31,Credit,Salary,1824,good
97,2023-02-20,Debit,Discretionary,483,good
97,2023-03-02,Credit,Salary,1957,good
97,2023-03-19,Debit,Discretionary,496,good
97,2023-04-01,Credit,Salary,1978,good
97,2023-04-06,Debit,Discretionary,473,good
97,2023-05-01,Credit,Salary,1931,good
97,2023-05-19,Debit,Discretionary,464,good
97,2023-05-31,Credit,Salary,2057,good
97,2023-06-23,Debit,Discretionary,540,good
98,2023-01-01,Credit,Salary,2174,good
98,2023-01-22,Debit,Discretionary,482,good
98,2023-01-31,Credit,Salary,2123,good
98,2023-02-25,Debit,UPI_Lending_App,117,good
98,2023-02-25,Debit,Discretionary,524,good
98,2023-03-02,Credit,Salary,2138,good
98,2023-03-27,Debit,Discretionary,542,good
98,2023-04-01,Credit,Salary,2200,good
98,2023-04-15,Debit,Discretionary,534,good
98,2023-05-01,Credit,Salary,2133,good
98,2023-05-16,Debit,Discretionary,462,good
98,2023-05-31,Credit,Salary,1866,good
98,2023-06-25,Debit,Discretionary,526,good
99,2023-01-01,Credit,Salary,2021,good
99,2023-01-18,Debit,Discretionary,522,good
99,2023-01-31,Credit,Salary,2039,good
99,2023-02-10,Debit,Discretionary,498,good
99,2023-03-02,Credit,Salary,2199,good
99,2023-03-08,Debit,Discretionary,483,good
99,2023-04-01,Credit,Salary,2033,good
99,2023-04-20,Debit,Discretionary,490,good
99,2023-05-01,Credit,Salary,1845,good
99,2023-05-08,Debit,Discretionary,512,good
99,2023-05-31,Credit,Salary,2156,good
99,2023-06-05,Debit,Discretionary,528,good
100,2023-01-01,Credit,Salary,2064,good
100,2023-01-06,Debit,Discretionary,480,good
100,2023-01-31,Credit,Salary,1982,good
100,2023-02-10,Debit,Discretionary,512,good
100,2023-03-02,Credit,Salary,1908,good
100,2023-03-13,Debit,Discretionary,450,good
100,2023-04-01,Credit,Salary,1940,good
100,2023-04-22,Debit,Discretionary,499,good
100,2023-05-01,Credit,Salary,1955,good
100,2023-05-25,Debit,Discretionary,493,good
100,2023-05-31,Credit,Salary,2095,good
100,2023-06-03,Debit,UPI_Lending_App,112,good
100,2023-06-22,Debit,Discretionary,521,good
101,2023-01-01,Credit,Salary,2026,good
101,2023-01-22,Debit,Discretionary,532,good
101,2023-01-31,Credit,Salary,1821,good
101,2023-02-06,Debit,UPI_Lending_App,191,good
101,2023-02-22,Debit,Discretionary,505,good
101,2023-03-02,Credit,Salary,1884,good
101,2023-03-08,Debit,Discretionary,498,good
101,2023-04-01,Credit,Salary,2115,good
101,2023-04-15,Debit,Discretionary,483,good
101,2023-05-01,Credit,Salary,1988,good
101,2023-05-07,Debit,Discretionary,531,good
101,2023-05-31,Credit,Salary,1838,good
101,2023-06-05,Debit,Discretionary,493,good
102,2023-01-01,Credit,Salary,1991,good
102,2023-01-13,Debit,Discretionary,526,good
102,2023-01-31,Credit,Salary,2061,good
102,2023-02-12,Debit,Discretionary,502,good
102,2023-03-02,Credit,Salary,2060,good
102,2023-03-12,Debit,Discretionary,531,good
102,2023-04-01,Credit,Salary,2033,good
102,2023-04-20,Debit,Discretionary,545,good
102,2023-05-01,Credit,Salary,1809,good
102,2023-05-14,Debit,Discretionary,474,good
102,2023-05-31,Credit,Salary,1848,good
102,2023-06-16,Debit,Discretionary,471,good
103,2023-01-01,Credit,Salary,1987,good
103,2023-01-06,Debit,UPI_Lending_App,315,good
103,2023-01-11,Debit,Discretionary,481,good
103,2023-01-31,Credit,Salary,1831,good
103,2023-02-20,Debit,Discretionary,470,good
103,2023-03-02,Credit,Salary,2051,good
103,2023-03-08,Debit,Discretionary,502,good
103,2023-04-01,Credit,Salary,2104,good
103,2023-04-25,Debit,Discretionary,521,good
103,2023-05-01,Credit,Salary,1817,good
103,2023-05-13,Debit,Discretionary,492,good
103,2023-05-31,Credit,Salary,2136,good
103,2023-06-14,Debit,Discretionary,478,good
104,2023-01-01,Credit,Salary,1825,good
104,2023-01-15,Debit,Discretionary,460,good
104,2023-01-31,Credit,Salary,1931,good
104,2023-02-22,Debit,Discretionary,453,good
104,2023-03-02,Credit,Salary,2020,good
104,2023-03-12,Debit,Discretionary,503,good
104,2023-04-01,Credit,Salary,2018,good
104,2023-04-09,Debit,Discretionary,504,good
104,2023-04-23,Debit,UPI_Lending_App,392,good
104,2023-05-01,Credit,Salary,2009,good
104,2023-05-12,Debit,UPI_Lending_App,226,good
104,2023-05-18,Debit,Discretionary,472,good
104,2023-05-31,Credit,Salary,2045,good
104,2023-06-17,Debit,Discretionary,484,good
105,2023-01-01,Credit,Salary,1972,bad
105,2023-01-07,Debit,UPI_Lending_App,492,bad
105,2023-01-22,Debit,UPI_Lending_App,386,bad
105,2023-01-23,Debit,Discretionary,477,bad
105,2023-01-24,Debit,UPI_Lending_App,333,bad
105,2023-01-28,Debit,UPI_Lending_App,487,bad
105,2023-01-31,Credit,Salary,2160,bad
105,2023-02-20,Debit,Discretionary,504,bad
105,2023-02-21,Debit,UPI_Lending_App,337,bad
105,2023-03-02,Credit,Salary,2032,bad
105,2023-03-15,Debit,Discretionary,510,bad
105,2023-03-17,Debit,UPI_Lending_App,455,bad
105,2023-03-18,Debit,UPI_Lending_App,467,bad
105,2023-04-01,Credit,Salary,2016,bad
105,2023-04-09,Debit,Discretionary,500,bad
105,2023-04-11,Debit,UPI_Lending_App,474,bad
105,2023-05-01,Credit,Salary,2056,bad
105,2023-05-04,Debit,UPI_Lending_App,453,bad
105,2023-05-07,Debit,UPI_Lending_App,69,bad
105,2023-05-10,Debit,UPI_Lending_App,332,bad
105,2023-05-20,Debit,UPI_Lending_App,250,bad
105,2023-05-21,Debit,Discretionary,126,bad
105,2023-05-29,Debit,UPI_Lending_App,236,bad
105,2023-05-31,Credit,Salary,1934,bad
105,2023-06-09,Debit,UPI_Lending_App,366,bad
105,2023-06-16,Debit,UPI_Lending_App,73,bad
105,2023-06-16,Debit,Discretionary,145,bad
105,2023-06-28,Debit,UPI_Lending_App,422,bad
106,2023-01-01,Credit,Salary,2198,bad
106,2023-01-03,Debit,UPI_Lending_App,462,bad
106,2023-01-12,Debit,Discretionary,518,bad
106,2023-01-31,Credit,Salary,2123,bad
106,2023-02-15,Debit,Discretionary,520,bad
106,2023-02-23,Debit,UPI_Lending_App,496,bad
106,2023-02-24,Debit,UPI_Lending_App,430,bad
106,2023-02-27,Debit,UPI_Lending_App,289,bad
106,2023-03-02,Credit,Salary,2112,bad
106,2023-03-06,Debit,UPI_Lending_App,381,bad
106,2023-03-13,Debit,Discretionary,501,bad
106,2023-03-20,Debit,UPI_Lending_App,435,bad
106,2023-03-21,Debit,UPI_Lending_App,356,bad
106,2023-04-01,Credit,Salary,1811,bad
106,2023-04-09,Debit,UPI_Lending_App,318,bad
106,2023-04-11,Debit,Discretionary,497,bad
106,2023-04-18,Debit,UPI_Lending_App,187,bad
106,2023-05-03,Debit,UPI_Lending_App,440,bad
106,2023-05-04,Debit,UPI_Lending_App,315,bad
106,2023-05-05,Credit,Salary,2157,bad
106,2023-05-09,Debit,Discretionary,68,bad
106,2023-05-22,Debit,UPI_Lending_App,114,bad
106,2023-05-27,Debit,UPI_Lending_App,303,bad
106,2023-06-03,Debit,UPI_Lending_App,58,bad
106,2023-06-07,Credit,Salary,1954,bad
106,2023-06-09,Debit,UPI_Lending_App,171,bad
106,2023-06-10,Debit,UPI_Lending_App,87,bad
106,2023-06-18,Debit,UPI_Lending_App,491,bad
106,2023-06-25,Debit,Discretionary,133,bad
106,2023-06-26,Debit,UPI_Lending_App,63,bad
107,2023-01-01,Credit,Salary,2151,good
107,2023-01-26,Debit,Discretionary,476,good
107,2023-01-31,Credit,Salary,1850,good
107,2023-02-12,Debit,Discretionary,518,good
107,2023-03-02,Credit,Salary,2102,good
107,2023-03-27,Debit,Discretionary,488,good
107,2023-04-01,Credit,Salary,1912,good
107,2023-04-18,Debit,Discretionary,501,good
107,2023-05-01,Credit,Salary,1858,good
107,2023-05-06,Debit,Discretionary,548,good
107,2023-05-31,Credit,Salary,2183,good
107,2023-06-25,Debit,Discretionary,500,good
108,2023-01-01,Credit,Salary,1945,good
108,2023-01-14,Debit,UPI_Lending_App,370,good
108,2023-01-16,Debit,Discretionary,492,good
108,2023-01-31,Credit,Salary,2074,good
108,2023-02-16,Debit,Discretionary,518,good
108,2023-03-02,Credit,Salary,1976,good
108,2023-03-17,Debit,Discretionary,472,good
108,2023-04-01,Credit,Salary,2101,good
108,2023-04-23,Debit,Discretionary,511,good
108,2023-05-01,Credit,Salary,2190,good
108,2023-05-16,Debit,Discretionary,479,good
108,2023-05-31,Credit,Salary,2139,good
108,2023-06-24,Debit,Discretionary,471,good
109,2023-01-01,Credit,Salary,1862,good
109,2023-01-08,Debit,Discretionary,546,good
109,2023-01-12,Debit,UPI_Lending_App,148,good
109,2023-01-31,Credit,Salary,2128,good
109,2023-02-17,Debit,Discretionary,529,good
109,2023-03-02,Credit,Salary,2119,good
109,2023-03-20,Debit,Discretionary,485,good
109,2023-04-01,Credit,Salary,2154,good
109,2023-04-24,Debit,Discretionary,467,good
109,2023-05-01,Credit,Salary,2099,good
109,2023-05-14,Debit,Discretionary,462,good
109,2023-05-31,Credit,Salary,1978,good
109,2023-06-24,Debit,Discretionary,510,good
110,2023-01-01,Credit,Salary,2010,good
110,2023-01-13,Debit,Discretionary,503,good
110,2023-01-31,Credit,Salary,2085,good
110,2023-02-22,Debit,Discretionary,486,good
110,2023-03-02,Credit,Salary,2023,good
110,2023-03-18,Debit,Discretionary,483,good
110,2023-04-01,Credit,Salary,2082,good
110,2023-04-08,Debit,Discretionary,471,good
110,2023-05-01,Credit,Salary,1896,good
110,2023-05-07,Debit,Discretionary,490,good
110,2023-05-31,Credit,Salary,1986,good
110,2023-06-17,Debit,Discretionary,461,good
111,2023-01-01,Credit,Salary,1958,good
111,2023-01-06,Debit,Discretionary,450,good
111,2023-01-31,Credit,Salary,1902,good
111,2023-02-23,Debit,Discretionary,528,good
111,2023-03-02,Credit,Salary,2049,good
111,2023-03-14,Debit,Discretionary,498,good
111,2023-04-01,Credit,Salary,2147,good
111,2023-04-22,Debit,Discretionary,453,good
111,2023-05-01,Credit,Salary,1949,good
111,2023-05-10,Debit,Discretionary,487,good
111,2023-05-31,Credit,Salary,2115,good
111,2023-06-22,Debit,Discretionary,504,good
112,2023-01-01,Credit,Salary,2165,good
112,2023-01-10,Debit,Discretionary,479,good
112,2023-01-31,Credit,Salary,2106,good
112,2023-02-25,Debit,Discretionary,461,good
112,2023-03-02,Credit,Salary,2020,good
112,2023-03-16,Debit,Discretionary,465,good
112,2023-04-01,Credit,Salary,1953,good
112,2023-04-15,Debit,Discretionary,459,good
112,2023-05-01,Credit,Salary,2151,good
112,2023-05-17,Debit,Discretionary,485,good
112,2023-05-31,Credit,Salary,2019,good
112,2023-06-20,Debit,Discretionary,469,good
113,2023-01-01,Credit,Salary,2090,bad
113,2023-01-07,Debit,UPI_Lending_App,263,bad
113,2023-01-14,Debit,UPI_Lending_App,381,bad
113,2023-01-15,Debit,Discretionary,534,bad
113,2023-01-18,Debit,UPI_Lending_App,117,bad
113,2023-01-21,Debit,UPI_Lending_App,225,bad
113,2023-01-21,Debit,UPI_Lending_App,52,bad
113,2023-01-31,Credit,Salary,2164,bad
113,2023-02-11,Debit,Discretionary,530,bad
113,2023-02-13,Debit,UPI_Lending_App,447,bad
113,2023-02-22,Debit,UPI_Lending_App,298,bad
113,2023-03-02,Credit,Salary,1805,bad
113,2023-03-08,Debit,UPI_Lending_App,85,bad
113,2023-03-08,Debit,UPI_Lending_App,480,bad
113,2023-03-23,Debit,Discretionary,458,bad
113,2023-03-26,Debit,UPI_Lending_App,434,bad
113,2023-04-01,Credit,Salary,1976,bad
113,2023-04-04,Debit,UPI_Lending_App,57,bad
113,2023-04-10,Debit,UPI_Lending_App,279,bad
113,2023-04-14,Debit,Discretionary,523,bad
113,2023-04-26,Debit,UPI_Lending_App,270,bad
113,2023-04-29,Debit,UPI_Lending_App,459,bad
113,2023-05-01,Credit,Salary,1939,bad
113,2023-05-11,Debit,UPI_Lending_App,275,bad
113,2023-05-11,Debit,Discretionary,147,bad
113,2023-05-22,Debit,UPI_Lending_App,295,bad
113,2023-05-24,Debit,UPI_Lending_App,306,bad
113,2023-05-31,Credit,Salary,2036,bad
113,2023-06-05,Debit,UPI_Lending_App,391,bad
113,2023-06-08,Debit,Discretionary,54,bad
113,2023-06-25,Debit,UPI_Lending_App,364,bad
114,2023-01-01,Credit,Salary,2046,good
114,2023-01-13,Debit,Discretionary,462,good
114,2023-01-31,Credit,Salary,1991,good
114,2023-02-13,Debit,Discretionary,542,good
114,2023-03-02,Credit,Salary,2129,good
114,2023-03-11,Debit,Discretionary,492,good
114,2023-04-01,Credit,Salary,2035,good
114,2023-04-22,Debit,Discretionary,549,good
114,2023-05-01,Credit,Salary,1826,good
114,2023-05-24,Debit,Discretionary,503,good
114,2023-05-31,Credit,Salary,2005,good
114,2023-06-11,Debit,Discretionary,498,good
115,2023-01-01,Credit,Salary,2129,good
115,2023-01-06,Debit,UPI_Lending_App,185,good
115,2023-01-19,Debit,Discretionary,522,good
115,2023-01-31,Credit,Salary,1802,good
115,2023-02-11,Debit,Discretionary,525,good
115,2023-03-02,Credit,Salary,2170,good
115,2023-03-15,Debit,Discretionary,534,good
115,2023-04-01,Credit,Salary,1851,good
115,2023-04-15,Debit,Discretionary,462,good
115,2023-05-01,Credit,Salary,2101,good
115,2023-05-11,Debit,Discretionary,494,good
115,2023-05-31,Credit,Salary,1856,good
115,2023-06-18,Debit,Discretionary,512,good
116,2023-01-01,Credit,Salary,2158,bad
116,2023-01-02,Debit,UPI_Lending_App,490,bad
116,2023-01-09,Debit,Discretionary,522,bad
116,2023-01-31,Credit,Salary,1807,bad
116,2023-02-07,Debit,UPI_Lending_App,304,bad
116,2023-02-14,Debit,UPI_Lending_App,60,bad
116,2023-02-24,Debit,Discretionary,496,bad
116,2023-03-02,Credit,Salary,1878,bad
116,2023-03-10,Debit,UPI_Lending_App,274,bad
116,2023-03-16,Debit,UPI_Lending_App,50,bad
116,2023-03-17,Debit,Discretionary,490,bad
116,2023-03-21,Debit,UPI_Lending_App,456,bad
116,2023-03-24,Debit,UPI_Lending_App,412,bad
116,2023-04-01,Credit,Salary,2041,bad
116,2023-04-05,Debit,UPI_Lending_App,69,bad
116,2023-04-09,Debit,UPI_Lending_App,344,bad
116,2023-04-14,Debit,Discretionary,478,bad
116,2023-04-15,Debit,UPI_Lending_App,179,bad
116,2023-04-18,Debit,UPI_Lending_App,400,bad
116,2023-04-25,Debit,UPI_Lending_App,149,bad
116,2023-05-01,Credit,Salary,1910,bad
116,2023-05-11,Debit,UPI_Lending_App,338,bad
116,2023-05-11,Debit,Discretionary,95,bad
116,2023-05-31,Credit,Salary,1986,bad
116,2023-06-13,Debit,UPI_Lending_App,402,bad
116,2023-06-16,Debit,UPI_Lending_App,219,bad
116,2023-06-17,Debit,Discretionary,80,bad
116,2023-06-24,Debit,UPI_Lending_App,444,bad
117,2023-01-01,Credit,Salary,1979,good
117,2023-01-25,Debit,Discretionary,530,good
117,2023-01-31,Credit,Salary,2025,good
117,2023-02-25,Debit,Discretionary,515,good
117,2023-03-02,Credit,Salary,1979,good
117,2023-03-14,Debit,Discretionary,528,good
117,2023-04-01,Credit,Salary,2028,good
117,2023-04-16,Debit,Discretionary,529,good
117,2023-05-01,Credit,Salary,1905,good
117,2023-05-10,Debit,Discretionary,532,good
117,2023-05-31,Credit,Salary,2173,good
117,2023-06-07,Debit,Discretionary,531,good
118,2023-01-01,Credit,Salary,2060,bad
118,2023-01-22,Debit,Discretionary,479,bad
118,2023-01-23,Debit,UPI_Lending_App,422,bad
118,2023-01-31,Credit,Salary,2170,bad
118,2023-02-16,Debit,UPI_Lending_App,272,bad
118,2023-02-24,Debit,Discretionary,496,bad
118,2023-02-27,Debit,UPI_Lending_App,276,bad
118,2023-02-28,Debit,UPI_Lending_App,437,bad
118,2023-03-02,Credit,Salary,2192,bad
118,2023-03-04,Debit,UPI_Lending_App,411,bad
118,2023-03-08,Debit,UPI_Lending_App,65,bad
118,2023-03-10,Debit,UPI_Lending_App,175,bad
118,2023-03-13,Debit,Discretionary,484,bad
118,2023-03-23,Debit,UPI_Lending_App,358,bad
118,2023-04-01,Credit,Salary,1857,bad
118,2023-04-02,Debit,UPI_Lending_App,314,bad
118,2023-04-04,Debit,UPI_Lending_App,223,bad
118,2023-04-06,Debit,UPI_Lending_App,264,bad
118,2023-04-15,Debit,Discretionary,501,bad
118,2023-04-28,Debit,UPI_Lending_App,186,bad
118,2023-05-05,Debit,UPI_Lending_App,88,bad
118,2023-05-07,Credit,Salary,2084,bad
118,2023-05-10,Debit,UPI_Lending_App,310,bad
118,2023-05-15,Debit,Discretionary,149,bad
118,2023-05-23,Debit,UPI_Lending_App,499,bad
118,2023-05-29,Debit,UPI_Lending_App,241,bad
118,2023-06-03,Credit,Salary,1991,bad
118,2023-06-04,Debit,UPI_Lending_App,449,bad
118,2023-06-06,Debit,UPI_Lending_App,449,bad
118,2023-06-08,Debit,Discretionary,105,bad
118,2023-06-15,Debit,UPI_Lending_App,107,bad
118,2023-06-21,Debit,UPI_Lending_App,447,bad
119,2023-01-01,Credit,Salary,1963,good
119,2023-01-08,Debit,Discretionary,535,good
119,2023-01-31,Credit,Salary,1884,good
119,2023-02-10,Debit,Discretionary,502,good
119,2023-03-02,Credit,Salary,2136,good
119,2023-03-20,Debit,Discretionary,516,good
119,2023-04-01,Credit,Salary,2022,good
119,2023-04-19,Debit,Discretionary,453,good
119,2023-05-01,Credit,Salary,2148,good
119,2023-05-12,Debit,Discretionary,534,good
119,2023-05-31,Credit,Salary,2172,good
119,2023-06-11,Debit,Discretionary,547,good
120,2023-01-01,Credit,Salary,1912,bad
120,2023-01-07,Debit,UPI_Lending_App,116,bad
120,2023-01-10,Debit,Discretionary,517,bad
120,2023-01-31,Credit,Salary,1851,bad
120,2023-02-10,Debit,UPI_Lending_App,277,bad
120,2023-02-15,Debit,Discretionary,535,bad
120,2023-02-24,Debit,UPI_Lending_App,282,bad
120,2023-03-02,Credit,Salary,2053,bad
120,2023-03-08,Debit,UPI_Lending_App,427,bad
120,2023-03-21,Debit,UPI_Lending_App,457,bad
120,2023-03-27,Debit,Discretionary,453,bad
120,2023-03-28,Debit,UPI_Lending_App,472,bad
120,2023-03-29,Debit,UPI_Lending_App,336,bad
120,2023-04-01,Credit,Salary,1890,bad
120,2023-04-08,Debit,UPI_Lending_App,324,bad
120,2023-04-14,Debit,UPI_Lending_App,209,bad
120,2023-04-19,Debit,Discretionary,512,bad
120,2023-04-20,Debit,UPI_Lending_App,233,bad
120,2023-04-28,Debit,UPI_Lending_App,428,bad
120,2023-05-02,Debit,UPI_Lending_App,252,bad
120,2023-05-04,Credit,Salary,2077,bad
120,2023-05-12,Debit,UPI_Lending_App,160,bad
120,2023-05-12,Debit,Discretionary,138,bad
120,2023-05-15,Debit,UPI_Lending_App,298,bad
120,2023-05-27,Debit,UPI_Lending_App,492,bad
120,2023-05-29,Debit,UPI_Lending_App,85,bad
120,2023-06-07,Credit,Salary,2119,bad
120,2023-06-09,Debit,UPI_Lending_App,444,bad
120,2023-06-24,Debit,Discretionary,72,bad
121,2023-01-01,Credit,Salary,1858,good
121,2023-01-12,Debit,Discretionary,499,good
121,2023-01-31,Credit,Salary,1907,good
121,2023-02-17,Debit,Discretionary,468,good
121,2023-03-02,Credit,Salary,1885,good
121,2023-03-17,Debit,Discretionary,517,good
121,2023-03-22,Debit,UPI_Lending_App,480,good
121,2023-04-01,Credit,Salary,2069,good
121,2023-04-08,Debit,Discretionary,528,good
121,2023-05-01,Credit,Salary,2044,good
121,2023-05-18,Debit,Discretionary,535,good
121,2023-05-31,Credit,Salary,1865,good
121,2023-06-12,Debit,Discretionary,534,good
122,2023-01-01,Credit,Salary,2182,good
122,2023-01-21,Debit,Discretionary,481,good
122,2023-01-31,Credit,Salary,1965,good
122,2023-02-19,Debit,Discretionary,458,good
122,2023-03-02,Credit,Salary,2108,good
122,2023-03-25,Debit,Discretionary,451,good
122,2023-04-01,Credit,Salary,2027,good
122,2023-04-23,Debit,Discretionary,550,good
122,2023-05-01,Credit,Salary,1987,good
122,2023-05-25,Debit,Discretionary,510,good
122,2023-05-31,Credit,Salary,2166,good
122,2023-06-25,Debit,Discretionary,498,good
123,2023-01-01,Credit,Salary,2094,good
123,2023-01-22,Debit,UPI_Lending_App,356,good
123,2023-01-23,Debit,Discretionary,482,good
123,2023-01-31,Credit,Salary,1993,good
123,2023-02-11,Debit,Discretionary,455,good
123,2023-03-02,Credit,Salary,2119,good
123,2023-03-10,Debit,Discretionary,504,good
123,2023-04-01,Credit,Salary,1879,good
123,2023-04-13,Debit,Discretionary,459,good
123,2023-05-01,Credit,Salary,1936,good
123,2023-05-18,Debit,Discretionary,548,good
123,2023-05-31,Credit,Salary,2094,good
123,2023-06-11,Debit,Discretionary,530,good
124,2023-01-01,Credit,Salary,2165,bad
124,2023-01-10,Debit,Discretionary,453,bad
124,2023-01-17,Debit,UPI_Lending_App,311,bad
124,2023-01-21,Debit,UPI_Lending_App,364,bad
124,2023-01-31,Credit,Salary,2200,bad
124,2023-02-12,Debit,UPI_Lending_App,408,bad
124,2023-02-16,Debit,UPI_Lending_App,95,bad
124,2023-02-17,Debit,UPI_Lending_App,374,bad
124,2023-02-22,Debit,Discretionary,524,bad
124,2023-03-02,Credit,Salary,1882,bad
124,2023-03-22,Debit,UPI_Lending_App,208,bad
124,2023-03-22,Debit,UPI_Lending_App,389,bad
124,2023-03-23,Debit,Discretionary,462,bad
124,2023-03-30,Debit,UPI_Lending_App,420,bad
124,2023-03-30,Debit,UPI_Lending_App,384,bad
124,2023-04-01,Credit,Salary,2174,bad
124,2023-04-08,Debit,Discretionary,484,bad
124,2023-04-20,Debit,UPI_Lending_App,223,bad
124,2023-04-25,Debit,UPI_Lending_App,252,bad
124,2023-04-29,Debit,UPI_Lending_App,356,bad
124,2023-05-08,Credit,Salary,2153,bad
124,2023-05-12,Debit,UPI_Lending_App,487,bad
124,2023-05-13,Debit,Discretionary,141,bad
124,2023-05-14,Debit,UPI_Lending_App,327,bad
124,2023-05-31,Credit,Salary,2042,bad
124,2023-06-20,Debit,Discretionary,123,bad
124,2023-06-24,Debit,UPI_Lending_App,343,bad
125,2023-01-01,Credit,Salary,1935,good
125,2023-01-16,Debit,Discretionary,452,good
125,2023-01-31,Credit,Salary,2191,good
125,2023-02-14,Debit,Discretionary,504,good
125,2023-03-02,Credit,Salary,2178,good
125,2023-03-27,Debit,Discretionary,537,good
125,2023-04-01,Credit,Salary,1816,good
125,2023-04-10,Debit,Discretionary,517,good
125,2023-05-01,Credit,Salary,1842,good
125,2023-05-06,Debit,Discretionary,514,good
125,2023-05-31,Credit,Salary,2126,good
125,2023-06-19,Debit,Discretionary,523,good
126,2023-01-01,Credit,Salary,2164,good
126,2023-01-12,Debit,UPI_Lending_App,146,good
126,2023-01-25,Debit,Discretionary,547,good
126,2023-01-31,Credit,Salary,1819,good
126,2023-02-21,Debit,Discretionary,467,good
126,2023-03-02,Credit,Salary,2166,good
126,2023-03-25,Debit,Discretionary,518,good
126,2023-04-01,Credit,Salary,2021,good
126,2023-04-07,Debit,Discretionary,541,good
126,2023-05-01,Credit,Salary,1982,good
126,2023-05-14,Debit,Discretionary,508,good
126,2023-05-31,Credit,Salary,1894,good
126,2023-06-11,Debit,Discretionary,532,good
127,2023-01-01,Credit,Salary,1865,bad
127,2023-01-08,Debit,UPI_Lending_App,261,bad
127,2023-01-19,Debit,UPI_Lending_App,217,bad
127,2023-01-20,Debit,Discretionary,489,bad
127,2023-01-21,Debit,UPI_Lending_App,125,bad
127,2023-01-31,Credit,Salary,2087,bad
127,2023-02-03,Debit,UPI_Lending_App,68,bad
127,2023-02-09,Debit,UPI_Lending_App,144,bad
127,2023-02-09,Debit,Discretionary,452,bad
127,2023-02-19,Debit,UPI_Lending_App,415,bad
127,2023-02-26,Debit,UPI_Lending_App,448,bad
127,2023-03-02,Credit,Salary,1938,bad
127,2023-03-11,Debit,UPI_Lending_App,399,bad
127,2023-03-19,Debit,Discretionary,517,bad
127,2023-03-25,Debit,UPI_Lending_App,328,bad
127,2023-04-01,Credit,Salary,1938,bad
127,2023-04-06,Debit,UPI_Lending_App,203,bad
127,2023-04-06,Debit,UPI_Lending_App,464,bad
127,2023-04-07,Debit,Discretionary,504,bad
127,2023-04-25,Debit,UPI_Lending_App,290,bad
127,2023-04-27,Debit,UPI_Lending_App,106,bad
127,2023-05-01,Credit,Salary,2081,bad
127,2023-05-03,Debit,UPI_Lending_App,104,bad
127,2023-05-05,Debit,UPI_Lending_App,161,bad
127,2023-05-16,Debit,Discretionary,144,bad
127,2023-05-22,Debit,UPI_Lending_App,297,bad
127,2023-06-04,Credit,Salary,2057,bad
127,2023-06-17,Debit,Discretionary,61,bad
127,2023-06-21,Debit,UPI_Lending_App,282,bad
127,2023-06-24,Debit,UPI_Lending_App,368,bad
127,2023-06-27,Debit,UPI_Lending_App,152,bad
128,2023-01-01,Credit,Salary,2013,good
128,2023-01-13,Debit,Discretionary,461,good
128,2023-01-31,Credit,Salary,1805,good
128,2023-02-18,Debit,Discretionary,541,good
128,2023-03-02,Credit,Salary,1992,good
128,2023-03-19,Debit,Discretionary,474,good
128,2023-04-01,Credit,Salary,2185,good
128,2023-04-19,Debit,Discretionary,519,good
128,2023-05-01,Credit,Salary,1901,good
128,2023-05-16,Debit,Discretionary,499,good
128,2023-05-31,Credit,Salary,1965,good
128,2023-06-22,Debit,Discretionary,528,good
129,2023-01-01,Credit,Salary,1963,bad
129,2023-01-10,Debit,UPI_Lending_App,147,bad
129,2023-01-17,Debit,Discretionary,488,bad
129,2023-01-21,Debit,UPI_Lending_App,61,bad
129,2023-01-31,Credit,Salary,1833,bad
129,2023-02-02,Debit,UPI_Lending_App,108,bad
129,2023-02-05,Debit,UPI_Lending_App,167,bad
129,2023-02-14,Debit,Discretionary,527,bad
129,2023-02-19,Debit,UPI_Lending_App,58,bad
129,2023-02-26,Debit,UPI_Lending_App,374,bad
129,2023-03-02,Credit,Salary,2058,bad
129,2023-03-07,Debit,UPI_Lending_App,378,bad
129,2023-03-08,Debit,UPI_Lending_App,294,bad
129,2023-03-08,Debit,UPI_Lending_App,469,bad
129,2023-03-11,Debit,UPI_Lending_App,117,bad
129,2023-03-12,Debit,Discretionary,539,bad
129,2023-03-23,Debit,UPI_Lending_App,57,bad
129,2023-04-01,Credit,Salary,2176,bad
129,2023-04-14,Debit,Discretionary,523,bad
129,2023-04-17,Debit,UPI_Lending_App,80,bad
129,2023-04-22,Debit,UPI_Lending_App,269,bad
129,2023-04-22,Debit,UPI_Lending_App,276,bad
129,2023-04-26,Debit,UPI_Lending_App,200,bad
129,2023-05-01,Credit,Salary,2037,bad
129,2023-05-09,Debit,UPI_Lending_App,282,bad
129,2023-05-11,Debit,UPI_Lending_App,91,bad
129,2023-05-12,Debit,Discretionary,93,bad
129,2023-05-13,Debit,UPI_Lending_App,182,bad
129,2023-05-28,Debit,UPI_Lending_App,378,bad
129,2023-05-29,Debit,UPI_Lending_App,260,bad
129,2023-06-03,Credit,Salary,1812,bad
129,2023-06-08,Debit,UPI_Lending_App,226,bad
129,2023-06-08,Debit,Discretionary,141,bad
129,2023-06-27,Debit,UPI_Lending_App,100,bad
130,2023-01-01,Credit,Salary,1887,good
130,2023-01-20,Debit,Discretionary,505,good
130,2023-01-31,Credit,Salary,1941,good
130,2023-02-14,Debit,Discretionary,543,good
130,2023-02-19,Debit,UPI_Lending_App,52,good
130,2023-03-02,Credit,Salary,1803,good
130,2023-03-19,Debit,Discretionary,541,good
130,2023-04-01,Credit,Salary,2104,good
130,2023-04-15,Debit,Discretionary,514,good
130,2023-05-01,Credit,Salary,2059,good
130,2023-05-10,Debit,Discretionary,476,good
130,2023-05-31,Credit,Salary,2096,good
130,2023-06-17,Debit,Discretionary,540,good
131,2023-01-01,Credit,Salary,2049,bad
131,2023-01-05,Debit,UPI_Lending_App,494,bad
131,2023-01-08,Debit,UPI_Lending_App,102,bad
131,2023-01-08,Debit,UPI_Lending_App,463,bad
131,2023-01-24,Debit,Discretionary,462,bad
131,2023-01-26,Debit,UPI_Lending_App,245,bad
131,2023-01-31,Credit,Salary,1917,bad
131,2023-02-03,Debit,UPI_Lending_App,164,bad
131,2023-02-05,Debit,UPI_Lending_App,330,bad
131,2023-02-23,Debit,Discretionary,463,bad
131,2023-03-02,Credit,Salary,1951,bad
131,2023-03-16,Debit,UPI_Lending_App,122,bad
131,2023-03-24,Debit,Discretionary,530,bad
131,2023-04-01,Credit,Salary,2116,bad
131,2023-04-03,Debit,UPI_Lending_App,373,bad
131,2023-04-05,Debit,UPI_Lending_App,274,bad
131,2023-04-08,Debit,UPI_Lending_App,148,bad
131,2023-04-21,Debit,UPI_Lending_App,374,bad
131,2023-04-23,Debit,Discretionary,487,bad
131,2023-04-24,Debit,UPI_Lending_App,263,bad
131,2023-05-01,Credit,Salary,2200,bad
131,2023-05-09,Debit,Discretionary,85,bad
131,2023-05-19,Debit,UPI_Lending_App,75,bad
131,2023-06-06,Credit,Salary,1913,bad
131,2023-06-10,Debit,UPI_Lending_App,440,bad
131,2023-06-24,Debit,Discretionary,134,bad
132,2023-01-01,Credit,Salary,2159,good
132,2023-01-17,Debit,Discretionary,455,good
132,2023-01-31,Credit,Salary,2113,good
132,2023-02-14,Debit,Discretionary,523,good
132,2023-03-02,Credit,Salary,2070,good
132,2023-03-23,Debit,Discretionary,550,good
132,2023-04-01,Credit,Salary,2198,good
132,2023-04-05,Debit,UPI_Lending_App,65,good
132,2023-04-20,Debit,Discretionary,488,good
132,2023-05-01,Credit,Salary,1837,good
132,2023-05-19,Debit,Discretionary,478,good
132,2023-05-31,Credit,Salary,1998,good
132,2023-06-08,Debit,Discretionary,486,good
133,2023-01-01,Credit,Salary,1869,good
133,2023-01-07,Debit,Discretionary,545,good
133,2023-01-31,Credit,Salary,2068,good
133,2023-02-05,Debit,Discretionary,495,good
133,2023-03-02,Credit,Salary,2129,good
133,2023-03-18,Debit,Discretionary,519,good
133,2023-04-01,Credit,Salary,1979,good
133,2023-04-19,Debit,Discretionary,543,good
133,2023-05-01,Credit,Salary,2152,good
133,2023-05-16,Debit,Discretionary,483,good
133,2023-05-31,Credit,Salary,1831,good
133,2023-06-19,Debit,Discretionary,515,good
134,2023-01-01,Credit,Salary,2116,good
134,2023-01-19,Debit,Discretionary,495,good
134,2023-01-31,Credit,Salary,1994,good
134,2023-02-05,Debit,Discretionary,520,good
134,2023-03-02,Credit,Salary,2006,good
134,2023-03-21,Debit,Discretionary,534,good
134,2023-04-01,Credit,Salary,1852,good
134,2023-04-07,Debit,Discretionary,546,good
134,2023-05-01,Credit,Salary,1812,good
134,2023-05-06,Debit,Discretionary,513,good
134,2023-05-31,Credit,Salary,1845,good
134,2023-06-19,Debit,Discretionary,461,good
135,2023-01-01,Credit,Salary,1868,good
135,2023-01-14,Debit,Discretionary,480,good
135,2023-01-31,Credit,Salary,2051,good
135,2023-02-20,Debit,Discretionary,549,good
135,2023-03-02,Credit,Salary,2198,good
135,2023-03-18,Debit,Discretionary,510,good
135,2023-04-01,Credit,Salary,1999,good
135,2023-04-13,Debit,Discretionary,512,good
135,2023-05-01,Credit,Salary,2124,good
135,2023-05-09,Debit,Discretionary,539,good
135,2023-05-31,Credit,Salary,2187,good
135,2023-06-13,Debit,Discretionary,542,good
136,2023-01-01,Credit,Salary,2012,good
136,2023-01-10,Debit,Discretionary,524,good
136,2023-01-28,Debit,UPI_Lending_App,382,good
136,2023-01-31,Credit,Salary,2077,good
136,2023-02-21,Debit,Discretionary,464,good
136,2023-03-02,Credit,Salary,2111,good
136,2023-03-17,Debit,Discretionary,502,good
136,2023-04-01,Credit,Salary,2199,good
136,2023-04-12,Debit,Discretionary,550,good
136,2023-05-01,Credit,Salary,2100,good
136,2023-05-19,Debit,Discretionary,512,good
136,2023-05-31,Credit,Salary,1800,good
136,2023-06-25,Debit,Discretionary,516,good
137,2023-01-01,Credit,Salary,1983,bad
137,2023-01-11,Debit,UPI_Lending_App,50,bad
137,2023-01-15,Debit,UPI_Lending_App,100,bad
137,2023-01-18,Debit,UPI_Lending_App,191,bad
137,2023-01-21,Debit,Discretionary,524,bad
137,2023-01-25,Debit,UPI_Lending_App,97,bad
137,2023-01-29,Debit,UPI_Lending_App,416,bad
137,2023-01-31,Credit,Salary,1878,bad
137,2023-02-07,Debit,Discretionary,524,bad
137,2023-02-18,Debit,UPI_Lending_App,196,bad
137,2023-03-02,Credit,Salary,1843,bad
137,2023-03-26,Debit,Discretionary,550,bad
137,2023-03-28,Debit,UPI_Lending_App,222,bad
137,2023-04-01,Credit,Salary,1914,bad
137,2023-04-06,Debit,UPI_Lending_App,67,bad
137,2023-04-12,Debit,Discretionary,519,bad
137,2023-04-15,Debit,UPI_Lending_App,332,bad
137,2023-04-21,Debit,UPI_Lending_App,461,bad
137,2023-04-27,Debit,UPI_Lending_App,311,bad
137,2023-04-27,Debit,UPI_Lending_App,465,bad
137,2023-05-01,Credit,Salary,1902,bad
137,2023-05-12,Debit,Discretionary,149,bad
137,2023-05-20,Debit,UPI_Lending_App,69,bad
137,2023-05-31,Credit,Salary,1806,bad
137,2023-06-17,Debit,Discretionary,78,bad
137,2023-06-19,Debit,UPI_Lending_App,294,bad
137,2023-06-19,Debit,UPI_Lending_App,452,bad
137,2023-06-21,Debit,UPI_Lending_App,367,bad
138,2023-01-01,Credit,Salary,2023,good
138,2023-01-19,Debit,Discretionary,498,good
138,2023-01-31,Credit,Salary,2105,good
138,2023-02-19,Debit,Discretionary,516,good
138,2023-03-02,Credit,Salary,1933,good
138,2023-03-15,Debit,Discretionary,528,good
138,2023-04-01,Credit,Salary,2106,good
138,2023-04-14,Debit,Discretionary,455,good
138,2023-05-01,Credit,Salary,1902,good
138,2023-05-14,Debit,Discretionary,511,good
138,2023-05-31,Credit,Salary,1856,good
138,2023-06-20,Debit,Discretionary,491,good
139,2023-01-01,Credit,Salary,2108,good
139,2023-01-06,Debit,Discretionary,485,good
139,2023-01-31,Credit,Salary,1816,good
139,2023-02-14,Debit,Discretionary,540,good
139,2023-03-02,Credit,Salary,2045,good
139,2023-03-08,Debit,Discretionary,506,good
139,2023-04-01,Credit,Salary,2113,good
139,2023-04-07,Debit,Discretionary,497,good
139,2023-05-01,Credit,Salary,1822,good
139,2023-05-06,Debit,Discretionary,502,good
139,2023-05-31,Credit,Salary,2131,good
139,2023-06-09,Debit,Discretionary,538,good
140,2023-01-01,Credit,Salary,2146,good
140,2023-01-09,Debit,UPI_Lending_App,249,good
140,2023-01-14,Debit,Discretionary,453,good
140,2023-01-31,Credit,Salary,2010,good
140,2023-02-12,Debit,Discretionary,530,good
140,2023-03-02,Credit,Salary,1989,good
140,2023-03-23,Debit,Discretionary,514,good
140,2023-04-01,Credit,Salary,2077,good
140,2023-04-18,Debit,UPI_Lending_App,456,good
140,2023-04-23,Debit,Discretionary,468,good
140,2023-05-01,Credit,Salary,1970,good
140,2023-05-25,Debit,Discretionary,550,good
140,2023-05-31,Credit,Salary,1847,good
140,2023-06-05,Debit,Discretionary,526,good
141,2023-01-01,Credit,Salary,2101,good
141,2023-01-25,Debit,Discretionary,460,good
141,2023-01-31,Credit,Salary,2070,good
141,2023-02-25,Debit,Discretionary,468,good
141,2023-03-02,Credit,Salary,1856,good
141,2023-03-10,Debit,Discretionary,470,good
141,2023-04-01,Credit,Salary,2034,good
141,2023-04-06,Debit,Discretionary,482,good
141,2023-05-01,Credit,Salary,1946,good
141,2023-05-07,Debit,Discretionary,510,good
141,2023-05-31,Credit,Salary,2096,good
141,2023-06-12,Debit,Discretionary,544,good
142,2023-01-01,Credit,Salary,1821,good
142,2023-01-13,Debit,Discretionary,545,good
142,2023-01-31,Credit,Salary,2150,good
142,2023-02-17,Debit,Discretionary,522,good
142,2023-03-02,Credit,Salary,2145,good
142,2023-03-19,Debit,Discretionary,452,good
142,2023-04-01,Credit,Salary,1963,good
142,2023-04-21,Debit,Discretionary,456,good
142,2023-05-01,Credit,Salary,2076,good
142,2023-05-16,Debit,Discretionary,467,good
142,2023-05-31,Credit,Salary,2089,good
142,2023-06-12,Debit,UPI_Lending_App,146,good
142,2023-06-21,Debit,Discretionary,549,good
143,2023-01-01,Credit,Salary,2064,bad
143,2023-01-10,Debit,Discretionary,508,bad
143,2023-01-19,Debit,UPI_Lending_App,302,bad
143,2023-01-31,Credit,Salary,2082,bad
143,2023-02-05,Debit,UPI_Lending_App,483,bad
143,2023-02-05,Debit,Discretionary,502,bad
143,2023-02-21,Debit,UPI_Lending_App,185,bad
143,2023-03-02,Credit,Salary,2198,bad
143,2023-03-15,Debit,UPI_Lending_App,188,bad
143,2023-03-21,Debit,Discretionary,506,bad
143,2023-04-01,Credit,Salary,1982,bad
143,2023-04-08,Debit,UPI_Lending_App,428,bad
143,2023-04-08,Debit,UPI_Lending_App,325,bad
143,2023-04-11,Debit,UPI_Lending_App,427,bad
143,2023-04-11,Debit,UPI_Lending_App,221,bad
143,2023-04-22,Debit,UPI_Lending_App,89,bad
143,2023-04-23,Debit,Discretionary,516,bad
143,2023-05-01,Credit,Salary,1809,bad
143,2023-05-03,Debit,UPI_Lending_App,464,bad
143,2023-05-12,Debit,UPI_Lending_App,447,bad
143,2023-05-14,Debit,UPI_Lending_App,62,bad
143,2023-05-24,Debit,Discretionary,107,bad
143,2023-05-26,Debit,UPI_Lending_App,125,bad
143,2023-05-28,Debit,UPI_Lending_App,407,bad
143,2023-06-03,Credit,Salary,1819,bad
143,2023-06-03,Debit,UPI_Lending_App,89,bad
143,2023-06-03,Debit,UPI_Lending_App,181,bad
143,2023-06-05,Debit,Discretionary,130,bad
143,2023-06-13,Debit,UPI_Lending_App,176,bad
144,2023-01-01,Credit,Salary,1881,good
144,2023-01-22,Debit,Discretionary,526,good
144,2023-01-31,Credit,Salary,1882,good
144,2023-02-12,Debit,Discretionary,455,good
144,2023-03-02,Credit,Salary,2044,good
144,2023-03-09,Debit,Discretionary,484,good
144,2023-04-01,Credit,Salary,2030,good
144,2023-04-14,Debit,Discretionary,522,good
144,2023-05-01,Credit,Salary,1977,good
144,2023-05-24,Debit,Discretionary,466,good
144,2023-05-31,Credit,Salary,1935,good
144,2023-06-17,Debit,Discretionary,488,good
145,2023-01-01,Credit,Salary,1826,good
145,2023-01-12,Debit,Discretionary,504,good
145,2023-01-31,Credit,Salary,1972,good
145,2023-02-25,Debit,Discretionary,493,good
145,2023-03-02,Credit,Salary,2185,good
145,2023-03-25,Debit,Discretionary,457,good
145,2023-04-01,Credit,Salary,2135,good
145,2023-04-26,Debit,Discretionary,459,good
145,2023-05-01,Credit,Salary,1959,good
145,2023-05-22,Debit,Discretionary,493,good
145,2023-05-31,Credit,Salary,1832,good
145,2023-06-06,Debit,Discretionary,526,good
146,2023-01-01,Credit,Salary,1957,good
146,2023-01-12,Debit,Discretionary,508,good
146,2023-01-31,Credit,Salary,2086,good
146,2023-02-22,Debit,Discretionary,529,good
146,2023-03-02,Credit,Salary,2159,good
146,2023-03-16,Debit,Discretionary,462,good
146,2023-04-01,Credit,Salary,1999,good
146,2023-04-19,Debit,Discretionary,458,good
146,2023-05-01,Credit,Salary,2085,good
146,2023-05-24,Debit,Discretionary,538,good
146,2023-05-31,Credit,Salary,1949,good
146,2023-06-22,Debit,Discretionary,482,good
147,2023-01-01,Credit,Salary,1934,good
147,2023-01-08,Debit,Discretionary,492,good
147,2023-01-31,Credit,Salary,2062,good
147,2023-02-03,Debit,UPI_Lending_App,369,good
147,2023-02-06,Debit,Discretionary,528,good
147,2023-03-02,Credit,Salary,1843,good
147,2023-03-24,Debit,Discretionary,522,good
147,2023-04-01,Credit,Salary,2178,good
147,2023-04-13,Debit,Discretionary,533,good
147,2023-05-01,Credit,Salary,1968,good
147,2023-05-11,Debit,Discretionary,533,good
147,2023-05-31,Credit,Salary,2187,good
147,2023-06-15,Debit,Discretionary,484,good
148,2023-01-01,Credit,Salary,2091,good
148,2023-01-10,Debit,Discretionary,471,good
148,2023-01-31,Credit,Salary,1868,good
148,2023-02-25,Debit,Discretionary,510,good
148,2023-03-02,Credit,Salary,1923,good
148,2023-03-07,Debit,Discretionary,535,good
148,2023-04-01,Credit,Salary,2173,good
148,2023-04-11,Debit,Discretionary,525,good
148,2023-05-01,Credit,Salary,1915,good
148,2023-05-07,Debit,Discretionary,479,good
148,2023-05-31,Credit,Salary,2002,good
148,2023-06-07,Debit,Discretionary,528,good
149,2023-01-01,Credit,Salary,1981,good
149,2023-01-22,Debit,Discretionary,494,good
149,2023-01-31,Credit,Salary,2076,good
149,2023-02-17,Debit,Discretionary,472,good
149,2023-03-02,Credit,Salary,1993,good
149,2023-03-20,Debit,Discretionary,515,good
149,2023-04-01,Credit,Salary,1894,good
149,2023-04-10,Debit,Discretionary,544,good
149,2023-05-01,Credit,Salary,1815,good
149,2023-05-16,Debit,Discretionary,521,good
149,2023-05-28,Debit,UPI_Lending_App,106,good
149,2023-05-31,Credit,Salary,2183,good
149,2023-06-23,Debit,Discretionary,545,good
150,2023-01-01,Credit,Salary,2134,good
150,2023-01-10,Debit,Discretionary,495,good
150,2023-01-31,Credit,Salary,1845,good
150,2023-02-02,Debit,UPI_Lending_App,196,good
150,2023-02-12,Debit,Discretionary,497,good
150,2023-03-02,Credit,Salary,1917,good
150,2023-03-24,Debit,Discretionary,493,good
150,2023-04-01,Credit,Salary,1885,good
150,2023-04-09,Debit,Discretionary,458,good
150,2023-05-01,Credit,Salary,2009,good
150,2023-05-19,Debit,Discretionary,549,good
150,2023-05-31,Credit,Salary,1957,good
150,2023-06-15,Debit,Discretionary,504,good
151,2023-01-01,Credit,Salary,1862,good
151,2023-01-10,Debit,Discretionary,499,good
151,2023-01-24,Debit,UPI_Lending_App,416,good
151,2023-01-31,Credit,Salary,1946,good
151,2023-02-08,Debit,Discretionary,520,good
151,2023-03-02,Credit,Salary,1834,good
151,2023-03-22,Debit,Discretionary,480,good
151,2023-04-01,Credit,Salary,2127,good
151,2023-04-19,Debit,Discretionary,509,good
151,2023-05-01,Credit,Salary,2181,good
151,2023-05-15,Debit,Discretionary,525,good
151,2023-05-31,Credit,Salary,1937,good
151,2023-06-07,Debit,Discretionary,456,good
152,2023-01-01,Credit,Salary,1989,good
152,2023-01-10,Debit,Discretionary,541,good
152,2023-01-31,Credit,Salary,2000,good
152,2023-02-10,Debit,Discretionary,456,good
152,2023-03-02,Credit,Salary,2155,good
152,2023-03-21,Debit,Discretionary,510,good
152,2023-04-01,Credit,Salary,1936,good
152,2023-04-07,Debit,Discretionary,457,good
152,2023-05-01,Credit,Salary,1812,good
152,2023-05-24,Debit,Discretionary,531,good
152,2023-05-31,Credit,Salary,2145,good
152,2023-06-10,Debit,Discretionary,536,good
153,2023-01-01,Credit,Salary,2158,good
153,2023-01-11,Debit,Discretionary,537,good
153,2023-01-31,Credit,Salary,1911,good
153,2023-02-10,Debit,Discretionary,464,good
153,2023-03-02,Credit,Salary,2197,good
153,2023-03-09,Debit,Discretionary,502,good
153,2023-04-01,Credit,Salary,1933,good
153,2023-04-09,Debit,Discretionary,532,good
153,2023-05-01,Credit,Salary,1877,good
153,2023-05-18,Debit,Discretionary,515,good
153,2023-05-31,Credit,Salary,2032,good
153,2023-06-14,Debit,Discretionary,540,good
154,2023-01-01,Credit,Salary,2068,good
154,2023-01-14,Debit,Discretionary,478,good
154,2023-01-31,Credit,Salary,2000,good
154,2023-02-06,Debit,Discretionary,494,good
154,2023-03-02,Credit,Salary,2122,good
154,2023-03-13,Debit,Discretionary,483,good
154,2023-04-01,Credit,Salary,2122,good
154,2023-04-07,Debit,Discretionary,472,good
154,2023-05-01,Credit,Salary,1868,good
154,2023-05-20,Debit,Discretionary,547,good
154,2023-05-31,Credit,Salary,2024,good
154,2023-06-25,Debit,Discretionary,506,good
155,2023-01-01,Credit,Salary,1800,bad
155,2023-01-03,Debit,UPI_Lending_App,473,bad
155,2023-01-14,Debit,UPI_Lending_App,345,bad
155,2023-01-26,Debit,Discretionary,498,bad
155,2023-01-27,Debit,UPI_Lending_App,443,bad
155,2023-01-31,Credit,Salary,1872,bad
155,2023-02-06,Debit,Discretionary,548,bad
155,2023-02-13,Debit,UPI_Lending_App,318,bad
155,2023-02-20,Debit,UPI_Lending_App,217,bad
155,2023-03-02,Credit,Salary,2107,bad
155,2023-03-04,Debit,UPI_Lending_App,180,bad
155,2023-03-04,Debit,UPI_Lending_App,302,bad
155,2023-03-04,Debit,UPI_Lending_App,422,bad
155,2023-03-15,Debit,Discretionary,509,bad
155,2023-03-25,Debit,UPI_Lending_App,85,bad
155,2023-03-27,Debit,UPI_Lending_App,97,bad
155,2023-04-01,Credit,Salary,1893,bad
155,2023-04-18,Debit,UPI_Lending_App,124,bad
155,2023-04-18,Debit,Discretionary,530,bad
155,2023-04-19,Debit,UPI_Lending_App,306,bad
155,2023-05-06,Credit,Salary,2008,bad
155,2023-05-07,Debit,UPI_Lending_App,185,bad
155,2023-05-10,Debit,UPI_Lending_App,480,bad
155,2023-05-14,Debit,UPI_Lending_App,188,bad
155,2023-05-16,Debit,Discretionary,124,bad
155,2023-05-18,Debit,UPI_Lending_App,356,bad
155,2023-05-31,Credit,Salary,2183,bad
155,2023-06-05,Debit,UPI_Lending_App,459,bad
155,2023-06-07,Debit,UPI_Lending_App,377,bad
155,2023-06-10,Debit,Discretionary,51,bad
155,2023-06-26,Debit,UPI_Lending_App,341,bad
155,2023-06-28,Debit,UPI_Lending_App,472,bad
156,2023-01-01,Credit,Salary,1930,good
156,2023-01-12,Debit,Discretionary,542,good
156,2023-01-31,Credit,Salary,1843,good
156,2023-02-16,Debit,Discretionary,514,good
156,2023-03-02,Credit,Salary,1878,good
156,2023-03-19,Debit,Discretionary,509,good
156,2023-04-01,Credit,Salary,2132,good
156,2023-04-24,Debit,Discretionary,535,good
156,2023-05-01,Credit,Salary,2080,good
156,2023-05-12,Debit,Discretionary,538,good
156,2023-05-31,Credit,Salary,1854,good
156,2023-06-18,Debit,Discretionary,473,good
157,2023-01-01,Credit,Salary,1816,good
157,2023-01-21,Debit,Discretionary,543,good
157,2023-01-31,Credit,Salary,1830,good
157,2023-02-11,Debit,Discretionary,501,good
157,2023-03-02,Credit,Salary,1901,good
157,2023-03-22,Debit,Discretionary,501,good
157,2023-04-01,Credit,Salary,2077,good
157,2023-04-10,Debit,Discretionary,502,good
157,2023-05-01,Credit,Salary,2107,good
157,2023-05-18,Debit,Discretionary,507,good
157,2023-05-31,Credit,Salary,1922,good
157,2023-06-11,Debit,Discretionary,515,good
158,2023-01-01,Credit,Salary,1936,good
158,2023-01-09,Debit,Discretionary,512,good
158,2023-01-31,Credit,Salary,2153,good
158,2023-02-17,Debit,Discretionary,457,good
158,2023-03-02,Credit,Salary,2161,good
158,2023-03-10,Debit,Discretionary,508,good
158,2023-04-01,Credit,Salary,1974,good
158,2023-04-20,Debit,Discretionary,514,good
158,2023-05-01,Credit,Salary,2079,good
158,2023-05-18,Debit,Discretionary,465,good
158,2023-05-31,Credit,Salary,2106,good
158,2023-06-08,Debit,Discretionary,496,good
159,2023-01-01,Credit,Salary,1847,good
159,2023-01-22,Debit,Discretionary,494,good
159,2023-01-27,Debit,UPI_Lending_App,212,good
159,2023-01-31,Credit,Salary,2121,good
159,2023-02-23,Debit,Discretionary,470,good
159,2023-03-02,Credit,Salary,1964,good
159,2023-03-26,Debit,Discretionary,546,good
159,2023-04-01,Credit,Salary,2090,good
159,2023-04-17,Debit,Discretionary,475,good
159,2023-05-01,Credit,Salary,1988,good
159,2023-05-07,Debit,Discretionary,505,good
159,2023-05-31,Credit,Salary,2028,good
159,2023-06-08,Debit,UPI_Lending_App,210,good
159,2023-06-23,Debit,Discretionary,481,good
160,2023-01-01,Credit,Salary,2089,good
160,2023-01-10,Debit,Discretionary,465,good
160,2023-01-31,Credit,Salary,2085,good
160,2023-02-11,Debit,Discretionary,503,good
160,2023-03-02,Credit,Salary,1868,good
160,2023-03-18,Debit,Discretionary,452,good
160,2023-04-01,Credit,Salary,1817,good
160,2023-04-21,Debit,Discretionary,543,good
160,2023-05-01,Credit,Salary,1851,good
160,2023-05-07,Debit,Discretionary,475,good
160,2023-05-31,Credit,Salary,1808,good
160,2023-06-24,Debit,Discretionary,545,good
161,2023-01-01,Credit,Salary,2175,good
161,2023-01-20,Debit,Discretionary,479,good
161,2023-01-31,Credit,Salary,2080,good
161,2023-02-19,Debit,Discretionary,485,good
161,2023-03-02,Credit,Salary,1814,good
161,2023-03-11,Debit,Discretionary,466,good
161,2023-04-01,Credit,Salary,2010,good
161,2023-04-12,Debit,Discretionary,488,good
161,2023-05-01,Credit,Salary,2058,good
161,2023-05-11,Debit,Discretionary,453,good
161,2023-05-31,Credit,Salary,2113,good
161,2023-06-09,Debit,Discretionary,537,good
162,2023-01-01,Credit,Salary,1866,good
162,2023-01-26,Debit,Discretionary,535,good
162,2023-01-31,Credit,Salary,2036,good
162,2023-02-25,Debit,Discretionary,519,good
162,2023-03-02,Credit,Salary,1963,good
162,2023-03-09,Debit,UPI_Lending_App,415,good
162,2023-03-12,Debit,Discretionary,550,good
162,2023-04-01,Credit,Salary,1806,good
162,2023-04-23,Debit,Discretionary,497,good
162,2023-05-01,Credit,Salary,2051,good
162,2023-05-11,Debit,Discretionary,508,good
162,2023-05-31,Credit,Salary,2119,good
162,2023-06-20,Debit,Discretionary,537,good
163,2023-01-01,Credit,Salary,2054,good
163,2023-01-25,Debit,Discretionary,474,good
163,2023-01-31,Credit,Salary,1801,good
163,2023-02-14,Debit,Discretionary,523,good
163,2023-03-02,Credit,Salary,2165,good
163,2023-03-07,Debit,Discretionary,515,good
163,2023-04-01,Credit,Salary,1970,good
163,2023-04-25,Debit,Discretionary,458,good
163,2023-05-01,Credit,Salary,2159,good
163,2023-05-11,Debit,UPI_Lending_App,52,good
163,2023-05-13,Debit,Discretionary,543,good
163,2023-05-31,Credit,Salary,2172,good
163,2023-06-09,Debit,Discretionary,521,good
164,2023-01-01,Credit,Salary,2114,good
164,2023-01-19,Debit,Discretionary,521,good
164,2023-01-31,Credit,Salary,2188,good
164,2023-02-25,Debit,Discretionary,470,good
164,2023-03-02,Credit,Salary,2016,good
164,2023-03-08,Debit,Discretionary,485,good
164,2023-04-01,Credit,Salary,2093,good
164,2023-04-22,Debit,Discretionary,456,good
164,2023-05-01,Credit,Salary,1833,good
164,2023-05-25,Debit,Discretionary,477,good
164,2023-05-31,Credit,Salary,1819,good
164,2023-06-21,Debit,Discretionary,486,good
165,2023-01-01,Credit,Salary,2165,good
165,2023-01-14,Debit,Discretionary,481,good
165,2023-01-31,Credit,Salary,1853,good
165,2023-02-11,Debit,Discretionary,508,good
165,2023-03-02,Credit,Salary,2043,good
165,2023-03-24,Debit,Discretionary,509,good
165,2023-04-01,Credit,Salary,2173,good
165,2023-04-07,Debit,Discretionary,470,good
165,2023-05-01,Credit,Salary,2001,good
165,2023-05-07,Debit,UPI_Lending_App,220,good
165,2023-05-10,Debit,Discretionary,543,good
165,2023-05-31,Credit,Salary,2101,good
165,2023-06-18,Debit,Discretionary,491,good
166,2023-01-01,Credit,Salary,2040,bad
166,2023-01-06,Debit,UPI_Lending_App,298,bad
166,2023-01-08,Debit,UPI_Lending_App,442,bad
166,2023-01-18,Debit,Discretionary,524,bad
166,2023-01-20,Debit,UPI_Lending_App,86,bad
166,2023-01-23,Debit,UPI_Lending_App,169,bad
166,2023-01-31,Credit,Salary,2117,bad
166,2023-02-05,Debit,Discretionary,505,bad
166,2023-02-10,Debit,UPI_Lending_App,207,bad
166,2023-02-19,Debit,UPI_Lending_App,393,bad
166,2023-03-02,Credit,Salary,1814,bad
166,2023-03-17,Debit,Discretionary,531,bad
166,2023-03-24,Debit,UPI_Lending_App,173,bad
166,2023-04-01,Credit,Salary,1829,bad
166,2023-04-17,Debit,Discretionary,463,bad
166,2023-04-26,Debit,UPI_Lending_App,472,bad
166,2023-04-29,Debit,UPI_Lending_App,267,bad
166,2023-05-01,Credit,Salary,2165,bad
166,2023-05-16,Debit,Discretionary,71,bad
166,2023-05-23,Debit,UPI_Lending_App,472,bad
166,2023-06-06,Credit,Salary,1925,bad
166,2023-06-21,Debit,Discretionary,133,bad
166,2023-06-27,Debit,UPI_Lending_App,471,bad
167,2023-01-01,Credit,Salary,2071,good
167,2023-01-21,Debit,Discretionary,488,good
167,2023-01-31,Credit,Salary,2089,good
167,2023-02-07,Debit,Discretionary,512,good
167,2023-03-02,Credit,Salary,2076,good
167,2023-03-10,Debit,Discretionary,506,good
167,2023-03-26,Debit,UPI_Lending_App,56,good
167,2023-04-01,Credit,Salary,2060,good
167,2023-04-20,Debit,Discretionary,474,good
167,2023-05-01,Credit,Salary,1880,good
167,2023-05-24,Debit,Discretionary,538,good
167,2023-05-31,Credit,Salary,2147,good
167,2023-06-11,Debit,Discretionary,527,good
168,2023-01-01,Credit,Salary,1813,good
168,2023-01-04,Debit,UPI_Lending_App,482,good
168,2023-01-12,Debit,Discretionary,482,good
168,2023-01-31,Credit,Salary,2167,good
168,2023-02-12,Debit,Discretionary,476,good
168,2023-03-02,Credit,Salary,2098,good
168,2023-03-16,Debit,UPI_Lending_App,145,good
168,2023-03-27,Debit,Discretionary,513,good
168,2023-04-01,Credit,Salary,1890,good
168,2023-04-13,Debit,Discretionary,515,good
168,2023-05-01,Credit,Salary,1847,good
168,2023-05-14,Debit,Discretionary,549,good
168,2023-05-31,Credit,Salary,2076,good
168,2023-06-06,Debit,Discretionary,471,good
168,2023-06-16,Debit,UPI_Lending_App,489,good
169,2023-01-01,Credit,Salary,2062,bad
169,2023-01-11,Debit,Discretionary,482,bad
169,2023-01-20,Debit,UPI_Lending_App,135,bad
169,2023-01-21,Debit,UPI_Lending_App,468,bad
169,2023-01-24,Debit,UPI_Lending_App,138,bad
169,2023-01-31,Credit,Salary,2073,bad
169,2023-02-20,Debit,Discretionary,467,bad
169,2023-02-23,Debit,UPI_Lending_App,245,bad
169,2023-03-02,Credit,Salary,2014,bad
169,2023-03-11,Debit,UPI_Lending_App,109,bad
169,2023-03-18,Debit,Discretionary,533,bad
169,2023-04-01,Credit,Salary,1893,bad
169,2023-04-02,Debit,UPI_Lending_App,328,bad
169,2023-04-20,Debit,UPI_Lending_App,471,bad
169,2023-04-22,Debit,UPI_Lending_App,262,bad
169,2023-04-25,Debit,UPI_Lending_App,493,bad
169,2023-04-25,Debit,Discretionary,465,bad
169,2023-04-28,Debit,UPI_Lending_App,201,bad
169,2023-05-08,Credit,Salary,1871,bad
169,2023-05-09,Debit,Discretionary,146,bad
169,2023-05-21,Debit,UPI_Lending_App,207,bad
169,2023-06-04,Credit,Salary,1917,bad
169,2023-06-10,Debit,UPI_Lending_App,233,bad
169,2023-06-12,Debit,UPI_Lending_App,452,bad
169,2023-06-14,Debit,UPI_Lending_App,433,bad
169,2023-06-17,Debit,Discretionary,53,bad
170,2023-01-01,Credit,Salary,2002,bad
170,2023-01-11,Debit,UPI_Lending_App,477,bad
170,2023-01-11,Debit,Discretionary,475,bad
170,2023-01-15,Debit,UPI_Lending_App,448,bad
170,2023-01-16,Debit,UPI_Lending_App,70,bad
170,2023-01-21,Debit,UPI_Lending_App,139,bad
170,2023-01-31,Credit,Salary,2058,bad
170,2023-02-12,Debit,Discretionary,466,bad
170,2023-02-22,Debit,UPI_Lending_App,214,bad
170,2023-03-02,Credit,Salary,1963,bad
170,2023-03-27,Debit,Discretionary,476,bad
170,2023-03-28,Debit,UPI_Lending_App,379,bad
170,2023-04-01,Credit,Salary,2168,bad
170,2023-04-14,Debit,UPI_Lending_App,427,bad
170,2023-04-22,Debit,UPI_Lending_App,62,bad
170,2023-04-25,Debit,Discretionary,512,bad
170,2023-05-01,Credit,Salary,1905,bad
170,2023-05-16,Debit,Discretionary,127,bad
170,2023-05-18,Debit,UPI_Lending_App,248,bad
170,2023-05-19,Debit,UPI_Lending_App,366,bad
170,2023-05-22,Debit,UPI_Lending_App,165,bad
170,2023-06-04,Debit,UPI_Lending_App,251,bad
170,2023-06-05,Credit,Salary,2172,bad
170,2023-06-10,Debit,UPI_Lending_App,84,bad
170,2023-06-14,Debit,Discretionary,111,bad
170,2023-06-15,Debit,UPI_Lending_App,480,bad
170,2023-06-26,Debit,UPI_Lending_App,294,bad
171,2023-01-01,Credit,Salary,1940,good
171,2023-01-20,Debit,Discretionary,474,good
171,2023-01-31,Credit,Salary,1953,good
171,2023-02-18,Debit,Discretionary,462,good
171,2023-03-02,Credit,Salary,1966,good
171,2023-03-07,Debit,Discretionary,484,good
171,2023-04-01,Credit,Salary,2016,good
171,2023-04-06,Debit,Discretionary,468,good
171,2023-05-01,Credit,Salary,2135,good
171,2023-05-12,Debit,Discretionary,546,good
171,2023-05-31,Credit,Salary,1973,good
171,2023-06-06,Debit,Discretionary,457,good
172,2023-01-01,Credit,Salary,1910,bad
172,2023-01-02,Debit,UPI_Lending_App,249,bad
172,2023-01-04,Debit,UPI_Lending_App,371,bad
172,2023-01-06,Debit,UPI_Lending_App,411,bad
172,2023-01-10,Debit,Discretionary,513,bad
172,2023-01-16,Debit,UPI_Lending_App,304,bad
172,2023-01-29,Debit,UPI_Lending_App,60,bad
172,2023-01-31,Credit,Salary,1818,bad
172,2023-02-02,Debit,UPI_Lending_App,69,bad
172,2023-02-04,Debit,UPI_Lending_App,100,bad
172,2023-02-10,Debit,UPI_Lending_App,306,bad
172,2023-02-11,Debit,UPI_Lending_App,367,bad
172,2023-02-16,Debit,Discretionary,548,bad
172,2023-02-19,Debit,UPI_Lending_App,144,bad
172,2023-03-02,Credit,Salary,2092,bad
172,2023-03-06,Debit,UPI_Lending_App,483,bad
172,2023-03-27,Debit,Discretionary,496,bad
172,2023-04-01,Credit,Salary,1934,bad
172,2023-04-06,Debit,UPI_Lending_App,405,bad
172,2023-04-19,Debit,UPI_Lending_App,231,bad
172,2023-04-25,Debit,Discretionary,493,bad
172,2023-04-28,Debit,UPI_Lending_App,362,bad
172,2023-05-08,Credit,Salary,1811,bad
172,2023-05-20,Debit,Discretionary,68,bad
172,2023-05-27,Debit,UPI_Lending_App,343,bad
172,2023-06-05,Credit,Salary,1933,bad
172,2023-06-19,Debit,UPI_Lending_App,67,bad
172,2023-06-20,Debit,UPI_Lending_App,106,bad
172,2023-06-21,Debit,Discretionary,73,bad
172,2023-06-25,Debit,UPI_Lending_App,100,bad
173,2023-01-01,Credit,Salary,2040,good
173,2023-01-15,Debit,Discretionary,498,good
173,2023-01-31,Credit,Salary,1886,good
173,2023-02-23,Debit,Discretionary,487,good
173,2023-03-02,Credit,Salary,1809,good
173,2023-03-18,Debit,Discretionary,515,good
173,2023-04-01,Credit,Salary,2102,good
173,2023-04-19,Debit,Discretionary,546,good
173,2023-05-01,Credit,Salary,1958,good
173,2023-05-08,Debit,Discretionary,532,good
173,2023-05-31,Credit,Salary,2185,good
173,2023-06-05,Debit,Discretionary,467,good
174,2023-01-01,Credit,Salary,1863,bad
174,2023-01-08,Debit,UPI_Lending_App,310,bad
174,2023-01-09,Debit,UPI_Lending_App,195,bad
174,2023-01-12,Debit,UPI_Lending_App,499,bad
174,2023-01-13,Debit,UPI_Lending_App,108,bad
174,2023-01-14,Debit,UPI_Lending_App,294,bad
174,2023-01-19,Debit,Discretionary,525,bad
174,2023-01-31,Credit,Salary,2060,bad
174,2023-02-09,Debit,UPI_Lending_App,480,bad
174,2023-02-15,Debit,UPI_Lending_App,284,bad
174,2023-02-20,Debit,Discretionary,512,bad
174,2023-02-21,Debit,UPI_Lending_App,190,bad
174,2023-03-02,Credit,Salary,1939,bad
174,2023-03-06,Debit,UPI_Lending_App,110,bad
174,2023-03-07,Debit,UPI_Lending_App,250,bad
174,2023-03-07,Debit,Discretionary,532,bad
174,2023-03-30,Debit,UPI_Lending_App,319,bad
174,2023-04-01,Credit,Salary,2060,bad
174,2023-04-02,Debit,UPI_Lending_App,494,bad
174,2023-04-17,Debit,Discretionary,540,bad
174,2023-04-23,Debit,UPI_Lending_App,285,bad
174,2023-04-26,Debit,UPI_Lending_App,389,bad
174,2023-04-28,Debit,UPI_Lending_App,365,bad
174,2023-05-01,Credit,Salary,2089,bad
174,2023-05-11,Debit,UPI_Lending_App,476,bad
174,2023-05-11,Debit,Discretionary,117,bad
174,2023-05-31,Credit,Salary,2064,bad
174,2023-06-11,Debit,Discretionary,71,bad
174,2023-06-18,Debit,UPI_Lending_App,424,bad
174,2023-06-27,Debit,UPI_Lending_App,421,bad
175,2023-01-01,Credit,Salary,2089,bad
175,2023-01-08,Debit,Discretionary,501,bad
175,2023-01-13,Debit,UPI_Lending_App,338,bad
175,2023-01-31,Credit,Salary,2126,bad
175,2023-02-04,Debit,UPI_Lending_App,430,bad
175,2023-02-08,Debit,Discretionary,465,bad
175,2023-02-17,Debit,UPI_Lending_App,168,bad
175,2023-02-19,Debit,UPI_Lending_App,426,bad
175,2023-03-02,Credit,Salary,1892,bad
175,2023-03-04,Debit,UPI_Lending_App,386,bad
175,2023-03-04,Debit,UPI_Lending_App,126,bad
175,2023-03-16,Debit,UPI_Lending_App,375,bad
175,2023-03-20,Debit,Discretionary,463,bad
175,2023-03-23,Debit,UPI_Lending_App,250,bad
175,2023-03-24,Debit,UPI_Lending_App,288,bad
175,2023-04-01,Credit,Salary,1952,bad
175,2023-04-10,Debit,Discretionary,479,bad
175,2023-04-22,Debit,UPI_Lending_App,483,bad
175,2023-05-06,Credit,Salary,2172,bad
175,2023-05-08,Debit,Discretionary,144,bad
175,2023-05-09,Debit,UPI_Lending_App,250,bad
175,2023-05-24,Debit,UPI_Lending_App,320,bad
175,2023-05-31,Credit,Salary,1868,bad
175,2023-06-05,Debit,UPI_Lending_App,248,bad
175,2023-06-07,Debit,UPI_Lending_App,411,bad
175,2023-06-19,Debit,Discretionary,140,bad
175,2023-06-22,Debit,UPI_Lending_App,285,bad
175,2023-06-24,Debit,UPI_Lending_App,112,bad
176,2023-01-01,Credit,Salary,1947,good
176,2023-01-20,Debit,Discretionary,532,good
176,2023-01-31,Credit,Salary,1832,good
176,2023-02-07,Debit,Discretionary,533,good
176,2023-03-02,Credit,Salary,1883,good
176,2023-03-21,Debit,Discretionary,519,good
176,2023-04-01,Credit,Salary,1819,good
176,2023-04-14,Debit,Discretionary,474,good
176,2023-05-01,Credit,Salary,2173,good
176,2023-05-07,Debit,Discretionary,450,good
176,2023-05-31,Credit,Salary,2076,good
176,2023-06-06,Debit,Discretionary,465,good
177,2023-01-01,Credit,Salary,1923,good
177,2023-01-08,Debit,Discretionary,513,good
177,2023-01-31,Credit,Salary,1983,good
177,2023-02-07,Debit,Discretionary,471,good
177,2023-03-02,Credit,Salary,2091,good
177,2023-03-10,Debit,Discretionary,475,good
177,2023-04-01,Credit,Salary,1915,good
177,2023-04-11,Debit,Discretionary,538,good
177,2023-05-01,Credit,Salary,2011,good
177,2023-05-26,Debit,Discretionary,501,good
177,2023-05-31,Credit,Salary,1992,good
177,2023-06-25,Debit,Discretionary,518,good
178,2023-01-01,Credit,Salary,2053,good
178,2023-01-14,Debit,Discretionary,541,good
178,2023-01-31,Credit,Salary,2052,good
178,2023-02-18,Debit,Discretionary,512,good
178,2023-03-02,Credit,Salary,2131,good
178,2023-03-11,Debit,Discretionary,477,good
178,2023-04-01,Credit,Salary,2174,good
178,2023-04-21,Debit,Discretionary,474,good
178,2023-05-01,Credit,Salary,2192,good
178,2023-05-18,Debit,Discretionary,505,good
178,2023-05-31,Credit,Salary,2058,good
178,2023-06-10,Debit,Discretionary,522,good
179,2023-01-01,Credit,Salary,2023,good
179,2023-01-18,Debit,Discretionary,451,good
179,2023-01-31,Credit,Salary,1891,good
179,2023-02-20,Debit,Discretionary,528,good
179,2023-03-02,Credit,Salary,2158,good
179,2023-03-09,Debit,Discretionary,515,good
179,2023-04-01,Credit,Salary,1933,good
179,2023-04-20,Debit,Discretionary,505,good
179,2023-05-01,Credit,Salary,1852,good
179,2023-05-07,Debit,Discretionary,462,good
179,2023-05-31,Credit,Salary,1901,good
179,2023-06-16,Debit,Discretionary,513,good
180,2023-01-01,Credit,Salary,1850,bad
180,2023-01-14,Debit,Discretionary,451,bad
180,2023-01-15,Debit,UPI_Lending_App,350,bad
180,2023-01-18,Debit,UPI_Lending_App,222,bad
180,2023-01-31,Credit,Salary,1891,bad
180,2023-02-03,Debit,UPI_Lending_App,456,bad
180,2023-02-06,Debit,UPI_Lending_App,476,bad
180,2023-02-23,Debit,Discretionary,500,bad
180,2023-03-02,Credit,Salary,2011,bad
180,2023-03-04,Debit,UPI_Lending_App,156,bad
180,2023-03-09,Debit,UPI_Lending_App,241,bad
180,2023-03-11,Debit,Discretionary,517,bad
180,2023-03-30,Debit,UPI_Lending_App,439,bad
180,2023-04-01,Credit,Salary,2182,bad
180,2023-04-04,Debit,UPI_Lending_App,491,bad
180,2023-04-06,Debit,UPI_Lending_App,362,bad
180,2023-04-23,Debit,Discretionary,524,bad
180,2023-05-05,Credit,Salary,2108,bad
180,2023-05-09,Debit,Discretionary,87,bad
180,2023-05-29,Debit,UPI_Lending_App,349,bad
180,2023-05-31,Credit,Salary,2091,bad
180,2023-06-02,Debit,UPI_Lending_App,103,bad
180,2023-06-06,Debit,UPI_Lending_App,169,bad
180,2023-06-11,Debit,UPI_Lending_App,221,bad
180,2023-06-22,Debit,Discretionary,134,bad
180,2023-06-23,Debit,UPI_Lending_App,447,bad
180,2023-06-24,Debit,UPI_Lending_App,134,bad
181,2023-01-01,Credit,Salary,2076,bad
181,2023-01-13,Debit,UPI_Lending_App,463,bad
181,2023-01-21,Debit,UPI_Lending_App,477,bad
181,2023-01-21,Debit,Discretionary,494,bad
181,2023-01-23,Debit,UPI_Lending_App,496,bad
181,2023-01-26,Debit,UPI_Lending_App,342,bad
181,2023-01-31,Credit,Salary,2123,bad
181,2023-02-04,Debit,UPI_Lending_App,423,bad
181,2023-02-20,Debit,Discretionary,494,bad
181,2023-03-02,Credit,Salary,2104,bad
181,2023-03-06,Debit,UPI_Lending_App,172,bad
181,2023-03-15,Debit,UPI_Lending_App,484,bad
181,2023-03-18,Debit,UPI_Lending_App,451,bad
181,2023-03-26,Debit,Discretionary,537,bad
181,2023-04-01,Credit,Salary,1948,bad
181,2023-04-08,Debit,UPI_Lending_App,188,bad
181,2023-04-12,Debit,Discretionary,490,bad
181,2023-04-16,Debit,UPI_Lending_App,427,bad
181,2023-04-19,Debit,UPI_Lending_App,479,bad
181,2023-04-25,Debit,UPI_Lending_App,65,bad
181,2023-05-01,Credit,Salary,1934,bad
181,2023-05-04,Debit,UPI_Lending_App,280,bad
181,2023-05-09,Debit,UPI_Lending_App,142,bad
181,2023-05-18,Debit,UPI_Lending_App,435,bad
181,2023-05-21,Debit,Discretionary,146,bad
181,2023-05-24,Debit,UPI_Lending_App,155,bad
181,2023-06-06,Credit,Salary,1842,bad
181,2023-06-06,Debit,UPI_Lending_App,233,bad
181,2023-06-12,Debit,UPI_Lending_App,464,bad
181,2023-06-17,Debit,UPI_Lending_App,382,bad
181,2023-06-19,Debit,Discretionary,118,bad
181,2023-06-25,Debit,UPI_Lending_App,224,bad
182,2023-01-01,Credit,Salary,2139,bad
182,2023-01-10,Debit,UPI_Lending_App,333,bad
182,2023-01-15,Debit,UPI_Lending_App,389,bad
182,2023-01-21,Debit,UPI_Lending_App,69,bad
182,2023-01-25,Debit,UPI_Lending_App,497,bad
182,2023-01-25,Debit,Discretionary,468,bad
182,2023-01-28,Debit,UPI_Lending_App,349,bad
182,2023-01-31,Credit,Salary,2063,bad
182,2023-02-01,Debit,UPI_Lending_App,60,bad
182,2023-02-05,Debit,UPI_Lending_App,220,bad
182,2023-02-22,Debit,Discretionary,525,bad
182,2023-02-28,Debit,UPI_Lending_App,143,bad
182,2023-03-02,Credit,Salary,1895,bad
182,2023-03-17,Debit,Discretionary,510,bad
182,2023-03-20,Debit,UPI_Lending_App,234,bad
182,2023-04-01,Credit,Salary,1968,bad
182,2023-04-08,Debit,UPI_Lending_App,88,bad
182,2023-04-14,Debit,UPI_Lending_App,201,bad
182,2023-04-19,Debit,Discretionary,488,bad
182,2023-04-20,Debit,UPI_Lending_App,294,bad
182,2023-04-21,Debit,UPI_Lending_App,479,bad
182,2023-04-22,Debit,UPI_Lending_App,212,bad
182,2023-05-02,Debit,UPI_Lending_App,263,bad
182,2023-05-03,Debit,UPI_Lending_App,156,bad
182,2023-05-06,Credit,Salary,2053,bad
182,2023-05-10,Debit,Discretionary,140,bad
182,2023-05-12,Debit,UPI_Lending_App,416,bad
182,2023-05-23,Debit,UPI_Lending_App,370,bad
182,2023-05-31,Credit,Salary,2127,bad
182,2023-06-05,Debit,UPI_Lending_App,315,bad
182,2023-06-05,Debit,UPI_Lending_App,101,bad
182,2023-06-11,Debit,UPI_Lending_App,151,bad
182,2023-06-15,Debit,Discretionary,141,bad
182,2023-06-18,Debit,UPI_Lending_App,154,bad
182,2023-06-21,Debit,UPI_Lending_App,495,bad
183,2023-01-01,Credit,Salary,1920,good
183,2023-01-22,Debit,Discretionary,461,good
183,2023-01-31,Credit,Salary,1853,good
183,2023-02-21,Debit,UPI_Lending_App,420,good
183,2023-02-25,Debit,Discretionary,479,good
183,2023-03-02,Credit,Salary,2018,good
183,2023-03-18,Debit,Discretionary,515,good
183,2023-04-01,Credit,Salary,1991,good
183,2023-04-18,Debit,Discretionary,453,good
183,2023-05-01,Credit,Salary,2110,good
183,2023-05-08,Debit,Discretionary,544,good
183,2023-05-31,Credit,Salary,2015,good
183,2023-06-23,Debit,Discretionary,478,good
184,2023-01-01,Credit,Salary,1837,bad
184,2023-01-10,Debit,Discretionary,457,bad
184,2023-01-14,Debit,UPI_Lending_App,92,bad
184,2023-01-27,Debit,UPI_Lending_App,196,bad
184,2023-01-29,Debit,UPI_Lending_App,204,bad
184,2023-01-31,Credit,Salary,1945,bad
184,2023-02-13,Debit,Discretionary,521,bad
184,2023-02-26,Debit,UPI_Lending_App,462,bad
184,2023-03-02,Credit,Salary,2036,bad
184,2023-03-06,Debit,UPI_Lending_App,241,bad
184,2023-03-08,Debit,UPI_Lending_App,374,bad
184,2023-03-16,Debit,UPI_Lending_App,134,bad
184,2023-03-24,Debit,Discretionary,536,bad
184,2023-03-30,Debit,UPI_Lending_App,237,bad
184,2023-04-01,Credit,Salary,2058,bad
184,2023-04-04,Debit,UPI_Lending_App,284,bad
184,2023-04-06,Debit,Discretionary,511,bad
184,2023-04-16,Debit,UPI_Lending_App,285,bad
184,2023-04-17,Debit,UPI_Lending_App,296,bad
184,2023-04-21,Debit,UPI_Lending_App,180,bad
184,2023-05-04,Credit,Salary,2102,bad
184,2023-05-06,Debit,Discretionary,136,bad
184,2023-05-15,Debit,UPI_Lending_App,162,bad
184,2023-05-31,Credit,Salary,1806,bad
184,2023-06-02,Debit,UPI_Lending_App,473,bad
184,2023-06-09,Debit,Discretionary,108,bad
185,2023-01-01,Credit,Salary,2039,good
185,2023-01-21,Debit,Discretionary,511,good
185,2023-01-31,Credit,Salary,2067,good
185,2023-02-09,Debit,Discretionary,458,good
185,2023-03-02,Credit,Salary,2090,good
185,2023-03-26,Debit,Discretionary,540,good
185,2023-04-01,Credit,Salary,2114,good
185,2023-04-17,Debit,Discretionary,473,good
185,2023-05-01,Credit,Salary,1966,good
185,2023-05-14,Debit,Discretionary,538,good
185,2023-05-31,Credit,Salary,2101,good
185,2023-06-14,Debit,Discretionary,507,good
186,2023-01-01,Credit,Salary,2159,bad
186,2023-01-07,Debit,Discretionary,526,bad
186,2023-01-13,Debit,UPI_Lending_App,296,bad
186,2023-01-14,Debit,UPI_Lending_App,129,bad
186,2023-01-16,Debit,UPI_Lending_App,396,bad
186,2023-01-23,Debit,UPI_Lending_App,177,bad
186,2023-01-31,Credit,Salary,2198,bad
186,2023-02-10,Debit,UPI_Lending_App,267,bad
186,2023-02-16,Debit,Discretionary,509,bad
186,2023-03-02,Credit,Salary,1850,bad
186,2023-03-05,Debit,UPI_Lending_App,354,bad
186,2023-03-06,Debit,UPI_Lending_App,387,bad
186,2023-03-19,Debit,UPI_Lending_App,380,bad
186,2023-03-20,Debit,UPI_Lending_App,85,bad
186,2023-03-22,Debit,Discretionary,476,bad
186,2023-04-01,Credit,Salary,2162,bad
186,2023-04-05,Debit,UPI_Lending_App,399,bad
186,2023-04-15,Debit,UPI_Lending_App,295,bad
186,2023-04-16,Debit,UPI_Lending_App,104,bad
186,2023-04-20,Debit,Discretionary,486,bad
186,2023-05-06,Credit,Salary,2121,bad
186,2023-05-13,Debit,Discretionary,121,bad
186,2023-05-14,Debit,UPI_Lending_App,211,bad
186,2023-05-19,Debit,UPI_Lending_App,348,bad
186,2023-06-07,Credit,Salary,2094,bad
186,2023-06-13,Debit,UPI_Lending_App,354,bad
186,2023-06-13,Debit,UPI_Lending_App,428,bad
186,2023-06-19,Debit,UPI_Lending_App,259,bad
186,2023-06-19,Debit,Discretionary,71,bad
187,2023-01-01,Credit,Salary,2131,good
187,2023-01-13,Debit,Discretionary,547,good
187,2023-01-31,Credit,Salary,2064,good
187,2023-02-13,Debit,Discretionary,480,good
187,2023-03-02,Credit,Salary,1971,good
187,2023-03-18,Debit,Discretionary,530,good
187,2023-04-01,Credit,Salary,1976,good
187,2023-04-03,Debit,UPI_Lending_App,204,good
187,2023-04-07,Debit,Discretionary,494,good
187,2023-05-01,Credit,Salary,1884,good
187,2023-05-13,Debit,Discretionary,510,good
187,2023-05-31,Credit,Salary,2125,good
187,2023-06-20,Debit,Discretionary,476,good
188,2023-01-01,Credit,Salary,2047,bad
188,2023-01-03,Debit,UPI_Lending_App,411,bad
188,2023-01-09,Debit,UPI_Lending_App,411,bad
188,2023-01-13,Debit,UPI_Lending_App,307,bad
188,2023-01-16,Debit,Discretionary,542,bad
188,2023-01-28,Debit,UPI_Lending_App,192,bad
188,2023-01-31,Credit,Salary,1936,bad
188,2023-02-11,Debit,UPI_Lending_App,376,bad
188,2023-02-17,Debit,UPI_Lending_App,114,bad
188,2023-02-19,Debit,Discretionary,538,bad
188,2023-02-20,Debit,UPI_Lending_App,232,bad
188,2023-02-20,Debit,UPI_Lending_App,488,bad
188,2023-02-26,Debit,UPI_Lending_App,215,bad
188,2023-03-02,Credit,Salary,1983,bad
188,2023-03-19,Debit,UPI_Lending_App,400,bad
188,2023-03-27,Debit,Discretionary,495,bad
188,2023-04-01,Credit,Salary,1893,bad
188,2023-04-04,Debit,UPI_Lending_App,472,bad
188,2023-04-10,Debit,UPI_Lending_App,280,bad
188,2023-04-16,Debit,Discretionary,546,bad
188,2023-05-01,Credit,Salary,2156,bad
188,2023-05-10,Debit,UPI_Lending_App,404,bad
188,2023-05-19,Debit,Discretionary,94,bad
188,2023-05-27,Debit,UPI_Lending_App,393,bad
188,2023-05-31,Credit,Salary,1963,bad
188,2023-06-11,Debit,Discretionary,124,bad
188,2023-06-12,Debit,UPI_Lending_App,168,bad
188,2023-06-23,Debit,UPI_Lending_App,483,bad
188,2023-06-28,Debit,UPI_Lending_App,401,bad
189,2023-01-01,Credit,Salary,1932,good
189,2023-01-13,Debit,Discretionary,492,good
189,2023-01-31,Credit,Salary,1817,good
189,2023-02-25,Debit,Discretionary,550,good
189,2023-03-02,Credit,Salary,2165,good
189,2023-03-22,Debit,Discretionary,539,good
189,2023-04-01,Credit,Salary,2115,good
189,2023-04-08,Debit,Discretionary,499,good
189,2023-05-01,Credit,Salary,2152,good
189,2023-05-15,Debit,Discretionary,544,good
189,2023-05-31,Credit,Salary,1997,good
189,2023-06-14,Debit,Discretionary,529,good
190,2023-01-01,Credit,Salary,2070,bad
190,2023-01-04,Debit,UPI_Lending_App,291,bad
190,2023-01-07,Debit,UPI_Lending_App,77,bad
190,2023-01-25,Debit,Discretionary,461,bad
190,2023-01-31,Credit,Salary,2049,bad
190,2023-02-04,Debit,UPI_Lending_App,215,bad
190,2023-02-08,Debit,Discretionary,463,bad
190,2023-02-11,Debit,UPI_Lending_App,273,bad
190,2023-02-27,Debit,UPI_Lending_App,474,bad
190,2023-03-02,Credit,Salary,2019,bad
190,2023-03-03,Debit,UPI_Lending_App,238,bad
190,2023-03-03,Debit,UPI_Lending_App,299,bad
190,2023-03-06,Debit,UPI_Lending_App,158,bad
190,2023-03-07,Debit,UPI_Lending_App,59,bad
190,2023-03-18,Debit,Discretionary,507,bad
190,2023-03-21,Debit,UPI_Lending_App,217,bad
190,2023-04-01,Credit,Salary,1821,bad
190,2023-04-17,Debit,UPI_Lending_App,164,bad
190,2023-04-26,Debit,Discretionary,528,bad
190,2023-05-01,Credit,Salary,2024,bad
190,2023-05-06,Debit,Discretionary,87,bad
190,2023-05-08,Debit,UPI_Lending_App,86,bad
190,2023-05-31,Credit,Salary,1888,bad
190,2023-06-10,Debit,Discretionary,90,bad
190,2023-06-11,Debit,UPI_Lending_App,73,bad
190,2023-06-16,Debit,UPI_Lending_App,65,bad
190,2023-06-18,Debit,UPI_Lending_App,99,bad
190,2023-06-25,Debit,UPI_Lending_App,454,bad
191,2023-01-01,Credit,Salary,1891,bad
191,2023-01-12,Debit,UPI_Lending_App,120,bad
191,2023-01-14,Debit,UPI_Lending_App,347,bad
191,2023-01-18,Debit,Discretionary,486,bad
191,2023-01-22,Debit,UPI_Lending_App,369,bad
191,2023-01-31,Credit,Salary,2169,bad
191,2023-02-12,Debit,UPI_Lending_App,56,bad
191,2023-02-22,Debit,Discretionary,550,bad
191,2023-02-27,Debit,UPI_Lending_App,461,bad
191,2023-03-02,Credit,Salary,1809,bad
191,2023-03-06,Debit,UPI_Lending_App,413,bad
191,2023-03-08,Debit,Discretionary,450,bad
191,2023-03-20,Debit,UPI_Lending_App,271,bad
191,2023-03-26,Debit,UPI_Lending_App,125,bad
191,2023-03-28,Debit,UPI_Lending_App,281,bad
191,2023-03-29,Debit,UPI_Lending_App,353,bad
191,2023-04-01,Credit,Salary,1980,bad
191,2023-04-10,Debit,UPI_Lending_App,269,bad
191,2023-04-14,Debit,Discretionary,504,bad
191,2023-04-29,Debit,UPI_Lending_App,320,bad
191,2023-05-03,Debit,UPI_Lending_App,175,bad
191,2023-05-05,Credit,Salary,2125,bad
191,2023-05-18,Debit,UPI_Lending_App,177,bad
191,2023-05-21,Debit,Discretionary,72,bad
191,2023-05-22,Debit,UPI_Lending_App,470,bad
191,2023-05-24,Debit,UPI_Lending_App,267,bad
191,2023-05-26,Debit,UPI_Lending_App,250,bad
191,2023-05-31,Credit,Salary,2199,bad
191,2023-06-04,Debit,UPI_Lending_App,135,bad
191,2023-06-05,Debit,Discretionary,150,bad
191,2023-06-08,Debit,UPI_Lending_App,445,bad
191,2023-06-08,Debit,UPI_Lending_App,263,bad
191,2023-06-16,Debit,UPI_Lending_App,138,bad
192,2023-01-01,Credit,Salary,1803,bad
192,2023-01-05,Debit,UPI_Lending_App,365,bad
192,2023-01-15,Debit,UPI_Lending_App,110,bad
192,2023-01-16,Debit,UPI_Lending_App,292,bad
192,2023-01-16,Debit,Discretionary,530,bad
192,2023-01-22,Debit,UPI_Lending_App,360,bad
192,2023-01-31,Credit,Salary,1989,bad
192,2023-02-08,Debit,Discretionary,464,bad
192,2023-02-09,Debit,UPI_Lending_App,55,bad
192,2023-02-15,Debit,UPI_Lending_App,424,bad
192,2023-02-17,Debit,UPI_Lending_App,102,bad
192,2023-03-02,Credit,Salary,1820,bad
192,2023-03-05,Debit,UPI_Lending_App,467,bad
192,2023-03-11,Debit,Discretionary,543,bad
192,2023-03-18,Debit,UPI_Lending_App,311,bad
192,2023-03-19,Debit,UPI_Lending_App,127,bad
192,2023-04-01,Credit,Salary,1957,bad
192,2023-04-05,Debit,UPI_Lending_App,80,bad
192,2023-04-06,Debit,Discretionary,544,bad
192,2023-04-14,Debit,UPI_Lending_App,159,bad
192,2023-04-17,Debit,UPI_Lending_App,487,bad
192,2023-05-01,Credit,Salary,1839,bad
192,2023-05-07,Debit,UPI_Lending_App,119,bad
192,2023-05-07,Debit,Discretionary,107,bad
192,2023-05-10,Debit,UPI_Lending_App,411,bad
192,2023-05-19,Debit,UPI_Lending_App,349,bad
192,2023-06-03,Credit,Salary,2122,bad
192,2023-06-05,Debit,Discretionary,132,bad
192,2023-06-11,Debit,UPI_Lending_App,363,bad
192,2023-06-12,Debit,UPI_Lending_App,290,bad
192,2023-06-17,Debit,UPI_Lending_App,328,bad
192,2023-06-23,Debit,UPI_Lending_App,403,bad
192,2023-06-24,Debit,UPI_Lending_App,187,bad
193,2023-01-01,Credit,Salary,1888,good
193,2023-01-12,Debit,UPI_Lending_App,232,good
193,2023-01-24,Debit,Discretionary,476,good
193,2023-01-31,Credit,Salary,2108,good
193,2023-02-14,Debit,Discretionary,491,good
193,2023-03-02,Credit,Salary,2082,good
193,2023-03-12,Debit,Discretionary,534,good
193,2023-04-01,Credit,Salary,1917,good
193,2023-04-14,Debit,Discretionary,461,good
193,2023-05-01,Credit,Salary,2178,good
193,2023-05-24,Debit,Discretionary,487,good
193,2023-05-31,Credit,Salary,2079,good
193,2023-06-21,Debit,Discretionary,510,good
194,2023-01-01,Credit,Salary,1833,bad
194,2023-01-24,Debit,UPI_Lending_App,305,bad
194,2023-01-26,Debit,Discretionary,527,bad
194,2023-01-31,Credit,Salary,2041,bad
194,2023-02-05,Debit,Discretionary,450,bad
194,2023-02-11,Debit,UPI_Lending_App,308,bad
194,2023-02-14,Debit,UPI_Lending_App,241,bad
194,2023-03-02,Credit,Salary,2103,bad
194,2023-03-05,Debit,UPI_Lending_App,262,bad
194,2023-03-10,Debit,UPI_Lending_App,166,bad
194,2023-03-26,Debit,Discretionary,458,bad
194,2023-04-01,Credit,Salary,1964,bad
194,2023-04-09,Debit,UPI_Lending_App,458,bad
194,2023-04-18,Debit,Discretionary,522,bad
194,2023-05-07,Credit,Salary,1990,bad
194,2023-05-10,Debit,UPI_Lending_App,382,bad
194,2023-05-20,Debit,UPI_Lending_App,184,bad
194,2023-05-23,Debit,Discretionary,141,bad
194,2023-05-26,Debit,UPI_Lending_App,90,bad
194,2023-06-05,Credit,Salary,2026,bad
194,2023-06-06,Debit,Discretionary,131,bad
194,2023-06-21,Debit,UPI_Lending_App,281,bad
194,2023-06-26,Debit,UPI_Lending_App,346,bad
195,2023-01-01,Credit,Salary,1996,bad
195,2023-01-09,Debit,Discretionary,512,bad
195,2023-01-15,Debit,UPI_Lending_App,487,bad
195,2023-01-31,Credit,Salary,2072,bad
195,2023-02-02,Debit,UPI_Lending_App,138,bad
195,2023-02-16,Debit,UPI_Lending_App,374,bad
195,2023-02-24,Debit,Discretionary,521,bad
195,2023-03-02,Credit,Salary,2012,bad
195,2023-03-09,Debit,UPI_Lending_App,152,bad
195,2023-03-09,Debit,UPI_Lending_App,351,bad
195,2023-03-10,Debit,UPI_Lending_App,166,bad
195,2023-03-14,Debit,UPI_Lending_App,113,bad
195,2023-03-21,Debit,Discretionary,469,bad
195,2023-03-23,Debit,UPI_Lending_App,160,bad
195,2023-04-01,Credit,Salary,1816,bad
195,2023-04-13,Debit,UPI_Lending_App,491,bad
195,2023-04-15,Debit,UPI_Lending_App,119,bad
195,2023-04-16,Debit,Discretionary,534,bad
195,2023-04-22,Debit,UPI_Lending_App,176,bad
195,2023-04-22,Debit,UPI_Lending_App,66,bad
195,2023-05-08,Credit,Salary,2126,bad
195,2023-05-12,Debit,Discretionary,134,bad
195,2023-05-15,Debit,UPI_Lending_App,162,bad
195,2023-05-16,Debit,UPI_Lending_App,221,bad
195,2023-05-28,Debit,UPI_Lending_App,51,bad
195,2023-05-31,Credit,Salary,2176,bad
195,2023-06-04,Debit,UPI_Lending_App,131,bad
195,2023-06-09,Debit,UPI_Lending_App,486,bad
195,2023-06-09,Debit,UPI_Lending_App,423,bad
195,2023-06-09,Debit,UPI_Lending_App,451,bad
195,2023-06-17,Debit,Discretionary,77,bad
195,2023-06-24,Debit,UPI_Lending_App,440,bad
196,2023-01-01,Credit,Salary,1943,good
196,2023-01-06,Debit,Discretionary,499,good
196,2023-01-31,Credit,Salary,1885,good
196,2023-02-05,Debit,Discretionary,503,good
196,2023-03-02,Credit,Salary,1964,good
196,2023-03-15,Debit,Discretionary,490,good
196,2023-04-01,Credit,Salary,2020,good
196,2023-04-12,Debit,Discretionary,528,good
196,2023-05-01,Credit,Salary,1969,good
196,2023-05-13,Debit,Discretionary,529,good
196,2023-05-31,Credit,Salary,1855,good
196,2023-06-07,Debit,Discretionary,483,good
197,2023-01-01,Credit,Salary,1829,bad
197,2023-01-06,Debit,UPI_Lending_App,187,bad
197,2023-01-07,Debit,Discretionary,520,bad
197,2023-01-10,Debit,UPI_Lending_App,77,bad
197,2023-01-14,Debit,UPI_Lending_App,293,bad
197,2023-01-16,Debit,UPI_Lending_App,218,bad
197,2023-01-25,Debit,UPI_Lending_App,288,bad
197,2023-01-31,Credit,Salary,1954,bad
197,2023-02-13,Debit,Discretionary,534,bad
197,2023-02-21,Debit,UPI_Lending_App,457,bad
197,2023-03-02,Credit,Salary,1876,bad
197,2023-03-17,Debit,Discretionary,498,bad
197,2023-03-21,Debit,UPI_Lending_App,447,bad
197,2023-03-23,Debit,UPI_Lending_App,265,bad
197,2023-04-01,Credit,Salary,2131,bad
197,2023-04-07,Debit,Discretionary,535,bad
197,2023-04-17,Debit,UPI_Lending_App,63,bad
197,2023-04-20,Debit,UPI_Lending_App,286,bad
197,2023-05-01,Credit,Salary,2147,bad
197,2023-05-06,Debit,Discretionary,62,bad
197,2023-05-24,Debit,UPI_Lending_App,441,bad
197,2023-05-28,Debit,UPI_Lending_App,55,bad
197,2023-06-07,Credit,Salary,2123,bad
197,2023-06-17,Debit,Discretionary,82,bad
197,2023-06-18,Debit,UPI_Lending_App,293,bad
197,2023-06-19,Debit,UPI_Lending_App,261,bad
197,2023-06-25,Debit,UPI_Lending_App,426,bad
198,2023-01-01,Credit,Salary,1842,good
198,2023-01-12,Debit,Discretionary,505,good
198,2023-01-31,Credit,Salary,1943,good
198,2023-02-09,Debit,Discretionary,497,good
198,2023-03-02,Credit,Salary,1955,good
198,2023-03-07,Debit,Discretionary,464,good
198,2023-04-01,Credit,Salary,1959,good
198,2023-04-11,Debit,Discretionary,492,good
198,2023-05-01,Credit,Salary,2072,good
198,2023-05-15,Debit,Discretionary,501,good
198,2023-05-31,Credit,Salary,1996,good
198,2023-06-08,Debit,Discretionary,523,good
199,2023-01-01,Credit,Salary,2141,bad
199,2023-01-07,Debit,UPI_Lending_App,58,bad
199,2023-01-08,Debit,UPI_Lending_App,314,bad
199,2023-01-16,Debit,UPI_Lending_App,136,bad
199,2023-01-17,Debit,UPI_Lending_App,354,bad
199,2023-01-20,Debit,UPI_Lending_App,429,bad
199,2023-01-23,Debit,Discretionary,507,bad
199,2023-01-31,Credit,Salary,1823,bad
199,2023-02-13,Debit,UPI_Lending_App,90,bad
199,2023-02-22,Debit,Discretionary,549,bad
199,2023-02-28,Debit,UPI_Lending_App,186,bad
199,2023-03-02,Credit,Salary,2052,bad
199,2023-03-05,Debit,UPI_Lending_App,173,bad
199,2023-03-19,Debit,UPI_Lending_App,378,bad
199,2023-03-19,Debit,Discretionary,524,bad
199,2023-03-24,Debit,UPI_Lending_App,149,bad
199,2023-03-26,Debit,UPI_Lending_App,97,bad
199,2023-03-30,Debit,UPI_Lending_App,100,bad
199,2023-04-01,Credit,Salary,2144,bad
199,2023-04-06,Debit,UPI_Lending_App,201,bad
199,2023-04-06,Debit,Discretionary,526,bad
199,2023-04-11,Debit,UPI_Lending_App,212,bad
199,2023-05-06,Credit,Salary,1900,bad
199,2023-05-07,Debit,UPI_Lending_App,170,bad
199,2023-05-10,Debit,Discretionary,128,bad
199,2023-05-11,Debit,UPI_Lending_App,174,bad
199,2023-05-24,Debit,UPI_Lending_App,315,bad
199,2023-05-27,Debit,UPI_Lending_App,159,bad
199,2023-06-04,Credit,Salary,1846,bad
199,2023-06-12,Debit,UPI_Lending_App,156,bad
199,2023-06-21,Debit,UPI_Lending_App,203,bad
199,2023-06-21,Debit,Discretionary,61,bad
199,2023-06-22,Debit,UPI_Lending_App,400,bad
199,2023-06-26,Debit,UPI_Lending_App,330,bad
199,2023-06-27,Debit,UPI_Lending_App,235,bad
200,2023-01-01,Credit,Salary,2165,good
200,2023-01-07,Debit,Discretionary,523,good
200,2023-01-31,Credit,Salary,1852,good
200,2023-02-02,Debit,UPI_Lending_App,498,good
200,2023-02-24,Debit,Discretionary,542,good
200,2023-03-02,Credit,Salary,2196,good
200,2023-03-08,Debit,Discretionary,527,good
200,2023-04-01,Credit,Salary,2034,good
200,2023-04-25,Debit,Discretionary,478,good
200,2023-05-01,Credit,Salary,2015,good
200,2023-05-19,Debit,Discretionary,494,good
200,2023-05-25,Debit,UPI_Lending_App,193,good
200,2023-05-31,Credit,Salary,2143,good
200,2023-06-13,Debit,Discretionary,519,good
201,2023-01-01,Credit,Salary,1908,good
201,2023-01-22,Debit,Discretionary,452,good
201,2023-01-31,Credit,Salary,1851,good
201,2023-02-15,Debit,Discretionary,522,good
201,2023-03-02,Credit,Salary,2080,good
201,2023-03-21,Debit,Discretionary,511,good
201,2023-04-01,Credit,Salary,1959,good
201,2023-04-10,Debit,Discretionary,454,good
201,2023-05-01,Credit,Salary,1914,good
201,2023-05-20,Debit,Discretionary,476,good
201,2023-05-31,Credit,Salary,2038,good
201,2023-06-22,Debit,Discretionary,510,good
202,2023-01-01,Credit,Salary,1971,good
202,2023-01-09,Debit,Discretionary,528,good
202,2023-01-31,Credit,Salary,2019,good
202,2023-02-08,Debit,Discretionary,549,good
202,2023-03-02,Credit,Salary,1924,good
202,2023-03-18,Debit,Discretionary,513,good
202,2023-04-01,Credit,Salary,1893,good
202,2023-04-25,Debit,Discretionary,486,good
202,2023-05-01,Credit,Salary,1900,good
202,2023-05-10,Debit,Discretionary,485,good
202,2023-05-31,Credit,Salary,1900,good
202,2023-06-07,Debit,Discretionary,458,good
203,2023-01-01,Credit,Salary,1969,bad
203,2023-01-07,Debit,Discretionary,527,bad
203,2023-01-19,Debit,UPI_Lending_App,216,bad
203,2023-01-31,Credit,Salary,2044,bad
203,2023-02-11,Debit,Discretionary,504,bad
203,2023-02-16,Debit,UPI_Lending_App,58,bad
203,2023-02-21,Debit,UPI_Lending_App,213,bad
203,2023-02-28,Debit,UPI_Lending_App,195,bad
203,2023-03-02,Credit,Salary,2171,bad
203,2023-03-03,Debit,UPI_Lending_App,288,bad
203,2023-03-25,Debit,UPI_Lending_App,263,bad
203,2023-03-26,Debit,Discretionary,510,bad
203,2023-03-29,Debit,UPI_Lending_App,186,bad
203,2023-04-01,Credit,Salary,1848,bad
203,2023-04-07,Debit,Discretionary,498,bad
203,2023-04-09,Debit,UPI_Lending_App,241,bad
203,2023-04-11,Debit,UPI_Lending_App,196,bad
203,2023-05-01,Credit,Salary,1848,bad
203,2023-05-03,Debit,UPI_Lending_App,432,bad
203,2023-05-04,Debit,UPI_Lending_App,482,bad
203,2023-05-06,Debit,UPI_Lending_App,135,bad
203,2023-05-09,Debit,UPI_Lending_App,477,bad
203,2023-05-15,Debit,Discretionary,143,bad
203,2023-05-19,Debit,UPI_Lending_App,291,bad
203,2023-06-03,Credit,Salary,2058,bad
203,2023-06-08,Debit,Discretionary,123,bad
203,2023-06-09,Debit,UPI_Lending_App,382,bad
203,2023-06-15,Debit,UPI_Lending_App,184,bad
203,2023-06-22,Debit,UPI_Lending_App,131,bad
204,2023-01-01,Credit,Salary,1811,good
204,2023-01-10,Debit,Discretionary,452,good
204,2023-01-31,Credit,Salary,1864,good
204,2023-02-25,Debit,Discretionary,533,good
204,2023-03-02,Credit,Salary,1816,good
204,2023-03-19,Debit,Discretionary,487,good
204,2023-04-01,Credit,Salary,1974,good
204,2023-04-13,Debit,Discretionary,450,good
204,2023-05-01,Credit,Salary,1863,good
204,2023-05-08,Debit,Discretionary,518,good
204,2023-05-26,Debit,UPI_Lending_App,278,good
204,2023-05-31,Credit,Salary,1877,good
204,2023-06-06,Debit,UPI_Lending_App,253,good
204,2023-06-10,Debit,Discretionary,510,good
205,2023-01-01,Credit,Salary,1815,good
205,2023-01-26,Debit,Discretionary,509,good
205,2023-01-31,Credit,Salary,1969,good
205,2023-02-21,Debit,Discretionary,490,good
205,2023-03-02,Credit,Salary,2028,good
205,2023-03-08,Debit,Discretionary,537,good
205,2023-04-01,Credit,Salary,2139,good
205,2023-04-06,Debit,Discretionary,506,good
205,2023-05-01,Credit,Salary,2095,good
205,2023-05-09,Debit,UPI_Lending_App,84,good
205,2023-05-12,Debit,Discretionary,508,good
205,2023-05-31,Credit,Salary,1997,good
205,2023-06-07,Debit,Discretionary,505,good
206,2023-01-01,Credit,Salary,1898,good
206,2023-01-07,Debit,Discretionary,468,good
206,2023-01-31,Credit,Salary,1989,good
206,2023-02-07,Debit,Discretionary,502,good
206,2023-03-02,Credit,Salary,2191,good
206,2023-03-19,Debit,Discretionary,509,good
206,2023-04-01,Credit,Salary,2100,good
206,2023-04-26,Debit,Discretionary,526,good
206,2023-05-01,Credit,Salary,1811,good
206,2023-05-10,Debit,Discretionary,496,good
206,2023-05-19,Debit,UPI_Lending_App,249,good
206,2023-05-31,Credit,Salary,2097,good
206,2023-06-11,Debit,Discretionary,543,good
207,2023-01-01,Credit,Salary,1958,good
207,2023-01-21,Debit,Discretionary,450,good
207,2023-01-31,Credit,Salary,2028,good
207,2023-02-12,Debit,Discretionary,522,good
207,2023-03-02,Credit,Salary,2107,good
207,2023-03-11,Debit,Discretionary,509,good
207,2023-04-01,Credit,Salary,1968,good
207,2023-04-21,Debit,Discretionary,542,good
207,2023-05-01,Credit,Salary,2132,good
207,2023-05-20,Debit,Discretionary,523,good
207,2023-05-31,Credit,Salary,2106,good
207,2023-06-09,Debit,UPI_Lending_App,369,good
207,2023-06-23,Debit,Discretionary,511,good
208,2023-01-01,Credit,Salary,2142,good
208,2023-01-14,Debit,Discretionary,543,good
208,2023-01-31,Credit,Salary,2017,good
208,2023-02-08,Debit,Discretionary,545,good
208,2023-03-02,Credit,Salary,2006,good
208,2023-03-24,Debit,Discretionary,464,good
208,2023-04-01,Credit,Salary,1882,good
208,2023-04-13,Debit,Discretionary,482,good
208,2023-05-01,Credit,Salary,1808,good
208,2023-05-19,Debit,Discretionary,513,good
208,2023-05-31,Credit,Salary,1973,good
208,2023-06-12,Debit,UPI_Lending_App,328,good
208,2023-06-13,Debit,Discretionary,544,good
209,2023-01-01,Credit,Salary,1978,good
209,2023-01-25,Debit,Discretionary,491,good
209,2023-01-31,Credit,Salary,2045,good
209,2023-02-19,Debit,Discretionary,488,good
209,2023-03-02,Credit,Salary,2111,good
209,2023-03-08,Debit,Discretionary,541,good
209,2023-04-01,Credit,Salary,1844,good
209,2023-04-07,Debit,Discretionary,541,good
209,2023-05-01,Credit,Salary,2077,good
209,2023-05-12,Debit,Discretionary,469,good
209,2023-05-31,Credit,Salary,2115,good
209,2023-06-11,Debit,Discretionary,473,good
210,2023-01-01,Credit,Salary,1845,good
210,2023-01-25,Debit,Discretionary,506,good
210,2023-01-31,Credit,Salary,1844,good
210,2023-02-07,Debit,Discretionary,494,good
210,2023-03-02,Credit,Salary,1994,good
210,2023-03-23,Debit,Discretionary,492,good
210,2023-04-01,Credit,Salary,2039,good
210,2023-04-15,Debit,Discretionary,500,good
210,2023-05-01,Credit,Salary,2174,good
210,2023-05-21,Debit,Discretionary,541,good
210,2023-05-31,Credit,Salary,1954,good
210,2023-06-16,Debit,Discretionary,492,good
211,2023-01-01,Credit,Salary,2052,good
211,2023-01-13,Debit,Discretionary,540,good
211,2023-01-31,Credit,Salary,1898,good
211,2023-02-05,Debit,Discretionary,549,good
211,2023-03-02,Credit,Salary,2050,good
211,2023-03-18,Debit,Discretionary,456,good
211,2023-04-01,Credit,Salary,1829,good
211,2023-04-19,Debit,Discretionary,510,good
211,2023-05-01,Credit,Salary,1858,good
211,2023-05-15,Debit,Discretionary,508,good
211,2023-05-31,Credit,Salary,2162,good
211,2023-06-11,Debit,Discretionary,535,good
212,2023-01-01,Credit,Salary,2144,bad
212,2023-01-05,Debit,UPI_Lending_App,101,bad
212,2023-01-21,Debit,Discretionary,481,bad
212,2023-01-27,Debit,UPI_Lending_App,174,bad
212,2023-01-31,Credit,Salary,1910,bad
212,2023-02-08,Debit,UPI_Lending_App,410,bad
212,2023-02-15,Debit,UPI_Lending_App,350,bad
212,2023-02-23,Debit,UPI_Lending_App,428,bad
212,2023-02-24,Debit,UPI_Lending_App,223,bad
212,2023-02-24,Debit,UPI_Lending_App,429,bad
212,2023-02-25,Debit,Discretionary,459,bad
212,2023-03-02,Credit,Salary,2167,bad
212,2023-03-09,Debit,Discretionary,450,bad
212,2023-03-15,Debit,UPI_Lending_App,399,bad
212,2023-03-27,Debit,UPI_Lending_App,385,bad
212,2023-04-01,Credit,Salary,1898,bad
212,2023-04-11,Debit,Discretionary,464,bad
212,2023-04-12,Debit,UPI_Lending_App,448,bad
212,2023-05-01,Credit,Salary,1881,bad
212,2023-05-04,Debit,UPI_Lending_App,330,bad
212,2023-05-08,Debit,UPI_Lending_App,253,bad
212,2023-05-13,Debit,UPI_Lending_App,281,bad
212,2023-05-18,Debit,UPI_Lending_App,105,bad
212,2023-05-20,Debit,UPI_Lending_App,208,bad
212,2023-05-20,Debit,Discretionary,66,bad
212,2023-05-31,Credit,Salary,1919,bad
212,2023-06-05,Debit,Discretionary,130,bad
212,2023-06-09,Debit,UPI_Lending_App,466,bad
212,2023-06-16,Debit,UPI_Lending_App,432,bad
213,2023-01-01,Credit,Salary,1919,bad
213,2023-01-13,Debit,UPI_Lending_App,128,bad
213,2023-01-19,Debit,UPI_Lending_App,280,bad
213,2023-01-21,Debit,Discretionary,477,bad
213,2023-01-26,Debit,UPI_Lending_App,461,bad
213,2023-01-27,Debit,UPI_Lending_App,338,bad
213,2023-01-31,Credit,Salary,2139,bad
213,2023-02-12,Debit,UPI_Lending_App,59,bad
213,2023-02-19,Debit,Discretionary,523,bad
213,2023-03-02,Credit,Salary,1991,bad
213,2023-03-10,Debit,Discretionary,454,bad
213,2023-03-17,Debit,UPI_Lending_App,445,bad
213,2023-04-01,Credit,Salary,1936,bad
213,2023-04-09,Debit,UPI_Lending_App,321,bad
213,2023-04-20,Debit,UPI_Lending_App,126,bad
213,2023-04-26,Debit,Discretionary,510,bad
213,2023-05-04,Credit,Salary,2031,bad
213,2023-05-06,Debit,Discretionary,119,bad
213,2023-05-11,Debit,UPI_Lending_App,197,bad
213,2023-05-12,Debit,UPI_Lending_App,203,bad
213,2023-06-06,Credit,Salary,1861,bad
213,2023-06-06,Debit,Discretionary,110,bad
213,2023-06-11,Debit,UPI_Lending_App,368,bad
214,2023-01-01,Credit,Salary,2150,good
214,2023-01-20,Debit,Discretionary,492,good
214,2023-01-31,Credit,Salary,1969,good
214,2023-02-12,Debit,Discretionary,536,good
214,2023-03-02,Credit,Salary,2134,good
214,2023-03-16,Debit,Discretionary,510,good
214,2023-04-01,Credit,Salary,2115,good
214,2023-04-25,Debit,Discretionary,505,good
214,2023-05-01,Credit,Salary,2031,good
214,2023-05-04,Debit,UPI_Lending_App,236,good
214,2023-05-08,Debit,Discretionary,498,good
214,2023-05-31,Credit,Salary,2036,good
214,2023-06-16,Debit,UPI_Lending_App,352,good
214,2023-06-21,Debit,Discretionary,456,good
215,2023-01-01,Credit,Salary,1878,good
215,2023-01-20,Debit,Discretionary,451,good
215,2023-01-31,Credit,Salary,1806,good
215,2023-02-21,Debit,Discretionary,504,good
215,2023-03-02,Credit,Salary,2114,good
215,2023-03-10,Debit,Discretionary,482,good
215,2023-04-01,Credit,Salary,2178,good
215,2023-04-20,Debit,Discretionary,480,good
215,2023-05-01,Credit,Salary,2101,good
215,2023-05-17,Debit,Discretionary,521,good
215,2023-05-19,Debit,UPI_Lending_App,102,good
215,2023-05-31,Credit,Salary,2035,good
215,2023-06-05,Debit,Discretionary,525,good
216,2023-01-01,Credit,Salary,1986,good
216,2023-01-13,Debit,Discretionary,462,good
216,2023-01-23,Debit,UPI_Lending_App,102,good
216,2023-01-31,Credit,Salary,1858,good
216,2023-02-24,Debit,Discretionary,538,good
216,2023-03-02,Credit,Salary,2153,good
216,2023-03-11,Debit,Discretionary,550,good
216,2023-04-01,Credit,Salary,2008,good
216,2023-04-23,Debit,Discretionary,527,good
216,2023-04-29,Debit,UPI_Lending_App,476,good
216,2023-05-01,Credit,Salary,2044,good
216,2023-05-18,Debit,Discretionary,505,good
216,2023-05-31,Credit,Salary,2152,good
216,2023-06-22,Debit,Discretionary,485,good
217,2023-01-01,Credit,Salary,2063,good
217,2023-01-12,Debit,UPI_Lending_App,372,good
217,2023-01-18,Debit,Discretionary,460,good
217,2023-01-31,Credit,Salary,1873,good
217,2023-02-21,Debit,Discretionary,482,good
217,2023-03-02,Credit,Salary,1833,good
217,2023-03-19,Debit,Discretionary,547,good
217,2023-04-01,Credit,Salary,2014,good
217,2023-04-10,Debit,Discretionary,550,good
217,2023-05-01,Credit,Salary,1966,good
217,2023-05-19,Debit,Discretionary,545,good
217,2023-05-31,Credit,Salary,2172,good
217,2023-06-25,Debit,Discretionary,546,good
218,2023-01-01,Credit,Salary,2178,good
218,2023-01-17,Debit,Discretionary,475,good
218,2023-01-31,Credit,Salary,1877,good
218,2023-02-17,Debit,Discretionary,464,good
218,2023-03-02,Credit,Salary,1928,good
218,2023-03-22,Debit,Discretionary,522,good
218,2023-04-01,Credit,Salary,2189,good
218,2023-04-10,Debit,Discretionary,477,good
218,2023-05-01,Credit,Salary,2082,good
218,2023-05-11,Debit,Discretionary,464,good
218,2023-05-31,Credit,Salary,2186,good
218,2023-06-17,Debit,Discretionary,470,good
219,2023-01-01,Credit,Salary,1964,good
219,2023-01-10,Debit,Discretionary,489,good
219,2023-01-31,Credit,Salary,2028,good
219,2023-02-16,Debit,Discretionary,462,good
219,2023-03-02,Credit,Salary,1893,good
219,2023-03-11,Debit,Discretionary,517,good
219,2023-04-01,Credit,Salary,1802,good
219,2023-04-07,Debit,Discretionary,500,good
219,2023-05-01,Credit,Salary,1814,good
219,2023-05-21,Debit,Discretionary,497,good
219,2023-05-31,Credit,Salary,2190,good
219,2023-06-17,Debit,Discretionary,472,good
220,2023-01-01,Credit,Salary,2144,good
220,2023-01-13,Debit,Discretionary,491,good
220,2023-01-31,Credit,Salary,1960,good
220,2023-02-25,Debit,Discretionary,545,good
220,2023-03-02,Credit,Salary,2024,good
220,2023-03-13,Debit,Discretionary,541,good
220,2023-04-01,Credit,Salary,1982,good
220,2023-04-26,Debit,Discretionary,510,good
220,2023-05-01,Credit,Salary,1971,good
220,2023-05-24,Debit,Discretionary,512,good
220,2023-05-31,Credit,Salary,1833,good
220,2023-06-11,Debit,Discretionary,519,good
221,2023-01-01,Credit,Salary,1914,good
221,2023-01-12,Debit,Discretionary,456,good
221,2023-01-31,Credit,Salary,2180,good
221,2023-02-15,Debit,Discretionary,528,good
221,2023-03-02,Credit,Salary,1842,good
221,2023-03-07,Debit,UPI_Lending_App,161,good
221,2023-03-19,Debit,Discretionary,496,good
221,2023-04-01,Credit,Salary,1995,good
221,2023-04-21,Debit,Discretionary,460,good
221,2023-05-01,Credit,Salary,1806,good
221,2023-05-11,Debit,Discretionary,534,good
221,2023-05-31,Credit,Salary,1804,good
221,2023-06-10,Debit,Discretionary,471,good
222,2023-01-01,Credit,Salary,2200,good
222,2023-01-13,Debit,Discretionary,496,good
222,2023-01-31,Credit,Salary,2116,good
222,2023-02-12,Debit,Discretionary,468,good
222,2023-03-02,Credit,Salary,2078,good
222,2023-03-27,Debit,Discretionary,484,good
222,2023-04-01,Credit,Salary,2105,good
222,2023-04-12,Debit,Discretionary,464,good
222,2023-05-01,Credit,Salary,2064,good
222,2023-05-13,Debit,Discretionary,514,good
222,2023-05-31,Credit,Salary,2115,good
222,2023-06-19,Debit,Discretionary,549,good
223,2023-01-01,Credit,Salary,2112,good
223,2023-01-13,Debit,Discretionary,547,good
223,2023-01-31,Credit,Salary,2094,good
223,2023-02-22,Debit,Discretionary,464,good
223,2023-03-02,Credit,Salary,2175,good
223,2023-03-24,Debit,Discretionary,506,good
223,2023-04-01,Credit,Salary,2107,good
223,2023-04-08,Debit,Discretionary,475,good
223,2023-05-01,Credit,Salary,2193,good
223,2023-05-15,Debit,Discretionary,479,good
223,2023-05-31,Credit,Salary,1856,good
223,2023-06-23,Debit,Discretionary,548,good
224,2023-01-01,Credit,Salary,1928,good
224,2023-01-26,Debit,Discretionary,460,good
224,2023-01-31,Credit,Salary,1972,good
224,2023-02-20,Debit,Discretionary,531,good
224,2023-03-02,Credit,Salary,2132,good
224,2023-03-16,Debit,Discretionary,530,good
224,2023-04-01,Credit,Salary,2026,good
224,2023-04-12,Debit,Discretionary,493,good
224,2023-05-01,Credit,Salary,2198,good
224,2023-05-10,Debit,Discretionary,500,good
224,2023-05-31,Credit,Salary,2004,good
224,2023-06-25,Debit,Discretionary,511,good
225,2023-01-01,Credit,Salary,2182,good
225,2023-01-11,Debit,Discretionary,459,good
225,2023-01-31,Credit,Salary,1906,good
225,2023-02-07,Debit,Discretionary,523,good
225,2023-03-02,Credit,Salary,2184,good
225,2023-03-15,Debit,Discretionary,547,good
225,2023-04-01,Credit,Salary,2068,good
225,2023-04-21,Debit,Discretionary,453,good
225,2023-05-01,Credit,Salary,1851,good
225,2023-05-10,Debit,Discretionary,507,good
225,2023-05-31,Credit,Salary,2184,good
225,2023-06-25,Debit,Discretionary,535,good
226,2023-01-01,Credit,Salary,2170,bad
226,2023-01-07,Debit,Discretionary,474,bad
226,2023-01-24,Debit,UPI_Lending_App,371,bad
226,2023-01-31,Credit,Salary,2151,bad
226,2023-02-08,Debit,UPI_Lending_App,145,bad
226,2023-02-17,Debit,Discretionary,478,bad
226,2023-02-26,Debit,UPI_Lending_App,154,bad
226,2023-03-02,Credit,Salary,1862,bad
226,2023-03-04,Debit,UPI_Lending_App,217,bad
226,2023-03-20,Debit,Discretionary,453,bad
226,2023-03-22,Debit,UPI_Lending_App,305,bad
226,2023-04-01,Credit,Salary,2089,bad
226,2023-04-14,Debit,UPI_Lending_App,132,bad
226,2023-04-14,Debit,UPI_Lending_App,125,bad
226,2023-04-23,Debit,UPI_Lending_App,142,bad
226,2023-04-25,Debit,Discretionary,529,bad
226,2023-04-29,Debit,UPI_Lending_App,435,bad
226,2023-05-01,Credit,Salary,2194,bad
226,2023-05-10,Debit,UPI_Lending_App,248,bad
226,2023-05-12,Debit,UPI_Lending_App,104,bad
226,2023-05-21,Debit,Discretionary,131,bad
226,2023-05-25,Debit,UPI_Lending_App,379,bad
226,2023-05-27,Debit,UPI_Lending_App,451,bad
226,2023-05-27,Debit,UPI_Lending_App,385,bad
226,2023-05-31,Credit,Salary,2124,bad
226,2023-06-11,Debit,UPI_Lending_App,70,bad
226,2023-06-11,Debit,UPI_Lending_App,405,bad
226,2023-06-16,Debit,UPI_Lending_App,299,bad
226,2023-06-18,Debit,UPI_Lending_App,279,bad
226,2023-06-19,Debit,UPI_Lending_App,381,bad
226,2023-06-19,Debit,Discretionary,122,bad
227,2023-01-01,Credit,Salary,1815,bad
227,2023-01-03,Debit,UPI_Lending_App,208,bad
227,2023-01-11,Debit,Discretionary,457,bad
227,2023-01-29,Debit,UPI_Lending_App,55,bad
227,2023-01-31,Credit,Salary,1898,bad
227,2023-02-08,Debit,UPI_Lending_App,95,bad
227,2023-02-08,Debit,UPI_Lending_App,218,bad
227,2023-02-11,Debit,UPI_Lending_App,218,bad
227,2023-02-13,Debit,Discretionary,540,bad
227,2023-02-19,Debit,UPI_Lending_App,207,bad
227,2023-03-02,Credit,Salary,2066,bad
227,2023-03-06,Debit,UPI_Lending_App,296,bad
227,2023-03-12,Debit,UPI_Lending_App,166,bad
227,2023-03-15,Debit,UPI_Lending_App,131,bad
227,2023-03-25,Debit,Discretionary,493,bad
227,2023-04-01,Credit,Salary,2092,bad
227,2023-04-05,Debit,UPI_Lending_App,250,bad
227,2023-04-14,Debit,Discretionary,534,bad
227,2023-04-23,Debit,UPI_Lending_App,454,bad
227,2023-04-28,Debit,UPI_Lending_App,265,bad
227,2023-05-01,Credit,Salary,1825,bad
227,2023-05-07,Debit,UPI_Lending_App,70,bad
227,2023-05-07,Debit,UPI_Lending_App,452,bad
227,2023-05-08,Debit,UPI_Lending_App,274,bad
227,2023-05-15,Debit,Discretionary,59,bad
227,2023-06-07,Credit,Salary,2108,bad
227,2023-06-13,Debit,Discretionary,98,bad
227,2023-06-26,Debit,UPI_Lending_App,279,bad
228,2023-01-01,Credit,Salary,1929,bad
228,2023-01-15,Debit,UPI_Lending_App,458,bad
228,2023-01-18,Debit,Discretionary,550,bad
228,2023-01-31,Credit,Salary,2109,bad
228,2023-02-02,Debit,UPI_Lending_App,210,bad
228,2023-02-06,Debit,Discretionary,502,bad
228,2023-02-08,Debit,UPI_Lending_App,387,bad
228,2023-02-12,Debit,UPI_Lending_App,161,bad
228,2023-02-19,Debit,UPI_Lending_App,288,bad
228,2023-03-02,Credit,Salary,2075,bad
228,2023-03-12,Debit,UPI_Lending_App,74,bad
228,2023-03-14,Debit,UPI_Lending_App,249,bad
228,2023-03-21,Debit,Discretionary,484,bad
228,2023-03-23,Debit,UPI_Lending_App,359,bad
228,2023-03-27,Debit,UPI_Lending_App,334,bad
228,2023-04-01,Credit,Salary,2181,bad
228,2023-04-11,Debit,UPI_Lending_App,241,bad
228,2023-04-14,Debit,UPI_Lending_App,131,bad
228,2023-04-19,Debit,Discretionary,499,bad
228,2023-04-24,Debit,UPI_Lending_App,325,bad
228,2023-04-25,Debit,UPI_Lending_App,389,bad
228,2023-05-01,Credit,Salary,2007,bad
228,2023-05-02,Debit,UPI_Lending_App,172,bad
228,2023-05-10,Debit,UPI_Lending_App,468,bad
228,2023-05-11,Debit,UPI_Lending_App,328,bad
228,2023-05-24,Debit,UPI_Lending_App,455,bad
228,2023-05-25,Debit,Discretionary,115,bad
228,2023-06-03,Credit,Salary,1942,bad
228,2023-06-09,Debit,UPI_Lending_App,94,bad
228,2023-06-11,Debit,UPI_Lending_App,410,bad
228,2023-06-12,Debit,UPI_Lending_App,222,bad
228,2023-06-20,Debit,Discretionary,145,bad
228,2023-06-23,Debit,UPI_Lending_App,53,bad
229,2023-01-01,Credit,Salary,1906,good
229,2023-01-15,Debit,Discretionary,484,good
229,2023-01-31,Credit,Salary,1813,good
229,2023-02-12,Debit,Discretionary,494,good
229,2023-03-02,Credit,Salary,1852,good
229,2023-03-15,Debit,Discretionary,505,good
229,2023-04-01,Credit,Salary,2132,good
229,2023-04-10,Debit,UPI_Lending_App,243,good
229,2023-04-24,Debit,Discretionary,538,good
229,2023-05-01,Credit,Salary,2091,good
229,2023-05-22,Debit,Discretionary,475,good
229,2023-05-29,Debit,UPI_Lending_App,256,good
229,2023-05-31,Credit,Salary,1844,good
229,2023-06-12,Debit,Discretionary,459,good
230,2023-01-01,Credit,Salary,2094,bad
230,2023-01-13,Debit,Discretionary,548,bad
230,2023-01-21,Debit,UPI_Lending_App,116,bad
230,2023-01-31,Credit,Salary,1911,bad
230,2023-02-01,Debit,UPI_Lending_App,58,bad
230,2023-02-06,Debit,Discretionary,473,bad
230,2023-02-21,Debit,UPI_Lending_App,418,bad
230,2023-03-02,Credit,Salary,1983,bad
230,2023-03-05,Debit,UPI_Lending_App,166,bad
230,2023-03-07,Debit,UPI_Lending_App,294,bad
230,2023-03-09,Debit,UPI_Lending_App,353,bad
230,2023-03-21,Debit,UPI_Lending_App,84,bad
230,2023-03-21,Debit,Discretionary,510,bad
230,2023-03-27,Debit,UPI_Lending_App,350,bad
230,2023-04-01,Credit,Salary,1822,bad
230,2023-04-04,Debit,UPI_Lending_App,432,bad
230,2023-04-09,Debit,Discretionary,476,bad
230,2023-05-06,Credit,Salary,1975,bad
230,2023-05-19,Debit,UPI_Lending_App,287,bad
230,2023-05-20,Debit,UPI_Lending_App,365,bad
230,2023-05-23,Debit,UPI_Lending_App,399,bad
230,2023-05-23,Debit,UPI_Lending_App,108,bad
230,2023-05-24,Debit,Discretionary,54,bad
230,2023-06-04,Credit,Salary,2115,bad
230,2023-06-06,Debit,Discretionary,59,bad
230,2023-06-08,Debit,UPI_Lending_App,411,bad
230,2023-06-12,Debit,UPI_Lending_App,73,bad
231,2023-01-01,Credit,Salary,1957,good
231,2023-01-02,Debit,UPI_Lending_App,88,good
231,2023-01-08,Debit,Discretionary,536,good
231,2023-01-31,Credit,Salary,2037,good
231,2023-02-10,Debit,Discretionary,526,good
231,2023-03-02,Credit,Salary,1848,good
231,2023-03-21,Debit,Discretionary,511,good
231,2023-04-01,Credit,Salary,2028,good
231,2023-04-13,Debit,UPI_Lending_App,315,good
231,2023-04-18,Debit,Discretionary,462,good
231,2023-05-01,Credit,Salary,1882,good
231,2023-05-18,Debit,Discretionary,475,good
231,2023-05-31,Credit,Salary,1822,good
231,2023-06-24,Debit,Discretionary,530,good
232,2023-01-01,Credit,Salary,2010,good
232,2023-01-09,Debit,Discretionary,473,good
232,2023-01-28,Debit,UPI_Lending_App,443,good
232,2023-01-31,Credit,Salary,2034,good
232,2023-02-05,Debit,Discretionary,547,good
232,2023-03-02,Credit,Salary,2082,good
232,2023-03-16,Debit,Discretionary,466,good
232,2023-04-01,Credit,Salary,2090,good
232,2023-04-19,Debit,Discretionary,462,good
232,2023-05-01,Credit,Salary,2182,good
232,2023-05-20,Debit,Discretionary,494,good
232,2023-05-31,Credit,Salary,2155,good
232,2023-06-06,Debit,Discretionary,546,good
233,2023-01-01,Credit,Salary,2103,good
233,2023-01-18,Debit,Discretionary,524,good
233,2023-01-31,Credit,Salary,1992,good
233,2023-02-23,Debit,Discretionary,477,good
233,2023-03-02,Credit,Salary,1924,good
233,2023-03-25,Debit,Discretionary,521,good
233,2023-04-01,Credit,Salary,1955,good
233,2023-04-13,Debit,Discretionary,502,good
233,2023-05-01,Credit,Salary,2059,good
233,2023-05-14,Debit,Discretionary,513,good
233,2023-05-31,Credit,Salary,2020,good
233,2023-06-22,Debit,Discretionary,530,good
234,2023-01-01,Credit,Salary,2120,good
234,2023-01-23,Debit,Discretionary,467,good
234,2023-01-31,Credit,Salary,2094,good
234,2023-02-07,Debit,Discretionary,499,good
234,2023-03-02,Credit,Salary,2180,good
234,2023-03-23,Debit,Discretionary,542,good
234,2023-04-01,Credit,Salary,2074,good
234,2023-04-07,Debit,Discretionary,515,good
234,2023-05-01,Credit,Salary,1805,good
234,2023-05-19,Debit,Discretionary,507,good
234,2023-05-31,Credit,Salary,2105,good
234,2023-06-09,Debit,Discretionary,542,good
235,2023-01-01,Credit,Salary,2058,bad
235,2023-01-06,Debit,UPI_Lending_App,283,bad
235,2023-01-07,Debit,UPI_Lending_App,459,bad
235,2023-01-10,Debit,Discretionary,512,bad
235,2023-01-11,Debit,UPI_Lending_App,407,bad
235,2023-01-12,Debit,UPI_Lending_App,492,bad
235,2023-01-13,Debit,UPI_Lending_App,310,bad
235,2023-01-31,Credit,Salary,2172,bad
235,2023-02-05,Debit,UPI_Lending_App,161,bad
235,2023-02-07,Debit,Discretionary,513,bad
235,2023-03-02,Credit,Salary,2160,bad
235,2023-03-13,Debit,UPI_Lending_App,468,bad
235,2023-03-16,Debit,Discretionary,539,bad
235,2023-03-29,Debit,UPI_Lending_App,152,bad
235,2023-04-01,Credit,Salary,1945,bad
235,2023-04-17,Debit,UPI_Lending_App,229,bad
235,2023-04-20,Debit,Discretionary,494,bad
235,2023-04-24,Debit,UPI_Lending_App,350,bad
235,2023-05-07,Credit,Salary,2068,bad
235,2023-05-09,Debit,UPI_Lending_App,116,bad
235,2023-05-25,Debit,Discretionary,91,bad
235,2023-06-01,Debit,UPI_Lending_App,258,bad
235,2023-06-05,Credit,Salary,2011,bad
235,2023-06-08,Debit,UPI_Lending_App,284,bad
235,2023-06-14,Debit,UPI_Lending_App,356,bad
235,2023-06-14,Debit,UPI_Lending_App,220,bad
235,2023-06-25,Debit,Discretionary,80,bad
236,2023-01-01,Credit,Salary,2097,bad
236,2023-01-05,Debit,UPI_Lending_App,161,bad
236,2023-01-07,Debit,UPI_Lending_App,186,bad
236,2023-01-07,Debit,Discretionary,530,bad
236,2023-01-13,Debit,UPI_Lending_App,205,bad
236,2023-01-14,Debit,UPI_Lending_App,311,bad
236,2023-01-21,Debit,UPI_Lending_App,410,bad
236,2023-01-31,Credit,Salary,2082,bad
236,2023-02-13,Debit,Discretionary,519,bad
236,2023-02-24,Debit,UPI_Lending_App,480,bad
236,2023-03-02,Credit,Salary,1833,bad
236,2023-03-09,Debit,UPI_Lending_App,184,bad
236,2023-03-17,Debit,Discretionary,548,bad
236,2023-04-01,Credit,Salary,1883,bad
236,2023-04-06,Debit,Discretionary,547,bad
236,2023-04-18,Debit,UPI_Lending_App,323,bad
236,2023-04-21,Debit,UPI_Lending_App,360,bad
236,2023-05-01,Credit,Salary,2152,bad
236,2023-05-10,Debit,UPI_Lending_App,458,bad
236,2023-05-17,Debit,UPI_Lending_App,385,bad
236,2023-05-21,Debit,UPI_Lending_App,231,bad
236,2023-05-26,Debit,Discretionary,104,bad
236,2023-05-28,Debit,UPI_Lending_App,85,bad
236,2023-05-28,Debit,UPI_Lending_App,204,bad
236,2023-05-31,Credit,Salary,1998,bad
236,2023-06-08,Debit,UPI_Lending_App,220,bad
236,2023-06-09,Debit,Discretionary,94,bad
236,2023-06-11,Debit,UPI_Lending_App,397,bad
236,2023-06-15,Debit,UPI_Lending_App,393,bad
236,2023-06-28,Debit,UPI_Lending_App,419,bad
237,2023-01-01,Credit,Salary,1935,bad
237,2023-01-11,Debit,UPI_Lending_App,161,bad
237,2023-01-12,Debit,Discretionary,480,bad
237,2023-01-13,Debit,UPI_Lending_App,280,bad
237,2023-01-15,Debit,UPI_Lending_App,352,bad
237,2023-01-15,Debit,UPI_Lending_App,253,bad
237,2023-01-31,Credit,Salary,2183,bad
237,2023-02-01,Debit,UPI_Lending_App,315,bad
237,2023-02-11,Debit,Discretionary,526,bad
237,2023-02-16,Debit,UPI_Lending_App,195,bad
237,2023-02-17,Debit,UPI_Lending_App,422,bad
237,2023-02-24,Debit,UPI_Lending_App,271,bad
237,2023-02-26,Debit,UPI_Lending_App,394,bad
237,2023-03-02,Credit,Salary,2065,bad
237,2023-03-07,Debit,Discretionary,522,bad
237,2023-03-08,Debit,UPI_Lending_App,135,bad
237,2023-03-12,Debit,UPI_Lending_App,100,bad
237,2023-03-18,Debit,UPI_Lending_App,86,bad
237,2023-03-30,Debit,UPI_Lending_App,60,bad
237,2023-04-01,Credit,Salary,1957,bad
237,2023-04-02,Debit,UPI_Lending_App,256,bad
237,2023-04-10,Debit,Discretionary,528,bad
237,2023-04-11,Debit,UPI_Lending_App,148,bad
237,2023-04-20,Debit,UPI_Lending_App,140,bad
237,2023-04-23,Debit,UPI_Lending_App,375,bad
237,2023-05-04,Credit,Salary,1935,bad
237,2023-05-05,Debit,UPI_Lending_App,286,bad
237,2023-05-08,Debit,UPI_Lending_App,481,bad
237,2023-05-14,Debit,UPI_Lending_App,312,bad
237,2023-05-14,Debit,UPI_Lending_App,184,bad
237,2023-05-19,Debit,UPI_Lending_App,452,bad
237,2023-05-22,Debit,Discretionary,66,bad
237,2023-05-31,Credit,Salary,2067,bad
237,2023-06-11,Debit,UPI_Lending_App,319,bad
237,2023-06-14,Debit,Discretionary,98,bad
238,2023-01-01,Credit,Salary,2049,good
238,2023-01-15,Debit,Discretionary,461,good
238,2023-01-31,Credit,Salary,2062,good
238,2023-02-16,Debit,Discretionary,507,good
238,2023-03-02,Credit,Salary,2150,good
238,2023-03-17,Debit,Discretionary,532,good
238,2023-04-01,Credit,Salary,1823,good
238,2023-04-06,Debit,Discretionary,495,good
238,2023-05-01,Credit,Salary,1834,good
238,2023-05-17,Debit,Discretionary,518,good
238,2023-05-31,Credit,Salary,1860,good
238,2023-06-15,Debit,Discretionary,527,good
239,2023-01-01,Credit,Salary,1807,good
239,2023-01-16,Debit,Discretionary,493,good
239,2023-01-31,Credit,Salary,1952,good
239,2023-02-18,Debit,Discretionary,478,good
239,2023-03-02,Credit,Salary,1960,good
239,2023-03-16,Debit,Discretionary,469,good
239,2023-04-01,Credit,Salary,2185,good
239,2023-04-14,Debit,Discretionary,545,good
239,2023-05-01,Credit,Salary,1956,good
239,2023-05-10,Debit,Discretionary,505,good
239,2023-05-31,Credit,Salary,2018,good
239,2023-06-23,Debit,Discretionary,530,good
240,2023-01-01,Credit,Salary,2140,bad
240,2023-01-07,Debit,UPI_Lending_App,399,bad
240,2023-01-08,Debit,Discretionary,459,bad
240,2023-01-31,Credit,Salary,2061,bad
240,2023-02-01,Debit,UPI_Lending_App,351,bad
240,2023-02-22,Debit,UPI_Lending_App,401,bad
240,2023-02-24,Debit,Discretionary,475,bad
240,2023-02-28,Debit,UPI_Lending_App,272,bad
240,2023-03-02,Credit,Salary,2123,bad
240,2023-03-06,Debit,UPI_Lending_App,209,bad
240,2023-03-08,Debit,UPI_Lending_App,82,bad
240,2023-03-08,Debit,UPI_Lending_App,279,bad
240,2023-03-18,Debit,UPI_Lending_App,319,bad
240,2023-03-18,Debit,UPI_Lending_App,108,bad
240,2023-03-27,Debit,Discretionary,484,bad
240,2023-04-01,Credit,Salary,1867,bad
240,2023-04-07,Debit,UPI_Lending_App,73,bad
240,2023-04-14,Debit,Discretionary,549,bad
240,2023-04-26,Debit,UPI_Lending_App,314,bad
240,2023-05-01,Credit,Salary,1967,bad
240,2023-05-06,Debit,UPI_Lending_App,315,bad
240,2023-05-13,Debit,UPI_Lending_App,392,bad
240,2023-05-13,Debit,Discretionary,93,bad
240,2023-05-21,Debit,UPI_Lending_App,425,bad
240,2023-05-27,Debit,UPI_Lending_App,102,bad
240,2023-05-28,Debit,UPI_Lending_App,105,bad
240,2023-05-31,Credit,Salary,2154,bad
240,2023-06-02,Debit,UPI_Lending_App,294,bad
240,2023-06-05,Debit,Discretionary,77,bad
240,2023-06-07,Debit,UPI_Lending_App,55,bad
240,2023-06-10,Debit,UPI_Lending_App,305,bad
240,2023-06-10,Debit,UPI_Lending_App,300,bad
241,2023-01-01,Credit,Salary,2165,good
241,2023-01-26,Debit,Discretionary,512,good
241,2023-01-31,Credit,Salary,2121,good
241,2023-02-06,Debit,Discretionary,506,good
241,2023-03-02,Credit,Salary,2157,good
241,2023-03-18,Debit,Discretionary,533,good
241,2023-04-01,Credit,Salary,1912,good
241,2023-04-19,Debit,Discretionary,456,good
241,2023-05-01,Credit,Salary,1948,good
241,2023-05-18,Debit,Discretionary,450,good
241,2023-05-31,Credit,Salary,2154,good
241,2023-06-23,Debit,Discretionary,514,good
242,2023-01-01,Credit,Salary,1828,bad
242,2023-01-02,Debit,UPI_Lending_App,356,bad
242,2023-01-05,Debit,UPI_Lending_App,373,bad
242,2023-01-07,Debit,UPI_Lending_App,138,bad
242,2023-01-12,Debit,UPI_Lending_App,435,bad
242,2023-01-25,Debit,Discretionary,531,bad
242,2023-01-31,Credit,Salary,2008,bad
242,2023-02-03,Debit,UPI_Lending_App,118,bad
242,2023-02-06,Debit,UPI_Lending_App,318,bad
242,2023-02-08,Debit,Discretionary,465,bad
242,2023-02-15,Debit,UPI_Lending_App,412,bad
242,2023-03-02,Credit,Salary,2042,bad
242,2023-03-06,Debit,UPI_Lending_App,251,bad
242,2023-03-07,Debit,Discretionary,475,bad
242,2023-03-09,Debit,UPI_Lending_App,414,bad
242,2023-03-21,Debit,UPI_Lending_App,336,bad
242,2023-03-24,Debit,UPI_Lending_App,358,bad
242,2023-03-30,Debit,UPI_Lending_App,123,bad
242,2023-04-01,Credit,Salary,2138,bad
242,2023-04-10,Debit,UPI_Lending_App,186,bad
242,2023-04-13,Debit,UPI_Lending_App,364,bad
242,2023-04-24,Debit,Discretionary,481,bad
242,2023-04-29,Debit,UPI_Lending_App,486,bad
242,2023-05-04,Credit,Salary,2053,bad
242,2023-05-09,Debit,Discretionary,77,bad
242,2023-05-29,Debit,UPI_Lending_App,278,bad
242,2023-06-07,Credit,Salary,1864,bad
242,2023-06-19,Debit,Discretionary,98,bad
242,2023-06-23,Debit,UPI_Lending_App,254,bad
242,2023-06-24,Debit,UPI_Lending_App,118,bad
243,2023-01-01,Credit,Salary,1915,good
243,2023-01-07,Debit,Discretionary,474,good
243,2023-01-31,Credit,Salary,2028,good
243,2023-02-25,Debit,Discretionary,509,good
243,2023-03-02,Credit,Salary,1843,good
243,2023-03-13,Debit,Discretionary,455,good
243,2023-04-01,Credit,Salary,1938,good
243,2023-04-25,Debit,Discretionary,513,good
243,2023-05-01,Credit,Salary,1957,good
243,2023-05-24,Debit,Discretionary,529,good
243,2023-05-27,Debit,UPI_Lending_App,142,good
243,2023-05-31,Credit,Salary,1992,good
243,2023-06-07,Debit,Discretionary,512,good
244,2023-01-01,Credit,Salary,2028,good
244,2023-01-19,Debit,Discretionary,496,good
244,2023-01-31,Credit,Salary,2025,good
244,2023-02-06,Debit,Discretionary,479,good
244,2023-03-02,Credit,Salary,2157,good
244,2023-03-26,Debit,Discretionary,538,good
244,2023-04-01,Credit,Salary,2011,good
244,2023-04-15,Debit,Discretionary,505,good
244,2023-05-01,Credit,Salary,1915,good
244,2023-05-15,Debit,Discretionary,549,good
244,2023-05-31,Credit,Salary,2094,good
244,2023-06-12,Debit,Discretionary,465,good
245,2023-01-01,Credit,Salary,1816,good
245,2023-01-23,Debit,Discretionary,465,good
245,2023-01-31,Credit,Salary,1834,good
245,2023-02-09,Debit,Discretionary,461,good
245,2023-03-02,Credit,Salary,2089,good
245,2023-03-14,Debit,Discretionary,511,good
245,2023-04-01,Credit,Salary,1832,good
245,2023-04-12,Debit,Discretionary,512,good
245,2023-05-01,Credit,Salary,2077,good
245,2023-05-07,Debit,Discretionary,544,good
245,2023-05-31,Credit,Salary,2200,good
245,2023-06-08,Debit,Discretionary,464,good
246,2023-01-01,Credit,Salary,2195,good
246,2023-01-19,Debit,Discretionary,485,good
246,2023-01-31,Credit,Salary,2137,good
246,2023-02-12,Debit,Discretionary,500,good
246,2023-03-02,Credit,Salary,2162,good
246,2023-03-27,Debit,Discretionary,510,good
246,2023-04-01,Credit,Salary,1874,good
246,2023-04-08,Debit,Discretionary,469,good
246,2023-05-01,Credit,Salary,1885,good
246,2023-05-22,Debit,Discretionary,452,good
246,2023-05-31,Credit,Salary,1874,good
246,2023-06-08,Debit,Discretionary,476,good
247,2023-01-01,Credit,Salary,1815,good
247,2023-01-12,Debit,Discretionary,519,good
247,2023-01-16,Debit,UPI_Lending_App,362,good
247,2023-01-31,Credit,Salary,1957,good
247,2023-02-20,Debit,Discretionary,512,good
247,2023-03-02,Credit,Salary,2099,good
247,2023-03-13,Debit,Discretionary,474,good
247,2023-04-01,Credit,Salary,2195,good
247,2023-04-26,Debit,Discretionary,498,good
247,2023-05-01,Credit,Salary,1889,good
247,2023-05-11,Debit,Discretionary,478,good
247,2023-05-31,Credit,Salary,2034,good
247,2023-06-18,Debit,Discretionary,457,good
248,2023-01-01,Credit,Salary,1937,good
248,2023-01-15,Debit,Discretionary,465,good
248,2023-01-31,Credit,Salary,1993,good
248,2023-02-18,Debit,Discretionary,450,good
248,2023-03-02,Credit,Salary,2042,good
248,2023-03-27,Debit,Discretionary,537,good
248,2023-04-01,Credit,Salary,2196,good
248,2023-04-21,Debit,Discretionary,485,good
248,2023-05-01,Credit,Salary,2053,good
248,2023-05-19,Debit,Discretionary,516,good
248,2023-05-31,Credit,Salary,1977,good
248,2023-06-07,Debit,Discretionary,501,good
249,2023-01-01,Credit,Salary,1836,bad
249,2023-01-08,Debit,UPI_Lending_App,484,bad
249,2023-01-15,Debit,UPI_Lending_App,205,bad
249,2023-01-15,Debit,Discretionary,455,bad
249,2023-01-31,Credit,Salary,1888,bad
249,2023-02-05,Debit,UPI_Lending_App,431,bad
249,2023-02-07,Debit,UPI_Lending_App,401,bad
249,2023-02-08,Debit,Discretionary,525,bad
249,2023-02-23,Debit,UPI_Lending_App,138,bad
249,2023-03-02,Credit,Salary,2093,bad
249,2023-03-03,Debit,UPI_Lending_App,421,bad
249,2023-03-04,Debit,UPI_Lending_App,437,bad
249,2023-03-08,Debit,Discretionary,541,bad
249,2023-03-24,Debit,UPI_Lending_App,389,bad
249,2023-03-28,Debit,UPI_Lending_App,372,bad
249,2023-03-30,Debit,UPI_Lending_App,83,bad
249,2023-04-01,Credit,Salary,1889,bad
249,2023-04-04,Debit,UPI_Lending_App,349,bad
249,2023-04-09,Debit,UPI_Lending_App,267,bad
249,2023-04-17,Debit,Discretionary,456,bad
249,2023-04-24,Debit,UPI_Lending_App,198,bad
249,2023-04-28,Debit,UPI_Lending_App,171,bad
249,2023-05-01,Credit,Salary,1845,bad
249,2023-05-04,Debit,UPI_Lending_App,150,bad
249,2023-05-05,Debit,UPI_Lending_App,96,bad
249,2023-05-10,Debit,Discretionary,127,bad
249,2023-05-26,Debit,UPI_Lending_App,186,bad
249,2023-05-31,Credit,Salary,2117,bad
249,2023-06-05,Debit,UPI_Lending_App,202,bad
249,2023-06-12,Debit,UPI_Lending_App,239,bad
249,2023-06-16,Debit,Discretionary,90,bad
249,2023-06-28,Debit,UPI_Lending_App,376,bad
250,2023-01-01,Credit,Salary,2036,good
250,2023-01-06,Debit,Discretionary,543,good
250,2023-01-31,Credit,Salary,2015,good
250,2023-02-24,Debit,Discretionary,537,good
250,2023-03-02,Credit,Salary,1954,good
250,2023-03-12,Debit,Discretionary,507,good
250,2023-04-01,Credit,Salary,2123,good
250,2023-04-20,Debit,Discretionary,457,good
250,2023-05-01,Credit,Salary,2073,good
250,2023-05-04,Debit,UPI_Lending_App,62,good
250,2023-05-12,Debit,Discretionary,488,good
250,2023-05-31,Credit,Salary,2103,good
250,2023-06-05,Debit,Discretionary,467,good
251,2023-01-01,Credit,Salary,2002,good
251,2023-01-23,Debit,Discretionary,508,good
251,2023-01-31,Credit,Salary,2003,good
251,2023-02-08,Debit,Discretionary,492,good
251,2023-03-02,Credit,Salary,2008,good
251,2023-03-26,Debit,UPI_Lending_App,483,good
251,2023-03-27,Debit,Discretionary,465,good
251,2023-04-01,Credit,Salary,2123,good
251,2023-04-14,Debit,Discretionary,453,good
251,2023-05-01,Credit,Salary,2200,good
251,2023-05-07,Debit,Discretionary,521,good
251,2023-05-31,Credit,Salary,1865,good
251,2023-06-16,Debit,Discretionary,459,good
252,2023-01-01,Credit,Salary,1854,bad
252,2023-01-07,Debit,UPI_Lending_App,54,bad
252,2023-01-19,Debit,Discretionary,459,bad
252,2023-01-24,Debit,UPI_Lending_App,204,bad
252,2023-01-24,Debit,UPI_Lending_App,334,bad
252,2023-01-25,Debit,UPI_Lending_App,404,bad
252,2023-01-27,Debit,UPI_Lending_App,464,bad
252,2023-01-31,Credit,Salary,2115,bad
252,2023-02-02,Debit,UPI_Lending_App,395,bad
252,2023-02-03,Debit,UPI_Lending_App,228,bad
252,2023-02-09,Debit,Discretionary,509,bad
252,2023-02-17,Debit,UPI_Lending_App,469,bad
252,2023-02-17,Debit,UPI_Lending_App,55,bad
252,2023-02-20,Debit,UPI_Lending_App,354,bad
252,2023-03-02,Credit,Salary,2117,bad
252,2023-03-08,Debit,Discretionary,536,bad
252,2023-03-09,Debit,UPI_Lending_App,243,bad
252,2023-04-01,Credit,Salary,1871,bad
252,2023-04-03,Debit,UPI_Lending_App,300,bad
252,2023-04-11,Debit,UPI_Lending_App,427,bad
252,2023-04-15,Debit,UPI_Lending_App,434,bad
252,2023-04-18,Debit,Discretionary,508,bad
252,2023-04-20,Debit,UPI_Lending_App,239,bad
252,2023-05-05,Credit,Salary,2060,bad
252,2023-05-09,Debit,UPI_Lending_App,69,bad
252,2023-05-19,Debit,UPI_Lending_App,356,bad
252,2023-05-21,Debit,UPI_Lending_App,88,bad
252,2023-05-21,Debit,Discretionary,123,bad
252,2023-06-03,Credit,Salary,1828,bad
252,2023-06-07,Debit,Discretionary,57,bad
252,2023-06-08,Debit,UPI_Lending_App,191,bad
252,2023-06-11,Debit,UPI_Lending_App,185,bad
252,2023-06-19,Debit,UPI_Lending_App,241,bad
253,2023-01-01,Credit,Salary,1923,good
253,2023-01-15,Debit,Discretionary,537,good
253,2023-01-31,Credit,Salary,1852,good
253,2023-02-12,Debit,Discretionary,457,good
253,2023-03-02,Credit,Salary,2110,good
253,2023-03-11,Debit,UPI_Lending_App,442,good
253,2023-03-17,Debit,Discretionary,524,good
253,2023-04-01,Credit,Salary,2183,good
253,2023-04-17,Debit,Discretionary,520,good
253,2023-05-01,Credit,Salary,1987,good
253,2023-05-18,Debit,Discretionary,526,good
253,2023-05-31,Credit,Salary,1926,good
253,2023-06-20,Debit,Discretionary,540,good
254,2023-01-01,Credit,Salary,2116,good
254,2023-01-25,Debit,Discretionary,475,good
254,2023-01-31,Credit,Salary,2077,good
254,2023-02-17,Debit,Discretionary,471,good
254,2023-03-02,Credit,Salary,1805,good
254,2023-03-24,Debit,Discretionary,509,good
254,2023-04-01,Credit,Salary,2022,good
254,2023-04-16,Debit,Discretionary,460,good
254,2023-05-01,Credit,Salary,1947,good
254,2023-05-22,Debit,Discretionary,488,good
254,2023-05-31,Credit,Salary,1930,good
254,2023-06-15,Debit,Discretionary,480,good
255,2023-01-01,Credit,Salary,1976,good
255,2023-01-14,Debit,Discretionary,537,good
255,2023-01-31,Credit,Salary,2186,good
255,2023-02-23,Debit,Discretionary,489,good
255,2023-03-02,Credit,Salary,1891,good
255,2023-03-26,Debit,Discretionary,512,good
255,2023-04-01,Credit,Salary,1996,good
255,2023-04-23,Debit,Discretionary,495,good
255,2023-05-01,Credit,Salary,2054,good
255,2023-05-25,Debit,Discretionary,550,good
255,2023-05-31,Credit,Salary,2045,good
255,2023-06-15,Debit,Discretionary,466,good
256,2023-01-01,Credit,Salary,2035,good
256,2023-01-11,Debit,Discretionary,498,good
256,2023-01-31,Credit,Salary,2036,good
256,2023-02-23,Debit,Discretionary,539,good
256,2023-03-02,Credit,Salary,2000,good
256,2023-03-21,Debit,Discretionary,547,good
256,2023-04-01,Credit,Salary,1944,good
256,2023-04-16,Debit,Discretionary,524,good
256,2023-05-01,Credit,Salary,2089,good
256,2023-05-26,Debit,Discretionary,545,good
256,2023-05-31,Credit,Salary,1885,good
256,2023-06-07,Debit,Discretionary,503,good
257,2023-01-01,Credit,Salary,1975,bad
257,2023-01-05,Debit,UPI_Lending_App,477,bad
257,2023-01-11,Debit,UPI_Lending_App,346,bad
257,2023-01-26,Debit,Discretionary,459,bad
257,2023-01-31,Credit,Salary,1858,bad
257,2023-02-03,Debit,UPI_Lending_App,137,bad
257,2023-02-16,Debit,Discretionary,534,bad
257,2023-03-02,Credit,Salary,1814,bad
257,2023-03-14,Debit,UPI_Lending_App,326,bad
257,2023-03-26,Debit,Discretionary,504,bad
257,2023-04-01,Credit,Salary,2156,bad
257,2023-04-02,Debit,UPI_Lending_App,282,bad
257,2023-04-07,Debit,UPI_Lending_App,226,bad
257,2023-04-14,Debit,Discretionary,473,bad
257,2023-04-25,Debit,UPI_Lending_App,87,bad
257,2023-05-05,Debit,UPI_Lending_App,106,bad
257,2023-05-07,Credit,Salary,2020,bad
257,2023-05-20,Debit,UPI_Lending_App,118,bad
257,2023-05-21,Debit,Discretionary,104,bad
257,2023-06-06,Credit,Salary,1914,bad
257,2023-06-12,Debit,UPI_Lending_App,456,bad
257,2023-06-16,Debit,Discretionary,113,bad
258,2023-01-01,Credit,Salary,1944,good
258,2023-01-18,Debit,Discretionary,473,good
258,2023-01-31,Credit,Salary,1895,good
258,2023-02-16,Debit,Discretionary,485,good
258,2023-02-28,Debit,UPI_Lending_App,372,good
258,2023-03-02,Credit,Salary,1915,good
258,2023-03-07,Debit,Discretionary,492,good
258,2023-03-13,Debit,UPI_Lending_App,303,good
258,2023-04-01,Credit,Salary,2004,good
258,2023-04-17,Debit,Discretionary,450,good
258,2023-05-01,Credit,Salary,1949,good
258,2023-05-15,Debit,Discretionary,543,good
258,2023-05-31,Credit,Salary,2038,good
258,2023-06-13,Debit,Discretionary,504,good
259,2023-01-01,Credit,Salary,1930,good
259,2023-01-04,Debit,UPI_Lending_App,367,good
259,2023-01-15,Debit,Discretionary,462,good
259,2023-01-31,Credit,Salary,2160,good
259,2023-02-17,Debit,Discretionary,550,good
259,2023-03-02,Credit,Salary,1915,good
259,2023-03-25,Debit,Discretionary,485,good
259,2023-04-01,Credit,Salary,1973,good
259,2023-04-22,Debit,Discretionary,547,good
259,2023-05-01,Credit,Salary,2020,good
259,2023-05-11,Debit,Discretionary,475,good
259,2023-05-31,Credit,Salary,2165,good
259,2023-06-16,Debit,Discretionary,471,good
260,2023-01-01,Credit,Salary,2085,good
260,2023-01-26,Debit,Discretionary,515,good
260,2023-01-31,Credit,Salary,1838,good
260,2023-02-16,Debit,Discretionary,493,good
260,2023-03-02,Credit,Salary,2061,good
260,2023-03-20,Debit,Discretionary,487,good
260,2023-04-01,Credit,Salary,1863,good
260,2023-04-24,Debit,Discretionary,469,good
260,2023-05-01,Credit,Salary,2198,good
260,2023-05-15,Debit,Discretionary,541,good
260,2023-05-31,Credit,Salary,1824,good
260,2023-06-05,Debit,Discretionary,489,good
261,2023-01-01,Credit,Salary,1879,good
261,2023-01-26,Debit,Discretionary,513,good
261,2023-01-31,Credit,Salary,1843,good
261,2023-02-17,Debit,Discretionary,491,good
261,2023-03-02,Credit,Salary,1828,good
261,2023-03-23,Debit,Discretionary,517,good
261,2023-04-01,Credit,Salary,2150,good
261,2023-04-17,Debit,Discretionary,496,good
261,2023-05-01,Credit,Salary,2082,good
261,2023-05-05,Debit,UPI_Lending_App,401,good
261,2023-05-14,Debit,Discretionary,492,good
261,2023-05-31,Credit,Salary,1884,good
261,2023-06-18,Debit,Discretionary,524,good
262,2023-01-01,Credit,Salary,1843,good
262,2023-01-07,Debit,Discretionary,500,good
262,2023-01-31,Credit,Salary,2032,good
262,2023-02-11,Debit,Discretionary,468,good
262,2023-03-02,Credit,Salary,2132,good
262,2023-03-12,Debit,Discretionary,459,good
262,2023-04-01,Credit,Salary,2185,good
262,2023-04-11,Debit,Discretionary,543,good
262,2023-05-01,Credit,Salary,2120,good
262,2023-05-12,Debit,Discretionary,471,good
262,2023-05-31,Credit,Salary,1995,good
262,2023-06-13,Debit,Discretionary,529,good
262,2023-06-19,Debit,UPI_Lending_App,464,good
263,2023-01-01,Credit,Salary,2159,good
263,2023-01-20,Debit,Discretionary,492,good
263,2023-01-31,Credit,Salary,1909,good
263,2023-02-24,Debit,Discretionary,527,good
263,2023-03-02,Credit,Salary,2188,good
263,2023-03-22,Debit,Discretionary,461,good
263,2023-04-01,Credit,Salary,1873,good
263,2023-04-19,Debit,Discretionary,465,good
263,2023-05-01,Credit,Salary,1830,good
263,2023-05-10,Debit,Discretionary,549,good
263,2023-05-31,Credit,Salary,2006,good
263,2023-06-11,Debit,Discretionary,468,good
264,2023-01-01,Credit,Salary,2018,good
264,2023-01-02,Debit,UPI_Lending_App,252,good
264,2023-01-06,Debit,Discretionary,465,good
264,2023-01-31,Credit,Salary,2022,good
264,2023-02-17,Debit,Discretionary,525,good
264,2023-03-02,Credit,Salary,2135,good
264,2023-03-15,Debit,Discretionary,475,good
264,2023-04-01,Credit,Salary,2142,good
264,2023-04-26,Debit,Discretionary,539,good
264,2023-05-01,Credit,Salary,1942,good
264,2023-05-26,Debit,Discretionary,544,good
264,2023-05-31,Credit,Salary,2189,good
264,2023-06-10,Debit,Discretionary,500,good
265,2023-01-01,Credit,Salary,1810,bad
265,2023-01-08,Debit,Discretionary,493,bad
265,2023-01-09,Debit,UPI_Lending_App,229,bad
265,2023-01-14,Debit,UPI_Lending_App,54,bad
265,2023-01-15,Debit,UPI_Lending_App,59,bad
265,2023-01-17,Debit,UPI_Lending_App,68,bad
265,2023-01-23,Debit,UPI_Lending_App,449,bad
265,2023-01-31,Credit,Salary,2198,bad
265,2023-02-24,Debit,Discretionary,473,bad
265,2023-02-27,Debit,UPI_Lending_App,422,bad
265,2023-03-02,Credit,Salary,2082,bad
265,2023-03-07,Debit,UPI_Lending_App,84,bad
265,2023-03-18,Debit,UPI_Lending_App,142,bad
265,2023-03-19,Debit,Discretionary,479,bad
265,2023-04-01,Credit,Salary,2072,bad
265,2023-04-06,Debit,UPI_Lending_App,450,bad
265,2023-04-11,Debit,Discretionary,484,bad
265,2023-04-15,Debit,UPI_Lending_App,280,bad
265,2023-04-16,Debit,UPI_Lending_App,342,bad
265,2023-04-22,Debit,UPI_Lending_App,102,bad
265,2023-04-24,Debit,UPI_Lending_App,229,bad
265,2023-05-03,Debit,UPI_Lending_App,341,bad
265,2023-05-08,Credit,Salary,2194,bad
265,2023-05-09,Debit,Discretionary,60,bad
265,2023-05-18,Debit,UPI_Lending_App,340,bad
265,2023-05-21,Debit,UPI_Lending_App,108,bad
265,2023-05-31,Credit,Salary,1983,bad
265,2023-06-09,Debit,UPI_Lending_App,492,bad
265,2023-06-14,Debit,Discretionary,96,bad
266,2023-01-01,Credit,Salary,1847,good
266,2023-01-06,Debit,Discretionary,499,good
266,2023-01-31,Credit,Salary,2002,good
266,2023-02-16,Debit,Discretionary,501,good
266,2023-03-02,Credit,Salary,1896,good
266,2023-03-08,Debit,Discretionary,488,good
266,2023-04-01,Credit,Salary,2116,good
266,2023-04-17,Debit,Discretionary,461,good
266,2023-05-01,Credit,Salary,1995,good
266,2023-05-25,Debit,Discretionary,527,good
266,2023-05-31,Credit,Salary,1886,good
266,2023-06-11,Debit,Discretionary,521,good
267,2023-01-01,Credit,Salary,1876,good
267,2023-01-12,Debit,Discretionary,490,good
267,2023-01-31,Credit,Salary,2123,good
267,2023-02-12,Debit,Discretionary,538,good
267,2023-03-02,Credit,Salary,1844,good
267,2023-03-10,Debit,Discretionary,458,good
267,2023-04-01,Credit,Salary,2145,good
267,2023-04-07,Debit,Discretionary,481,good
267,2023-05-01,Credit,Salary,1821,good
267,2023-05-06,Debit,Discretionary,497,good
267,2023-05-31,Credit,Salary,2086,good
267,2023-06-14,Debit,Discretionary,529,good
268,2023-01-01,Credit,Salary,1851,bad
268,2023-01-04,Debit,UPI_Lending_App,413,bad
268,2023-01-11,Debit,Discretionary,455,bad
268,2023-01-15,Debit,UPI_Lending_App,240,bad
268,2023-01-16,Debit,UPI_Lending_App,240,bad
268,2023-01-18,Debit,UPI_Lending_App,214,bad
268,2023-01-31,Credit,Salary,2027,bad
268,2023-02-16,Debit,Discretionary,525,bad
268,2023-02-22,Debit,UPI_Lending_App,95,bad
268,2023-02-28,Debit,UPI_Lending_App,425,bad
268,2023-03-02,Credit,Salary,1853,bad
268,2023-03-06,Debit,UPI_Lending_App,388,bad
268,2023-03-07,Debit,UPI_Lending_App,319,bad
268,2023-03-07,Debit,UPI_Lending_App,282,bad
268,2023-03-11,Debit,UPI_Lending_App,262,bad
268,2023-03-13,Debit,Discretionary,537,bad
268,2023-03-28,Debit,UPI_Lending_App,123,bad
268,2023-04-01,Credit,Salary,2023,bad
268,2023-04-06,Debit,UPI_Lending_App,298,bad
268,2023-04-13,Debit,UPI_Lending_App,291,bad
268,2023-04-16,Debit,Discretionary,542,bad
268,2023-05-01,Credit,Salary,1824,bad
268,2023-05-03,Debit,UPI_Lending_App,78,bad
268,2023-05-10,Debit,Discretionary,63,bad
268,2023-05-18,Debit,UPI_Lending_App,198,bad
268,2023-05-25,Debit,UPI_Lending_App,416,bad
268,2023-06-03,Credit,Salary,1890,bad
268,2023-06-06,Debit,UPI_Lending_App,182,bad
268,2023-06-13,Debit,Discretionary,115,bad
268,2023-06-17,Debit,UPI_Lending_App,470,bad
269,2023-01-01,Credit,Salary,2133,good
269,2023-01-06,Debit,Discretionary,512,good
269,2023-01-31,Credit,Salary,1999,good
269,2023-02-09,Debit,Discretionary,489,good
269,2023-03-02,Credit,Salary,2023,good
269,2023-03-16,Debit,Discretionary,484,good
269,2023-04-01,Credit,Salary,1842,good
269,2023-04-17,Debit,Discretionary,522,good
269,2023-05-01,Credit,Salary,2187,good
269,2023-05-22,Debit,Discretionary,519,good
269,2023-05-31,Credit,Salary,2028,good
269,2023-06-11,Debit,Discretionary,523,good
270,2023-01-01,Credit,Salary,1954,good
270,2023-01-10,Debit,Discretionary,453,good
270,2023-01-31,Credit,Salary,1962,good
270,2023-02-06,Debit,Discretionary,518,good
270,2023-03-02,Credit,Salary,2043,good
270,2023-03-07,Debit,Discretionary,458,good
270,2023-04-01,Credit,Salary,1870,good
270,2023-04-18,Debit,Discretionary,457,good
270,2023-05-01,Credit,Salary,1870,good
270,2023-05-22,Debit,Discretionary,544,good
270,2023-05-31,Credit,Salary,1974,good
270,2023-06-20,Debit,Discretionary,472,good
271,2023-01-01,Credit,Salary,1847,good
271,2023-01-19,Debit,Discretionary,543,good
271,2023-01-31,Credit,Salary,2102,good
271,2023-02-19,Debit,Discretionary,494,good
271,2023-03-02,Credit,Salary,2184,good
271,2023-03-17,Debit,Discretionary,535,good
271,2023-04-01,Credit,Salary,2180,good
271,2023-04-15,Debit,Discretionary,512,good
271,2023-05-01,Credit,Salary,1825,good
271,2023-05-14,Debit,Discretionary,528,good
271,2023-05-31,Credit,Salary,1842,good
271,2023-06-08,Debit,Discretionary,452,good
272,2023-01-01,Credit,Salary,2039,good
272,2023-01-26,Debit,Discretionary,470,good
272,2023-01-31,Credit,Salary,1868,good
272,2023-02-24,Debit,Discretionary,495,good
272,2023-03-02,Credit,Salary,2063,good
272,2023-03-24,Debit,Discretionary,524,good
272,2023-04-01,Credit,Salary,2188,good
272,2023-04-22,Debit,Discretionary,531,good
272,2023-05-01,Credit,Salary,2050,good
272,2023-05-14,Debit,Discretionary,485,good
272,2023-05-31,Credit,Salary,1828,good
272,2023-06-06,Debit,Discretionary,462,good
273,2023-01-01,Credit,Salary,2050,bad
273,2023-01-04,Debit,UPI_Lending_App,313,bad
273,2023-01-04,Debit,UPI_Lending_App,391,bad
273,2023-01-09,Debit,UPI_Lending_App,134,bad
273,2023-01-19,Debit,Discretionary,505,bad
273,2023-01-21,Debit,UPI_Lending_App,275,bad
273,2023-01-23,Debit,UPI_Lending_App,172,bad
273,2023-01-31,Credit,Salary,2124,bad
273,2023-02-04,Debit,UPI_Lending_App,274,bad
273,2023-02-11,Debit,UPI_Lending_App,252,bad
273,2023-02-12,Debit,Discretionary,504,bad
273,2023-02-28,Debit,UPI_Lending_App,204,bad
273,2023-03-02,Credit,Salary,2002,bad
273,2023-03-07,Debit,UPI_Lending_App,490,bad
273,2023-03-16,Debit,UPI_Lending_App,413,bad
273,2023-03-18,Debit,Discretionary,520,bad
273,2023-03-27,Debit,UPI_Lending_App,484,bad
273,2023-04-01,Credit,Salary,2005,bad
273,2023-04-21,Debit,UPI_Lending_App,486,bad
273,2023-04-22,Debit,Discretionary,492,bad
273,2023-05-01,Credit,Salary,1963,bad
273,2023-05-08,Debit,Discretionary,60,bad
273,2023-05-23,Debit,UPI_Lending_App,70,bad
273,2023-05-31,Credit,Salary,2055,bad
273,2023-06-19,Debit,Discretionary,102,bad
273,2023-06-25,Debit,UPI_Lending_App,178,bad
274,2023-01-01,Credit,Salary,2131,bad
274,2023-01-16,Debit,UPI_Lending_App,494,bad
274,2023-01-20,Debit,Discretionary,535,bad
274,2023-01-31,Credit,Salary,1906,bad
274,2023-02-04,Debit,UPI_Lending_App,89,bad
274,2023-02-09,Debit,UPI_Lending_App,454,bad
274,2023-02-14,Debit,Discretionary,465,bad
274,2023-02-18,Debit,UPI_Lending_App,456,bad
274,2023-02-25,Debit,UPI_Lending_App,170,bad
274,2023-03-02,Credit,Salary,2042,bad
274,2023-03-08,Debit,UPI_Lending_App,393,bad
274,2023-03-13,Debit,UPI_Lending_App,181,bad
274,2023-03-15,Debit,Discretionary,459,bad
274,2023-03-17,Debit,UPI_Lending_App,429,bad
274,2023-03-18,Debit,UPI_Lending_App,216,bad
274,2023-03-26,Debit,UPI_Lending_App,125,bad
274,2023-04-01,Credit,Salary,2030,bad
274,2023-04-12,Debit,UPI_Lending_App,344,bad
274,2023-04-12,Debit,Discretionary,520,bad
274,2023-04-19,Debit,UPI_Lending_App,140,bad
274,2023-05-01,Credit,Salary,2045,bad
274,2023-05-02,Debit,UPI_Lending_App,227,bad
274,2023-05-10,Debit,UPI_Lending_App,364,bad
274,2023-05-21,Debit,Discretionary,144,bad
274,2023-05-27,Debit,UPI_Lending_App,123,bad
274,2023-06-03,Credit,Salary,2114,bad
274,2023-06-04,Debit,UPI_Lending_App,239,bad
274,2023-06-14,Debit,UPI_Lending_App,423,bad
274,2023-06-15,Debit,Discretionary,146,bad
274,2023-06-20,Debit,UPI_Lending_App,207,bad
275,2023-01-01,Credit,Salary,2031,good
275,2023-01-19,Debit,Discretionary,484,good
275,2023-01-31,Credit,Salary,2002,good
275,2023-02-10,Debit,Discretionary,450,good
275,2023-03-02,Credit,Salary,1812,good
275,2023-03-14,Debit,Discretionary,460,good
275,2023-04-01,Credit,Salary,1978,good
275,2023-04-10,Debit,Discretionary,509,good
275,2023-05-01,Credit,Salary,2060,good
275,2023-05-13,Debit,Discretionary,549,good
275,2023-05-31,Credit,Salary,1999,good
275,2023-06-06,Debit,Discretionary,543,good
276,2023-01-01,Credit,Salary,1934,good
276,2023-01-22,Debit,Discretionary,488,good
276,2023-01-31,Credit,Salary,2078,good
276,2023-02-06,Debit,Discretionary,509,good
276,2023-03-02,Credit,Salary,1927,good
276,2023-03-14,Debit,Discretionary,497,good
276,2023-04-01,Credit,Salary,1825,good
276,2023-04-21,Debit,Discretionary,520,good
276,2023-05-01,Credit,Salary,1816,good
276,2023-05-26,Debit,Discretionary,499,good
276,2023-05-31,Credit,Salary,1863,good
276,2023-06-19,Debit,Discretionary,474,good
277,2023-01-01,Credit,Salary,1828,good
277,2023-01-21,Debit,Discretionary,532,good
277,2023-01-31,Credit,Salary,2005,good
277,2023-02-10,Debit,Discretionary,507,good
277,2023-03-02,Credit,Salary,2056,good
277,2023-03-23,Debit,Discretionary,533,good
277,2023-04-01,Credit,Salary,1868,good
277,2023-04-21,Debit,Discretionary,537,good
277,2023-05-01,Credit,Salary,1875,good
277,2023-05-25,Debit,Discretionary,544,good
277,2023-05-31,Credit,Salary,2172,good
277,2023-06-21,Debit,Discretionary,541,good
278,2023-01-01,Credit,Salary,2028,bad
278,2023-01-02,Debit,UPI_Lending_App,127,bad
278,2023-01-06,Debit,UPI_Lending_App,102,bad
278,2023-01-18,Debit,Discretionary,450,bad
278,2023-01-31,Credit,Salary,1868,bad
278,2023-02-09,Debit,Discretionary,534,bad
278,2023-02-10,Debit,UPI_Lending_App,103,bad
278,2023-02-17,Debit,UPI_Lending_App,373,bad
278,2023-03-02,Credit,Salary,2060,bad
278,2023-03-09,Debit,Discretionary,535,bad
278,2023-03-11,Debit,UPI_Lending_App,91,bad
278,2023-03-21,Debit,UPI_Lending_App,113,bad
278,2023-03-25,Debit,UPI_Lending_App,131,bad
278,2023-03-28,Debit,UPI_Lending_App,300,bad
278,2023-04-01,Credit,Salary,1983,bad
278,2023-04-03,Debit,UPI_Lending_App,358,bad
278,2023-04-14,Debit,Discretionary,548,bad
278,2023-04-17,Debit,UPI_Lending_App,358,bad
278,2023-04-20,Debit,UPI_Lending_App,252,bad
278,2023-05-01,Credit,Salary,1950,bad
278,2023-05-12,Debit,UPI_Lending_App,472,bad
278,2023-05-12,Debit,Discretionary,129,bad
278,2023-05-13,Debit,UPI_Lending_App,367,bad
278,2023-05-24,Debit,UPI_Lending_App,349,bad
278,2023-05-31,Credit,Salary,2000,bad
278,2023-06-06,Debit,Discretionary,125,bad
278,2023-06-19,Debit,UPI_Lending_App,144,bad
278,2023-06-21,Debit,UPI_Lending_App,243,bad
278,2023-06-23,Debit,UPI_Lending_App,365,bad
278,2023-06-25,Debit,UPI_Lending_App,139,bad
279,2023-01-01,Credit,Salary,1878,good
279,2023-01-20,Debit,Discretionary,509,good
279,2023-01-31,Credit,Salary,1839,good
279,2023-02-24,Debit,Discretionary,503,good
279,2023-03-02,Credit,Salary,1823,good
279,2023-03-22,Debit,Discretionary,456,good
279,2023-04-01,Credit,Salary,1911,good
279,2023-04-07,Debit,Discretionary,454,good
279,2023-05-01,Credit,Salary,1858,good
279,2023-05-06,Debit,Discretionary,543,good
279,2023-05-31,Credit,Salary,1807,good
279,2023-06-09,Debit,Discretionary,457,good
280,2023-01-01,Credit,Salary,1920,good
280,2023-01-25,Debit,Discretionary,497,good
280,2023-01-31,Credit,Salary,2053,good
280,2023-02-13,Debit,Discretionary,460,good
280,2023-03-02,Credit,Salary,1938,good
280,2023-03-09,Debit,Discretionary,455,good
280,2023-04-01,Credit,Salary,1846,good
280,2023-04-19,Debit,Discretionary,482,good
280,2023-05-01,Credit,Salary,2081,good
280,2023-05-14,Debit,Discretionary,523,good
280,2023-05-31,Credit,Salary,1898,good
280,2023-06-11,Debit,Discretionary,472,good
281,2023-01-01,Credit,Salary,1820,good
281,2023-01-24,Debit,Discretionary,471,good
281,2023-01-31,Credit,Salary,2088,good
281,2023-02-05,Debit,Discretionary,530,good
281,2023-03-02,Credit,Salary,2080,good
281,2023-03-08,Debit,Discretionary,504,good
281,2023-04-01,Credit,Salary,1982,good
281,2023-04-25,Debit,Discretionary,509,good
281,2023-05-01,Credit,Salary,2150,good
281,2023-05-17,Debit,Discretionary,479,good
281,2023-05-31,Credit,Salary,2034,good
281,2023-06-22,Debit,Discretionary,516,good
282,2023-01-01,Credit,Salary,2127,good
282,2023-01-11,Debit,Discretionary,450,good
282,2023-01-31,Credit,Salary,2018,good
282,2023-02-14,Debit,Discretionary,496,good
282,2023-02-27,Debit,UPI_Lending_App,298,good
282,2023-03-02,Credit,Salary,1961,good
282,2023-03-19,Debit,Discretionary,494,good
282,2023-04-01,Credit,Salary,2124,good
282,2023-04-15,Debit,Discretionary,550,good
282,2023-05-01,Credit,Salary,2002,good
282,2023-05-10,Debit,Discretionary,460,good
282,2023-05-31,Credit,Salary,2052,good
282,2023-06-09,Debit,UPI_Lending_App,165,good
282,2023-06-14,Debit,Discretionary,452,good
283,2023-01-01,Credit,Salary,2149,good
283,2023-01-16,Debit,Discretionary,511,good
283,2023-01-31,Credit,Salary,1814,good
283,2023-02-06,Debit,Discretionary,467,good
283,2023-03-02,Credit,Salary,1991,good
283,2023-03-19,Debit,Discretionary,511,good
283,2023-04-01,Credit,Salary,2063,good
283,2023-04-15,Debit,Discretionary,455,good
283,2023-05-01,Credit,Salary,2150,good
283,2023-05-09,Debit,Discretionary,499,good
283,2023-05-31,Credit,Salary,2168,good
283,2023-06-07,Debit,Discretionary,537,good
284,2023-01-01,Credit,Salary,1991,good
284,2023-01-06,Debit,Discretionary,491,good
284,2023-01-31,Credit,Salary,2156,good
284,2023-02-15,Debit,Discretionary,521,good
284,2023-03-02,Credit,Salary,1944,good
284,2023-03-04,Debit,UPI_Lending_App,389,good
284,2023-03-17,Debit,Discretionary,532,good
284,2023-04-01,Credit,Salary,2061,good
284,2023-04-06,Debit,Discretionary,489,good
284,2023-05-01,Credit,Salary,1836,good
284,2023-05-13,Debit,Discretionary,520,good
284,2023-05-31,Credit,Salary,2142,good
284,2023-06-07,Debit,Discretionary,469,good
285,2023-01-01,Credit,Salary,2177,good
285,2023-01-18,Debit,Discretionary,544,good
285,2023-01-31,Credit,Salary,2056,good
285,2023-02-11,Debit,Discretionary,492,good
285,2023-03-02,Credit,Salary,2017,good
285,2023-03-12,Debit,Discretionary,528,good
285,2023-04-01,Credit,Salary,1958,good
285,2023-04-20,Debit,Discretionary,529,good
285,2023-05-01,Credit,Salary,2113,good
285,2023-05-24,Debit,Discretionary,540,good
285,2023-05-31,Credit,Salary,1908,good
285,2023-06-20,Debit,Discretionary,484,good
286,2023-01-01,Credit,Salary,2021,good
286,2023-01-25,Debit,Discretionary,512,good
286,2023-01-31,Credit,Salary,2000,good
286,2023-02-22,Debit,Discretionary,517,good
286,2023-03-02,Credit,Salary,2077,good
286,2023-03-17,Debit,Discretionary,524,good
286,2023-04-01,Credit,Salary,2094,good
286,2023-04-08,Debit,Discretionary,455,good
286,2023-05-01,Credit,Salary,2148,good
286,2023-05-26,Debit,Discretionary,501,good
286,2023-05-29,Debit,UPI_Lending_App,473,good
286,2023-05-31,Credit,Salary,1846,good
286,2023-06-25,Debit,Discretionary,509,good
287,2023-01-01,Credit,Salary,2083,good
287,2023-01-05,Debit,UPI_Lending_App,153,good
287,2023-01-09,Debit,Discretionary,548,good
287,2023-01-31,Credit,Salary,2156,good
287,2023-02-14,Debit,Discretionary,481,good
287,2023-03-02,Credit,Salary,1830,good
287,2023-03-19,Debit,Discretionary,499,good
287,2023-04-01,Credit,Salary,2174,good
287,2023-04-16,Debit,Discretionary,498,good
287,2023-05-01,Credit,Salary,2114,good
287,2023-05-22,Debit,Discretionary,462,good
287,2023-05-31,Credit,Salary,2124,good
287,2023-06-19,Debit,Discretionary,506,good
288,2023-01-01,Credit,Salary,1896,good
288,2023-01-24,Debit,Discretionary,486,good
288,2023-01-31,Credit,Salary,2178,good
288,2023-02-20,Debit,Discretionary,481,good
288,2023-03-02,Credit,Salary,2161,good
288,2023-03-17,Debit,Discretionary,496,good
288,2023-04-01,Credit,Salary,2102,good
288,2023-04-23,Debit,Discretionary,476,good
288,2023-05-01,Credit,Salary,1926,good
288,2023-05-20,Debit,UPI_Lending_App,274,good
288,2023-05-26,Debit,Discretionary,533,good
288,2023-05-31,Credit,Salary,1880,good
288,2023-06-25,Debit,Discretionary,531,good
289,2023-01-01,Credit,Salary,1850,bad
289,2023-01-04,Debit,UPI_Lending_App,266,bad
289,2023-01-07,Debit,UPI_Lending_App,235,bad
289,2023-01-09,Debit,UPI_Lending_App,235,bad
289,2023-01-15,Debit,UPI_Lending_App,258,bad
289,2023-01-20,Debit,Discretionary,530,bad
289,2023-01-28,Debit,UPI_Lending_App,123,bad
289,2023-01-31,Credit,Salary,1935,bad
289,2023-02-07,Debit,UPI_Lending_App,239,bad
289,2023-02-07,Debit,Discretionary,504,bad
289,2023-02-27,Debit,UPI_Lending_App,449,bad
289,2023-03-02,Credit,Salary,2019,bad
289,2023-03-07,Debit,Discretionary,473,bad
289,2023-03-09,Debit,UPI_Lending_App,180,bad
289,2023-03-13,Debit,UPI_Lending_App,486,bad
289,2023-03-21,Debit,UPI_Lending_App,253,bad
289,2023-03-29,Debit,UPI_Lending_App,329,bad
289,2023-04-01,Credit,Salary,2085,bad
289,2023-04-06,Debit,UPI_Lending_App,300,bad
289,2023-04-25,Debit,Discretionary,527,bad
289,2023-05-04,Credit,Salary,1887,bad
289,2023-05-06,Debit,Discretionary,110,bad
289,2023-05-09,Debit,UPI_Lending_App,485,bad
289,2023-05-17,Debit,UPI_Lending_App,365,bad
289,2023-05-19,Debit,UPI_Lending_App,295,bad
289,2023-05-24,Debit,UPI_Lending_App,355,bad
289,2023-05-31,Credit,Salary,2133,bad
289,2023-06-08,Debit,Discretionary,73,bad
289,2023-06-23,Debit,UPI_Lending_App,462,bad
290,2023-01-01,Credit,Salary,1854,good
290,2023-01-20,Debit,Discretionary,491,good
290,2023-01-31,Credit,Salary,1891,good
290,2023-02-22,Debit,Discretionary,517,good
290,2023-03-02,Credit,Salary,2069,good
290,2023-03-08,Debit,Discretionary,469,good
290,2023-04-01,Credit,Salary,1966,good
290,2023-04-14,Debit,Discretionary,496,good
290,2023-05-01,Credit,Salary,2055,good
290,2023-05-16,Debit,Discretionary,484,good
290,2023-05-31,Credit,Salary,1968,good
290,2023-06-07,Debit,Discretionary,457,good
291,2023-01-01,Credit,Salary,1937,bad
291,2023-01-03,Debit,UPI_Lending_App,62,bad
291,2023-01-13,Debit,Discretionary,510,bad
291,2023-01-16,Debit,UPI_Lending_App,249,bad
291,2023-01-21,Debit,UPI_Lending_App,69,bad
291,2023-01-31,Credit,Salary,1891,bad
291,2023-02-05,Debit,UPI_Lending_App,144,bad
291,2023-02-07,Debit,UPI_Lending_App,113,bad
291,2023-02-08,Debit,UPI_Lending_App,478,bad
291,2023-02-09,Debit,UPI_Lending_App,159,bad
291,2023-02-19,Debit,Discretionary,504,bad
291,2023-02-28,Debit,UPI_Lending_App,471,bad
291,2023-03-02,Credit,Salary,1895,bad
291,2023-03-04,Debit,UPI_Lending_App,491,bad
291,2023-03-07,Debit,UPI_Lending_App,406,bad
291,2023-03-15,Debit,Discretionary,465,bad
291,2023-04-01,Credit,Salary,1929,bad
291,2023-04-07,Debit,Discretionary,508,bad
291,2023-04-08,Debit,UPI_Lending_App,272,bad
291,2023-04-08,Debit,UPI_Lending_App,279,bad
291,2023-05-07,Credit,Salary,1930,bad
291,2023-05-13,Debit,Discretionary,93,bad
291,2023-05-22,Debit,UPI_Lending_App,380,bad
291,2023-05-31,Credit,Salary,2176,bad
291,2023-06-04,Debit,UPI_Lending_App,135,bad
291,2023-06-06,Debit,UPI_Lending_App,122,bad
291,2023-06-06,Debit,UPI_Lending_App,220,bad
291,2023-06-19,Debit,Discretionary,81,bad
291,2023-06-24,Debit,UPI_Lending_App,389,bad
292,2023-01-01,Credit,Salary,1941,good
292,2023-01-06,Debit,Discretionary,510,good
292,2023-01-31,Credit,Salary,1997,good
292,2023-02-25,Debit,Discretionary,471,good
292,2023-03-02,Credit,Salary,2113,good
292,2023-03-22,Debit,Discretionary,489,good
292,2023-04-01,Credit,Salary,1952,good
292,2023-04-12,Debit,Discretionary,450,good
292,2023-05-01,Credit,Salary,2113,good
292,2023-05-26,Debit,Discretionary,514,good
292,2023-05-31,Credit,Salary,1917,good
292,2023-06-12,Debit,Discretionary,515,good
293,2023-01-01,Credit,Salary,1885,good
293,2023-01-21,Debit,Discretionary,490,good
293,2023-01-31,Credit,Salary,2028,good
293,2023-02-11,Debit,Discretionary,526,good
293,2023-03-02,Credit,Salary,2182,good
293,2023-03-07,Debit,Discretionary,519,good
293,2023-04-01,Credit,Salary,1818,good
293,2023-04-18,Debit,Discretionary,500,good
293,2023-05-01,Credit,Salary,2082,good
293,2023-05-09,Debit,Discretionary,465,good
293,2023-05-31,Credit,Salary,1821,good
293,2023-06-21,Debit,Discretionary,459,good
294,2023-01-01,Credit,Salary,1985,good
294,2023-01-26,Debit,Discretionary,479,good
294,2023-01-31,Credit,Salary,2184,good
294,2023-02-13,Debit,Discretionary,508,good
294,2023-03-02,Credit,Salary,2134,good
294,2023-03-19,Debit,Discretionary,450,good
294,2023-04-01,Credit,Salary,1950,good
294,2023-04-15,Debit,Discretionary,542,good
294,2023-05-01,Credit,Salary,1978,good
294,2023-05-11,Debit,Discretionary,472,good
294,2023-05-31,Credit,Salary,2044,good
294,2023-06-21,Debit,Discretionary,545,good
295,2023-01-01,Credit,Salary,1980,bad
295,2023-01-02,Debit,UPI_Lending_App,136,bad
295,2023-01-08,Debit,Discretionary,452,bad
295,2023-01-11,Debit,UPI_Lending_App,190,bad
295,2023-01-19,Debit,UPI_Lending_App,396,bad
295,2023-01-20,Debit,UPI_Lending_App,450,bad
295,2023-01-31,Credit,Salary,2053,bad
295,2023-02-05,Debit,UPI_Lending_App,144,bad
295,2023-02-10,Debit,UPI_Lending_App,230,bad
295,2023-02-11,Debit,Discretionary,517,bad
295,2023-02-12,Debit,UPI_Lending_App,180,bad
295,2023-02-21,Debit,UPI_Lending_App,464,bad
295,2023-02-21,Debit,UPI_Lending_App,82,bad
295,2023-03-02,Credit,Salary,2062,bad
295,2023-03-12,Debit,UPI_Lending_App,298,bad
295,2023-03-22,Debit,UPI_Lending_App,295,bad
295,2023-03-26,Debit,Discretionary,515,bad
295,2023-03-30,Debit,UPI_Lending_App,399,bad
295,2023-04-01,Credit,Salary,1863,bad
295,2023-04-07,Debit,UPI_Lending_App,178,bad
295,2023-04-11,Debit,Discretionary,538,bad
295,2023-05-02,Debit,UPI_Lending_App,473,bad
295,2023-05-05,Debit,UPI_Lending_App,168,bad
295,2023-05-07,Credit,Salary,1923,bad
295,2023-05-25,Debit,Discretionary,54,bad
295,2023-06-03,Credit,Salary,1938,bad
295,2023-06-21,Debit,Discretionary,103,bad
295,2023-06-28,Debit,UPI_Lending_App,51,bad
296,2023-01-01,Credit,Salary,2095,good
296,2023-01-22,Debit,Discretionary,505,good
296,2023-01-31,Credit,Salary,2074,good
296,2023-02-21,Debit,Discretionary,524,good
296,2023-03-02,Credit,Salary,1928,good
296,2023-03-26,Debit,Discretionary,491,good
296,2023-04-01,Credit,Salary,1897,good
296,2023-04-26,Debit,Discretionary,537,good
296,2023-05-01,Credit,Salary,1902,good
296,2023-05-11,Debit,Discretionary,522,good
296,2023-05-31,Credit,Salary,2023,good
296,2023-06-25,Debit,Discretionary,457,good
297,2023-01-01,Credit,Salary,1936,good
297,2023-01-23,Debit,Discretionary,497,good
297,2023-01-31,Credit,Salary,1928,good
297,2023-02-14,Debit,Discretionary,526,good
297,2023-03-02,Credit,Salary,1815,good
297,2023-03-15,Debit,Discretionary,486,good
297,2023-04-01,Credit,Salary,1884,good
297,2023-04-12,Debit,Discretionary,453,good
297,2023-05-01,Credit,Salary,1866,good
297,2023-05-15,Debit,Discretionary,461,good
297,2023-05-31,Credit,Salary,2147,good
297,2023-06-04,Debit,UPI_Lending_App,420,good
297,2023-06-10,Debit,Discretionary,534,good
298,2023-01-01,Credit,Salary,1912,good
298,2023-01-11,Debit,Discretionary,501,good
298,2023-01-31,Credit,Salary,2018,good
298,2023-02-07,Debit,Discretionary,517,good
298,2023-03-02,Credit,Salary,1957,good
298,2023-03-20,Debit,Discretionary,542,good
298,2023-04-01,Credit,Salary,2073,good
298,2023-04-06,Debit,Discretionary,478,good
298,2023-05-01,Credit,Salary,2127,good
298,2023-05-17,Debit,Discretionary,537,good
298,2023-05-31,Credit,Salary,2061,good
298,2023-06-21,Debit,Discretionary,532,good
299,2023-01-01,Credit,Salary,2171,good
299,2023-01-09,Debit,UPI_Lending_App,126,good
299,2023-01-24,Debit,Discretionary,458,good
299,2023-01-31,Credit,Salary,2175,good
299,2023-02-11,Debit,UPI_Lending_App,500,good
299,2023-02-19,Debit,Discretionary,485,good
299,2023-03-02,Credit,Salary,1975,good
299,2023-03-14,Debit,Discretionary,530,good
299,2023-04-01,Credit,Salary,2056,good
299,2023-04-10,Debit,Discretionary,454,good
299,2023-05-01,Credit,Salary,1968,good
299,2023-05-17,Debit,Discretionary,460,good
299,2023-05-31,Credit,Salary,1835,good
299,2023-06-17,Debit,Discretionary,452,good
300,2023-01-01,Credit,Salary,2015,good
300,2023-01-14,Debit,Discretionary,457,good
300,2023-01-31,Credit,Salary,1835,good
300,2023-02-18,Debit,Discretionary,534,good
300,2023-03-02,Credit,Salary,1954,good
300,2023-03-23,Debit,Discretionary,477,good
300,2023-04-01,Credit,Salary,1980,good
300,2023-04-23,Debit,Discretionary,502,good
300,2023-05-01,Credit,Salary,2143,good
300,2023-05-25,Debit,Discretionary,489,good
300,2023-05-31,Credit,Salary,2170,good
300,2023-06-08,Debit,UPI_Lending_App,406,good
300,2023-06-13,Debit,Discretionary,536,good
301,2023-01-01,Credit,Salary,2079,bad
301,2023-01-12,Debit,UPI_Lending_App,156,bad
301,2023-01-14,Debit,Discretionary,512,bad
301,2023-01-22,Debit,UPI_Lending_App,272,bad
301,2023-01-26,Debit,UPI_Lending_App,448,bad
301,2023-01-31,Credit,Salary,1937,bad
301,2023-02-09,Debit,Discretionary,533,bad
301,2023-02-18,Debit,UPI_Lending_App,151,bad
301,2023-02-21,Debit,UPI_Lending_App,186,bad
301,2023-02-26,Debit,UPI_Lending_App,486,bad
301,2023-03-02,Credit,Salary,2060,bad
301,2023-03-17,Debit,UPI_Lending_App,311,bad
301,2023-03-20,Debit,Discretionary,523,bad
301,2023-04-01,Credit,Salary,2107,bad
301,2023-04-18,Debit,UPI_Lending_App,260,bad
301,2023-04-20,Debit,UPI_Lending_App,114,bad
301,2023-04-22,Debit,Discretionary,532,bad
301,2023-04-27,Debit,UPI_Lending_App,291,bad
301,2023-04-27,Debit,UPI_Lending_App,477,bad
301,2023-05-08,Credit,Salary,1865,bad
301,2023-05-15,Debit,UPI_Lending_App,487,bad
301,2023-05-20,Debit,Discretionary,58,bad
301,2023-05-22,Debit,UPI_Lending_App,352,bad
301,2023-06-04,Debit,UPI_Lending_App,107,bad
301,2023-06-06,Credit,Salary,1860,bad
301,2023-06-08,Debit,Discretionary,117,bad
302,2023-01-01,Credit,Salary,1840,bad
302,2023-01-17,Debit,UPI_Lending_App,286,bad
302,2023-01-20,Debit,Discretionary,524,bad
302,2023-01-31,Credit,Salary,2139,bad
302,2023-02-04,Debit,UPI_Lending_App,404,bad
302,2023-02-07,Debit,Discretionary,532,bad
302,2023-02-11,Debit,UPI_Lending_App,61,bad
302,2023-03-02,Credit,Salary,1971,bad
302,2023-03-11,Debit,UPI_Lending_App,147,bad
302,2023-03-16,Debit,UPI_Lending_App,335,bad
302,2023-03-20,Debit,Discretionary,487,bad
302,2023-03-27,Debit,UPI_Lending_App,59,bad
302,2023-03-30,Debit,UPI_Lending_App,243,bad
302,2023-04-01,Credit,Salary,2020,bad
302,2023-04-07,Debit,UPI_Lending_App,305,bad
302,2023-04-12,Debit,Discretionary,467,bad
302,2023-05-03,Debit,UPI_Lending_App,200,bad
302,2023-05-04,Credit,Salary,1841,bad
302,2023-05-12,Debit,UPI_Lending_App,413,bad
302,2023-05-16,Debit,Discretionary,82,bad
302,2023-05-31,Credit,Salary,2108,bad
302,2023-06-05,Debit,UPI_Lending_App,110,bad
302,2023-06-09,Debit,Discretionary,57,bad
302,2023-06-16,Debit,UPI_Lending_App,171,bad
302,2023-06-23,Debit,UPI_Lending_App,481,bad
302,2023-06-24,Debit,UPI_Lending_App,423,bad
303,2023-01-01,Credit,Salary,2005,good
303,2023-01-25,Debit,Discretionary,454,good
303,2023-01-31,Credit,Salary,2141,good
303,2023-02-14,Debit,Discretionary,497,good
303,2023-02-20,Debit,UPI_Lending_App,340,good
303,2023-03-02,Credit,Salary,2003,good
303,2023-03-09,Debit,Discretionary,520,good
303,2023-04-01,Credit,Salary,2057,good
303,2023-04-22,Debit,Discretionary,489,good
303,2023-05-01,Credit,Salary,2087,good
303,2023-05-20,Debit,Discretionary,459,good
303,2023-05-31,Credit,Salary,1990,good
303,2023-06-16,Debit,Discretionary,520,good
304,2023-01-01,Credit,Salary,1835,bad
304,2023-01-13,Debit,Discretionary,501,bad
304,2023-01-18,Debit,UPI_Lending_App,196,bad
304,2023-01-31,Credit,Salary,2183,bad
304,2023-02-01,Debit,UPI_Lending_App,450,bad
304,2023-02-06,Debit,UPI_Lending_App,319,bad
304,2023-02-06,Debit,UPI_Lending_App,284,bad
304,2023-02-15,Debit,Discretionary,480,bad
304,2023-02-26,Debit,UPI_Lending_App,460,bad
304,2023-02-27,Debit,UPI_Lending_App,68,bad
304,2023-03-02,Credit,Salary,2041,bad
304,2023-03-10,Debit,UPI_Lending_App,212,bad
304,2023-03-12,Debit,UPI_Lending_App,277,bad
304,2023-03-26,Debit,Discretionary,475,bad
304,2023-04-01,Credit,Salary,2093,bad
304,2023-04-24,Debit,Discretionary,533,bad
304,2023-04-25,Debit,UPI_Lending_App,188,bad
304,2023-05-01,Credit,Salary,2061,bad
304,2023-05-15,Debit,Discretionary,105,bad
304,2023-05-16,Debit,UPI_Lending_App,143,bad
304,2023-05-31,Credit,Salary,2147,bad
304,2023-06-09,Debit,Discretionary,68,bad
304,2023-06-10,Debit,UPI_Lending_App,345,bad
304,2023-06-12,Debit,UPI_Lending_App,399,bad
304,2023-06-23,Debit,UPI_Lending_App,321,bad
305,2023-01-01,Credit,Salary,2061,good
305,2023-01-10,Debit,Discretionary,520,good
305,2023-01-31,Credit,Salary,1819,good
305,2023-02-07,Debit,Discretionary,513,good
305,2023-03-02,Credit,Salary,2171,good
305,2023-03-19,Debit,Discretionary,462,good
305,2023-04-01,Credit,Salary,2092,good
305,2023-04-07,Debit,Discretionary,539,good
305,2023-04-18,Debit,UPI_Lending_App,456,good
305,2023-05-01,Credit,Salary,2185,good
305,2023-05-05,Debit,UPI_Lending_App,348,good
305,2023-05-23,Debit,Discretionary,468,good
305,2023-05-31,Credit,Salary,1862,good
305,2023-06-16,Debit,UPI_Lending_App,490,good
305,2023-06-24,Debit,Discretionary,514,good
306,2023-01-01,Credit,Salary,2012,good
306,2023-01-14,Debit,Discretionary,490,good
306,2023-01-31,Credit,Salary,1974,good
306,2023-02-21,Debit,Discretionary,514,good
306,2023-03-02,Credit,Salary,2080,good
306,2023-03-10,Debit,Discretionary,531,good
306,2023-04-01,Credit,Salary,2073,good
306,2023-04-07,Debit,Discretionary,472,good
306,2023-05-01,Credit,Salary,2160,good
306,2023-05-10,Debit,Discretionary,546,good
306,2023-05-31,Credit,Salary,1937,good
306,2023-06-24,Debit,Discretionary,513,good
307,2023-01-01,Credit,Salary,1891,bad
307,2023-01-15,Debit,Discretionary,533,bad
307,2023-01-17,Debit,UPI_Lending_App,280,bad
307,2023-01-26,Debit,UPI_Lending_App,104,bad
307,2023-01-31,Credit,Salary,1850,bad
307,2023-02-03,Debit,UPI_Lending_App,397,bad
307,2023-02-07,Debit,Discretionary,495,bad
307,2023-02-11,Debit,UPI_Lending_App,214,bad
307,2023-02-11,Debit,UPI_Lending_App,249,bad
307,2023-02-18,Debit,UPI_Lending_App,284,bad
307,2023-03-02,Credit,Salary,2132,bad
307,2023-03-03,Debit,UPI_Lending_App,311,bad
307,2023-03-09,Debit,UPI_Lending_App,116,bad
307,2023-03-15,Debit,UPI_Lending_App,411,bad
307,2023-03-15,Debit,Discretionary,547,bad
307,2023-04-01,Credit,Salary,1882,bad
307,2023-04-25,Debit,UPI_Lending_App,88,bad
307,2023-04-26,Debit,Discretionary,518,bad
307,2023-05-06,Credit,Salary,2061,bad
307,2023-05-08,Debit,Discretionary,107,bad
307,2023-05-09,Debit,UPI_Lending_App,387,bad
307,2023-05-15,Debit,UPI_Lending_App,216,bad
307,2023-05-25,Debit,UPI_Lending_App,335,bad
307,2023-05-31,Credit,Salary,2095,bad
307,2023-06-08,Debit,Discretionary,59,bad
307,2023-06-17,Debit,UPI_Lending_App,200,bad
307,2023-06-22,Debit,UPI_Lending_App,324,bad
307,2023-06-27,Debit,UPI_Lending_App,298,bad
308,2023-01-01,Credit,Salary,1840,bad
308,2023-01-09,Debit,UPI_Lending_App,409,bad
308,2023-01-16,Debit,UPI_Lending_App,370,bad
308,2023-01-18,Debit,Discretionary,529,bad
308,2023-01-23,Debit,UPI_Lending_App,127,bad
308,2023-01-25,Debit,UPI_Lending_App,411,bad
308,2023-01-31,Credit,Salary,1871,bad
308,2023-02-06,Debit,UPI_Lending_App,263,bad
308,2023-02-06,Debit,UPI_Lending_App,500,bad
308,2023-02-09,Debit,UPI_Lending_App,318,bad
308,2023-02-15,Debit,Discretionary,483,bad
308,2023-02-23,Debit,UPI_Lending_App,402,bad
308,2023-03-02,Credit,Salary,2176,bad
308,2023-03-17,Debit,Discretionary,524,bad
308,2023-03-19,Debit,UPI_Lending_App,493,bad
308,2023-04-01,Credit,Salary,2074,bad
308,2023-04-04,Debit,UPI_Lending_App,429,bad
308,2023-04-06,Debit,UPI_Lending_App,108,bad
308,2023-04-15,Debit,UPI_Lending_App,193,bad
308,2023-04-17,Debit,Discretionary,514,bad
308,2023-04-21,Debit,UPI_Lending_App,154,bad
308,2023-04-27,Debit,UPI_Lending_App,130,bad
308,2023-05-01,Credit,Salary,2004,bad
308,2023-05-07,Debit,UPI_Lending_App,155,bad
308,2023-05-12,Debit,UPI_Lending_App,119,bad
308,2023-05-15,Debit,UPI_Lending_App,397,bad
308,2023-05-19,Debit,UPI_Lending_App,244,bad
308,2023-05-25,Debit,Discretionary,63,bad
308,2023-05-29,Debit,UPI_Lending_App,188,bad
308,2023-06-03,Debit,UPI_Lending_App,243,bad
308,2023-06-03,Debit,UPI_Lending_App,322,bad
308,2023-06-05,Debit,UPI_Lending_App,366,bad
308,2023-06-06,Credit,Salary,1945,bad
308,2023-06-18,Debit,Discretionary,148,bad
309,2023-01-01,Credit,Salary,2095,good
309,2023-01-12,Debit,Discretionary,477,good
309,2023-01-15,Debit,UPI_Lending_App,240,good
309,2023-01-31,Credit,Salary,1967,good
309,2023-02-18,Debit,Discretionary,465,good
309,2023-03-02,Credit,Salary,1901,good
309,2023-03-26,Debit,Discretionary,538,good
309,2023-04-01,Credit,Salary,2138,good
309,2023-04-05,Debit,UPI_Lending_App,125,good
309,2023-04-25,Debit,Discretionary,456,good
309,2023-05-01,Credit,Salary,1817,good
309,2023-05-14,Debit,Discretionary,499,good
309,2023-05-31,Credit,Salary,2109,good
309,2023-06-12,Debit,UPI_Lending_App,158,good
309,2023-06-22,Debit,Discretionary,532,good
310,2023-01-01,Credit,Salary,2188,good
310,2023-01-18,Debit,Discretionary,515,good
310,2023-01-31,Credit,Salary,1963,good
310,2023-02-17,Debit,Discretionary,499,good
310,2023-03-02,Credit,Salary,1931,good
310,2023-03-08,Debit,Discretionary,521,good
310,2023-04-01,Credit,Salary,2082,good
310,2023-04-12,Debit,UPI_Lending_App,116,good
310,2023-04-18,Debit,Discretionary,532,good
310,2023-05-01,Credit,Salary,2097,good
310,2023-05-08,Debit,Discretionary,544,good
310,2023-05-31,Credit,Salary,2051,good
310,2023-06-23,Debit,Discretionary,485,good
311,2023-01-01,Credit,Salary,2067,good
311,2023-01-08,Debit,Discretionary,463,good
311,2023-01-31,Credit,Salary,1859,good
311,2023-02-23,Debit,Discretionary,457,good
311,2023-03-02,Credit,Salary,2076,good
311,2023-03-26,Debit,Discretionary,480,good
311,2023-04-01,Credit,Salary,2054,good
311,2023-04-10,Debit,Discretionary,521,good
311,2023-05-01,Credit,Salary,1937,good
311,2023-05-16,Debit,Discretionary,504,good
311,2023-05-31,Credit,Salary,2062,good
311,2023-06-07,Debit,Discretionary,480,good
312,2023-01-01,Credit,Salary,2196,good
312,2023-01-13,Debit,Discretionary,550,good
312,2023-01-31,Credit,Salary,1943,good
312,2023-02-25,Debit,Discretionary,489,good
312,2023-03-02,Credit,Salary,2086,good
312,2023-03-22,Debit,Discretionary,496,good
312,2023-04-01,Credit,Salary,1982,good
312,2023-04-25,Debit,Discretionary,465,good
312,2023-05-01,Credit,Salary,1879,good
312,2023-05-09,Debit,Discretionary,510,good
312,2023-05-31,Credit,Salary,2155,good
312,2023-06-21,Debit,Discretionary,477,good
313,2023-01-01,Credit,Salary,1941,bad
313,2023-01-05,Debit,UPI_Lending_App,224,bad
313,2023-01-15,Debit,Discretionary,462,bad
313,2023-01-29,Debit,UPI_Lending_App,303,bad
313,2023-01-31,Credit,Salary,1921,bad
313,2023-02-04,Debit,UPI_Lending_App,464,bad
313,2023-02-06,Debit,Discretionary,504,bad
313,2023-02-11,Debit,UPI_Lending_App,203,bad
313,2023-02-15,Debit,UPI_Lending_App,450,bad
313,2023-02-24,Debit,UPI_Lending_App,359,bad
313,2023-02-27,Debit,UPI_Lending_App,431,bad
313,2023-03-02,Credit,Salary,2118,bad
313,2023-03-14,Debit,UPI_Lending_App,434,bad
313,2023-03-20,Debit,UPI_Lending_App,78,bad
313,2023-03-20,Debit,Discretionary,457,bad
313,2023-03-21,Debit,UPI_Lending_App,442,bad
313,2023-03-28,Debit,UPI_Lending_App,69,bad
313,2023-04-01,Credit,Salary,2096,bad
313,2023-04-03,Debit,UPI_Lending_App,184,bad
313,2023-04-08,Debit,Discretionary,532,bad
313,2023-04-11,Debit,UPI_Lending_App,498,bad
313,2023-04-11,Debit,UPI_Lending_App,187,bad
313,2023-04-21,Debit,UPI_Lending_App,306,bad
313,2023-04-24,Debit,UPI_Lending_App,96,bad
313,2023-05-01,Credit,Salary,2164,bad
313,2023-05-15,Debit,UPI_Lending_App,316,bad
313,2023-05-20,Debit,Discretionary,102,bad
313,2023-05-31,Credit,Salary,2061,bad
313,2023-06-06,Debit,UPI_Lending_App,332,bad
313,2023-06-09,Debit,Discretionary,57,bad
313,2023-06-10,Debit,UPI_Lending_App,471,bad
313,2023-06-11,Debit,UPI_Lending_App,157,bad
313,2023-06-19,Debit,UPI_Lending_App,366,bad
314,2023-01-01,Credit,Salary,1863,good
314,2023-01-11,Debit,Discretionary,501,good
314,2023-01-31,Credit,Salary,1809,good
314,2023-02-09,Debit,Discretionary,450,good
314,2023-03-02,Credit,Salary,1862,good
314,2023-03-17,Debit,UPI_Lending_App,309,good
314,2023-03-22,Debit,Discretionary,496,good
314,2023-04-01,Credit,Salary,2038,good
314,2023-04-19,Debit,Discretionary,454,good
314,2023-05-01,Credit,Salary,2196,good
314,2023-05-22,Debit,Discretionary,531,good
314,2023-05-31,Credit,Salary,1903,good
314,2023-06-15,Debit,Discretionary,485,good
315,2023-01-01,Credit,Salary,2194,bad
315,2023-01-03,Debit,UPI_Lending_App,123,bad
315,2023-01-14,Debit,Discretionary,471,bad
315,2023-01-21,Debit,UPI_Lending_App,69,bad
315,2023-01-25,Debit,UPI_Lending_App,155,bad
315,2023-01-25,Debit,UPI_Lending_App,429,bad
315,2023-01-31,Credit,Salary,2182,bad
315,2023-02-20,Debit,UPI_Lending_App,433,bad
315,2023-02-20,Debit,Discretionary,455,bad
315,2023-02-23,Debit,UPI_Lending_App,91,bad
315,2023-03-02,Credit,Salary,2189,bad
315,2023-03-11,Debit,UPI_Lending_App,282,bad
315,2023-03-15,Debit,Discretionary,475,bad
315,2023-03-18,Debit,UPI_Lending_App,412,bad
315,2023-03-21,Debit,UPI_Lending_App,63,bad
315,2023-03-23,Debit,UPI_Lending_App,102,bad
315,2023-03-26,Debit,UPI_Lending_App,226,bad
315,2023-04-01,Credit,Salary,1876,bad
315,2023-04-08,Debit,UPI_Lending_App,297,bad
315,2023-04-08,Debit,Discretionary,502,bad
315,2023-04-10,Debit,UPI_Lending_App,53,bad
315,2023-04-23,Debit,UPI_Lending_App,445,bad
315,2023-04-25,Debit,UPI_Lending_App,465,bad
315,2023-05-01,Credit,Salary,2151,bad
315,2023-05-11,Debit,UPI_Lending_App,54,bad
315,2023-05-11,Debit,Discretionary,68,bad
315,2023-05-24,Debit,UPI_Lending_App,235,bad
315,2023-05-31,Credit,Salary,2094,bad
315,2023-06-02,Debit,UPI_Lending_App,294,bad
315,2023-06-20,Debit,Discretionary,97,bad
315,2023-06-21,Debit,UPI_Lending_App,293,bad
315,2023-06-21,Debit,UPI_Lending_App,437,bad
316,2023-01-01,Credit,Salary,2036,good
316,2023-01-10,Debit,Discretionary,503,good
316,2023-01-31,Credit,Salary,2178,good
316,2023-02-18,Debit,Discretionary,512,good
316,2023-03-02,Credit,Salary,2093,good
316,2023-03-21,Debit,Discretionary,495,good
316,2023-04-01,Credit,Salary,2059,good
316,2023-04-10,Debit,Discretionary,535,good
316,2023-05-01,Credit,Salary,1933,good
316,2023-05-08,Debit,Discretionary,545,good
316,2023-05-31,Credit,Salary,1921,good
316,2023-06-14,Debit,Discretionary,496,good
317,2023-01-01,Credit,Salary,2188,good
317,2023-01-24,Debit,Discretionary,486,good
317,2023-01-31,Credit,Salary,1965,good
317,2023-02-22,Debit,Discretionary,542,good
317,2023-03-02,Credit,Salary,1862,good
317,2023-03-20,Debit,Discretionary,528,good
317,2023-04-01,Credit,Salary,2168,good
317,2023-04-16,Debit,Discretionary,547,good
317,2023-05-01,Credit,Salary,2021,good
317,2023-05-06,Debit,Discretionary,471,good
317,2023-05-31,Credit,Salary,2055,good
317,2023-06-10,Debit,UPI_Lending_App,494,good
317,2023-06-10,Debit,Discretionary,456,good
318,2023-01-01,Credit,Salary,2104,good
318,2023-01-07,Debit,Discretionary,475,good
318,2023-01-31,Credit,Salary,2100,good
318,2023-02-09,Debit,Discretionary,489,good
318,2023-03-02,Credit,Salary,1876,good
318,2023-03-25,Debit,Discretionary,478,good
318,2023-03-29,Debit,UPI_Lending_App,469,good
318,2023-04-01,Credit,Salary,1842,good
318,2023-04-18,Debit,Discretionary,489,good
318,2023-04-27,Debit,UPI_Lending_App,270,good
318,2023-05-01,Credit,Salary,2073,good
318,2023-05-16,Debit,Discretionary,474,good
318,2023-05-31,Credit,Salary,1997,good
318,2023-06-18,Debit,Discretionary,522,good
318,2023-06-26,Debit,UPI_Lending_App,407,good
319,2023-01-01,Credit,Salary,2197,good
319,2023-01-17,Debit,Discretionary,495,good
319,2023-01-31,Credit,Salary,2077,good
319,2023-02-25,Debit,Discretionary,458,good
319,2023-03-02,Credit,Salary,1802,good
319,2023-03-27,Debit,Discretionary,486,good
319,2023-04-01,Credit,Salary,2041,good
319,2023-04-14,Debit,Discretionary,490,good
319,2023-05-01,Credit,Salary,1953,good
319,2023-05-20,Debit,Discretionary,463,good
319,2023-05-31,Credit,Salary,2069,good
319,2023-06-21,Debit,Discretionary,488,good
320,2023-01-01,Credit,Salary,2142,bad
320,2023-01-05,Debit,UPI_Lending_App,215,bad
320,2023-01-16,Debit,Discretionary,504,bad
320,2023-01-31,Credit,Salary,1978,bad
320,2023-02-08,Debit,Discretionary,475,bad
320,2023-02-15,Debit,UPI_Lending_App,291,bad
320,2023-02-20,Debit,UPI_Lending_App,346,bad
320,2023-03-02,Credit,Salary,2053,bad
320,2023-03-11,Debit,UPI_Lending_App,199,bad
320,2023-03-11,Debit,UPI_Lending_App,385,bad
320,2023-03-21,Debit,UPI_Lending_App,376,bad
320,2023-03-24,Debit,Discretionary,485,bad
320,2023-03-28,Debit,UPI_Lending_App,390,bad
320,2023-04-01,Credit,Salary,2008,bad
320,2023-04-02,Debit,UPI_Lending_App,156,bad
320,2023-04-06,Debit,UPI_Lending_App,280,bad
320,2023-04-15,Debit,Discretionary,468,bad
320,2023-04-17,Debit,UPI_Lending_App,430,bad
320,2023-05-01,Credit,Salary,2111,bad
320,2023-05-06,Debit,UPI_Lending_App,167,bad
320,2023-05-20,Debit,Discretionary,84,bad
320,2023-06-03,Credit,Salary,2133,bad
320,2023-06-10,Debit,UPI_Lending_App,101,bad
320,2023-06-12,Debit,Discretionary,80,bad
320,2023-06-21,Debit,UPI_Lending_App,362,bad
320,2023-06-24,Debit,UPI_Lending_App,419,bad
320,2023-06-25,Debit,UPI_Lending_App,443,bad
320,2023-06-28,Debit,UPI_Lending_App,151,bad
321,2023-01-01,Credit,Salary,2084,bad
321,2023-01-18,Debit,Discretionary,508,bad
321,2023-01-22,Debit,UPI_Lending_App,162,bad
321,2023-01-25,Debit,UPI_Lending_App,161,bad
321,2023-01-31,Credit,Salary,1807,bad
321,2023-02-08,Debit,Discretionary,460,bad
321,2023-02-10,Debit,UPI_Lending_App,316,bad
321,2023-02-25,Debit,UPI_Lending_App,237,bad
321,2023-03-02,Credit,Salary,2027,bad
321,2023-03-05,Debit,UPI_Lending_App,341,bad
321,2023-03-20,Debit,UPI_Lending_App,418,bad
321,2023-03-23,Debit,Discretionary,516,bad
321,2023-04-01,Credit,Salary,1901,bad
321,2023-04-09,Debit,UPI_Lending_App,315,bad
321,2023-04-16,Debit,UPI_Lending_App,291,bad
321,2023-04-19,Debit,UPI_Lending_App,220,bad
321,2023-04-19,Debit,Discretionary,504,bad
321,2023-04-22,Debit,UPI_Lending_App,286,bad
321,2023-04-24,Debit,UPI_Lending_App,482,bad
321,2023-05-07,Credit,Salary,1892,bad
321,2023-05-10,Debit,UPI_Lending_App,153,bad
321,2023-05-17,Debit,Discretionary,57,bad
321,2023-06-04,Credit,Salary,2193,bad
321,2023-06-20,Debit,UPI_Lending_App,161,bad
321,2023-06-22,Debit,UPI_Lending_App,216,bad
321,2023-06-22,Debit,Discretionary,67,bad
321,2023-06-23,Debit,UPI_Lending_App,343,bad
321,2023-06-24,Debit,UPI_Lending_App,387,bad
322,2023-01-01,Credit,Salary,1802,good
322,2023-01-12,Debit,Discretionary,454,good
322,2023-01-31,Credit,Salary,1934,good
322,2023-02-12,Debit,Discretionary,451,good
322,2023-03-02,Credit,Salary,2093,good
322,2023-03-12,Debit,Discretionary,453,good
322,2023-04-01,Credit,Salary,1802,good
322,2023-04-18,Debit,Discretionary,473,good
322,2023-05-01,Credit,Salary,2112,good
322,2023-05-18,Debit,Discretionary,463,good
322,2023-05-31,Credit,Salary,1920,good
322,2023-06-14,Debit,Discretionary,454,good
323,2023-01-01,Credit,Salary,1997,good
323,2023-01-24,Debit,Discretionary,460,good
323,2023-01-31,Credit,Salary,1937,good
323,2023-02-16,Debit,Discretionary,537,good
323,2023-03-02,Credit,Salary,1837,good
323,2023-03-18,Debit,Discretionary,475,good
323,2023-04-01,Credit,Salary,2052,good
323,2023-04-18,Debit,Discretionary,477,good
323,2023-05-01,Credit,Salary,1829,good
323,2023-05-12,Debit,Discretionary,515,good
323,2023-05-31,Credit,Salary,2073,good
323,2023-06-20,Debit,Discretionary,490,good
324,2023-01-01,Credit,Salary,1991,good
324,2023-01-14,Debit,Discretionary,509,good
324,2023-01-31,Credit,Salary,1976,good
324,2023-02-18,Debit,Discretionary,508,good
324,2023-03-02,Credit,Salary,1856,good
324,2023-03-06,Debit,UPI_Lending_App,275,good
324,2023-03-10,Debit,Discretionary,456,good
324,2023-04-01,Credit,Salary,1960,good
324,2023-04-06,Debit,Discretionary,494,good
324,2023-05-01,Credit,Salary,1875,good
324,2023-05-11,Debit,Discretionary,498,good
324,2023-05-31,Credit,Salary,1824,good
324,2023-06-24,Debit,Discretionary,460,good
325,2023-01-01,Credit,Salary,2082,good
325,2023-01-07,Debit,Discretionary,455,good
325,2023-01-31,Credit,Salary,1804,good
325,2023-02-14,Debit,Discretionary,519,good
325,2023-03-02,Credit,Salary,2115,good
325,2023-03-07,Debit,Discretionary,479,good
325,2023-04-01,Credit,Salary,1975,good
325,2023-04-20,Debit,Discretionary,533,good
325,2023-05-01,Credit,Salary,2186,good
325,2023-05-17,Debit,Discretionary,455,good
325,2023-05-31,Credit,Salary,1920,good
325,2023-06-20,Debit,Discretionary,494,good
326,2023-01-01,Credit,Salary,1975,good
326,2023-01-10,Debit,Discretionary,487,good
326,2023-01-31,Credit,Salary,2028,good
326,2023-02-14,Debit,Discretionary,520,good
326,2023-03-02,Credit,Salary,1974,good
326,2023-03-19,Debit,Discretionary,505,good
326,2023-04-01,Credit,Salary,2174,good
326,2023-04-09,Debit,Discretionary,466,good
326,2023-05-01,Credit,Salary,1951,good
326,2023-05-14,Debit,Discretionary,545,good
326,2023-05-31,Credit,Salary,1826,good
326,2023-06-12,Debit,UPI_Lending_App,439,good
326,2023-06-19,Debit,Discretionary,544,good
327,2023-01-01,Credit,Salary,1918,good
327,2023-01-17,Debit,Discretionary,521,good
327,2023-01-31,Credit,Salary,2191,good
327,2023-02-18,Debit,Discretionary,549,good
327,2023-03-02,Credit,Salary,2193,good
327,2023-03-09,Debit,Discretionary,485,good
327,2023-04-01,Credit,Salary,1966,good
327,2023-04-16,Debit,Discretionary,513,good
327,2023-05-01,Credit,Salary,2168,good
327,2023-05-26,Debit,Discretionary,490,good
327,2023-05-31,Credit,Salary,2088,good
327,2023-06-10,Debit,Discretionary,469,good
328,2023-01-01,Credit,Salary,1986,good
328,2023-01-13,Debit,Discretionary,453,good
328,2023-01-31,Credit,Salary,2085,good
328,2023-02-25,Debit,Discretionary,492,good
328,2023-02-26,Debit,UPI_Lending_App,470,good
328,2023-03-02,Credit,Salary,2038,good
328,2023-03-11,Debit,Discretionary,519,good
328,2023-04-01,Credit,Salary,1818,good
328,2023-04-15,Debit,Discretionary,509,good
328,2023-05-01,Credit,Salary,2010,good
328,2023-05-20,Debit,Discretionary,475,good
328,2023-05-31,Credit,Salary,1983,good
328,2023-06-20,Debit,Discretionary,534,good
328,2023-06-22,Debit,UPI_Lending_App,251,good
329,2023-01-01,Credit,Salary,1914,good
329,2023-01-08,Debit,Discretionary,496,good
329,2023-01-31,Credit,Salary,1864,good
329,2023-02-06,Debit,Discretionary,477,good
329,2023-02-23,Debit,UPI_Lending_App,352,good
329,2023-03-02,Credit,Salary,1972,good
329,2023-03-24,Debit,Discretionary,529,good
329,2023-04-01,Credit,Salary,2145,good
329,2023-04-14,Debit,Discretionary,451,good
329,2023-05-01,Credit,Salary,1896,good
329,2023-05-13,Debit,Discretionary,469,good
329,2023-05-31,Credit,Salary,1805,good
329,2023-06-22,Debit,Discretionary,505,good
330,2023-01-01,Credit,Salary,2150,good
330,2023-01-12,Debit,Discretionary,475,good
330,2023-01-31,Credit,Salary,2049,good
330,2023-02-09,Debit,Discretionary,530,good
330,2023-03-02,Credit,Salary,1881,good
330,2023-03-10,Debit,Discretionary,473,good
330,2023-03-23,Debit,UPI_Lending_App,183,good
330,2023-04-01,Credit,Salary,2102,good
330,2023-04-12,Debit,Discretionary,459,good
330,2023-05-01,Credit,Salary,2127,good
330,2023-05-06,Debit,UPI_Lending_App,102,good
330,2023-05-09,Debit,Discretionary,540,good
330,2023-05-31,Credit,Salary,2169,good
330,2023-06-25,Debit,Discretionary,483,good
331,2023-01-01,Credit,Salary,2176,bad
331,2023-01-10,Debit,UPI_Lending_App,394,bad
331,2023-01-21,Debit,Discretionary,521,bad
331,2023-01-28,Debit,UPI_Lending_App,291,bad
331,2023-01-31,Credit,Salary,2050,bad
331,2023-02-04,Debit,UPI_Lending_App,448,bad
331,2023-02-06,Debit,UPI_Lending_App,325,bad
331,2023-02-15,Debit,Discretionary,461,bad
331,2023-02-18,Debit,UPI_Lending_App,449,bad
331,2023-03-02,Credit,Salary,1973,bad
331,2023-03-16,Debit,Discretionary,466,bad
331,2023-03-17,Debit,UPI_Lending_App,115,bad
331,2023-03-26,Debit,UPI_Lending_App,453,bad
331,2023-04-01,Credit,Salary,1953,bad
331,2023-04-08,Debit,Discretionary,521,bad
331,2023-04-26,Debit,UPI_Lending_App,159,bad
331,2023-05-01,Credit,Salary,1820,bad
331,2023-05-11,Debit,UPI_Lending_App,352,bad
331,2023-05-13,Debit,UPI_Lending_App,294,bad
331,2023-05-16,Debit,Discretionary,130,bad
331,2023-05-25,Debit,UPI_Lending_App,202,bad
331,2023-05-29,Debit,UPI_Lending_App,309,bad
331,2023-06-01,Debit,UPI_Lending_App,396,bad
331,2023-06-03,Credit,Salary,2005,bad
331,2023-06-03,Debit,UPI_Lending_App,328,bad
331,2023-06-16,Debit,UPI_Lending_App,403,bad
331,2023-06-16,Debit,UPI_Lending_App,256,bad
331,2023-06-18,Debit,UPI_Lending_App,208,bad
331,2023-06-23,Debit,Discretionary,114,bad
332,2023-01-01,Credit,Salary,2068,bad
332,2023-01-04,Debit,UPI_Lending_App,316,bad
332,2023-01-13,Debit,UPI_Lending_App,416,bad
332,2023-01-13,Debit,Discretionary,541,bad
332,2023-01-14,Debit,UPI_Lending_App,492,bad
332,2023-01-19,Debit,UPI_Lending_App,436,bad
332,2023-01-28,Debit,UPI_Lending_App,148,bad
332,2023-01-31,Credit,Salary,2098,bad
332,2023-02-12,Debit,UPI_Lending_App,368,bad
332,2023-02-13,Debit,UPI_Lending_App,337,bad
332,2023-02-13,Debit,Discretionary,515,bad
332,2023-02-14,Debit,UPI_Lending_App,84,bad
332,2023-02-21,Debit,UPI_Lending_App,173,bad
332,2023-02-27,Debit,UPI_Lending_App,471,bad
332,2023-03-02,Credit,Salary,2085,bad
332,2023-03-13,Debit,Discretionary,535,bad
332,2023-03-17,Debit,UPI_Lending_App,333,bad
332,2023-03-27,Debit,UPI_Lending_App,424,bad
332,2023-03-27,Debit,UPI_Lending_App,275,bad
332,2023-04-01,Credit,Salary,2162,bad
332,2023-04-12,Debit,UPI_Lending_App,407,bad
332,2023-04-15,Debit,UPI_Lending_App,134,bad
332,2023-04-18,Debit,Discretionary,550,bad
332,2023-05-01,Credit,Salary,1887,bad
332,2023-05-17,Debit,UPI_Lending_App,449,bad
332,2023-05-17,Debit,UPI_Lending_App,230,bad
332,2023-05-22,Debit,Discretionary,61,bad
332,2023-05-24,Debit,UPI_Lending_App,242,bad
332,2023-05-29,Debit,UPI_Lending_App,117,bad
332,2023-05-31,Credit,Salary,1922,bad
332,2023-06-07,Debit,UPI_Lending_App,224,bad
332,2023-06-12,Debit,Discretionary,53,bad
332,2023-06-18,Debit,UPI_Lending_App,497,bad
332,2023-06-20,Debit,UPI_Lending_App,120,bad
333,2023-01-01,Credit,Salary,2166,bad
333,2023-01-08,Debit,UPI_Lending_App,411,bad
333,2023-01-09,Debit,Discretionary,457,bad
333,2023-01-15,Debit,UPI_Lending_App,496,bad
333,2023-01-24,Debit,UPI_Lending_App,143,bad
333,2023-01-25,Debit,UPI_Lending_App,267,bad
333,2023-01-31,Credit,Salary,2032,bad
333,2023-02-10,Debit,UPI_Lending_App,442,bad
333,2023-02-16,Debit,Discretionary,460,bad
333,2023-02-26,Debit,UPI_Lending_App,420,bad
333,2023-03-02,Credit,Salary,1922,bad
333,2023-03-15,Debit,UPI_Lending_App,152,bad
333,2023-03-17,Debit,UPI_Lending_App,353,bad
333,2023-03-19,Debit,Discretionary,451,bad
333,2023-03-25,Debit,UPI_Lending_App,131,bad
333,2023-03-28,Debit,UPI_Lending_App,145,bad
333,2023-04-01,Credit,Salary,2017,bad
333,2023-04-10,Debit,UPI_Lending_App,252,bad
333,2023-04-16,Debit,UPI_Lending_App,489,bad
333,2023-04-16,Debit,Discretionary,478,bad
333,2023-04-25,Debit,UPI_Lending_App,78,bad
333,2023-05-02,Debit,UPI_Lending_App,70,bad
333,2023-05-08,Credit,Salary,2055,bad
333,2023-05-15,Debit,UPI_Lending_App,346,bad
333,2023-05-16,Debit,UPI_Lending_App,142,bad
333,2023-05-23,Debit,Discretionary,103,bad
333,2023-05-24,Debit,UPI_Lending_App,253,bad
333,2023-05-26,Debit,UPI_Lending_App,337,bad
333,2023-05-31,Credit,Salary,2159,bad
333,2023-06-05,Debit,UPI_Lending_App,176,bad
333,2023-06-08,Debit,UPI_Lending_App,405,bad
333,2023-06-14,Debit,Discretionary,113,bad
333,2023-06-17,Debit,UPI_Lending_App,459,bad
333,2023-06-23,Debit,UPI_Lending_App,251,bad
333,2023-06-25,Debit,UPI_Lending_App,103,bad
334,2023-01-01,Credit,Salary,1808,bad
334,2023-01-07,Debit,UPI_Lending_App,308,bad
334,2023-01-13,Debit,Discretionary,486,bad
334,2023-01-20,Debit,UPI_Lending_App,56,bad
334,2023-01-23,Debit,UPI_Lending_App,270,bad
334,2023-01-26,Debit,UPI_Lending_App,195,bad
334,2023-01-31,Credit,Salary,1928,bad
334,2023-02-07,Debit,UPI_Lending_App,440,bad
334,2023-02-12,Debit,UPI_Lending_App,63,bad
334,2023-02-17,Debit,UPI_Lending_App,257,bad
334,2023-02-17,Debit,Discretionary,517,bad
334,2023-03-02,Credit,Salary,2150,bad
334,2023-03-05,Debit,UPI_Lending_App,120,bad
334,2023-03-18,Debit,UPI_Lending_App,379,bad
334,2023-03-21,Debit,UPI_Lending_App,392,bad
334,2023-03-26,Debit,Discretionary,514,bad
334,2023-04-01,Credit,Salary,2086,bad
334,2023-04-17,Debit,Discretionary,471,bad
334,2023-04-20,Debit,UPI_Lending_App,486,bad
334,2023-05-04,Debit,UPI_Lending_App,100,bad
334,2023-05-05,Credit,Salary,1947,bad
334,2023-05-11,Debit,UPI_Lending_App,415,bad
334,2023-05-13,Debit,Discretionary,116,bad
334,2023-05-19,Debit,UPI_Lending_App,168,bad
334,2023-05-27,Debit,UPI_Lending_App,173,bad
334,2023-05-27,Debit,UPI_Lending_App,183,bad
334,2023-06-05,Credit,Salary,2114,bad
334,2023-06-07,Debit,Discretionary,119,bad
334,2023-06-11,Debit,UPI_Lending_App,355,bad
334,2023-06-23,Debit,UPI_Lending_App,76,bad
335,2023-01-01,Credit,Salary,1988,bad
335,2023-01-08,Debit,UPI_Lending_App,99,bad
335,2023-01-14,Debit,UPI_Lending_App,204,bad
335,2023-01-21,Debit,UPI_Lending_App,447,bad
335,2023-01-22,Debit,UPI_Lending_App,379,bad
335,2023-01-25,Debit,Discretionary,486,bad
335,2023-01-31,Credit,Salary,1898,bad
335,2023-02-21,Debit,UPI_Lending_App,476,bad
335,2023-02-21,Debit,Discretionary,527,bad
335,2023-03-02,Credit,Salary,1805,bad
335,2023-03-19,Debit,Discretionary,513,bad
335,2023-03-24,Debit,UPI_Lending_App,62,bad
335,2023-03-28,Debit,UPI_Lending_App,496,bad
335,2023-04-01,Credit,Salary,1834,bad
335,2023-04-06,Debit,Discretionary,495,bad
335,2023-04-24,Debit,UPI_Lending_App,77,bad
335,2023-04-24,Debit,UPI_Lending_App,248,bad
335,2023-05-01,Credit,Salary,1835,bad
335,2023-05-03,Debit,UPI_Lending_App,169,bad
335,2023-05-06,Debit,UPI_Lending_App,210,bad
335,2023-05-10,Debit,Discretionary,132,bad
335,2023-05-16,Debit,UPI_Lending_App,58,bad
335,2023-05-17,Debit,UPI_Lending_App,422,bad
335,2023-05-31,Credit,Salary,2119,bad
335,2023-06-04,Debit,UPI_Lending_App,291,bad
335,2023-06-08,Debit,UPI_Lending_App,235,bad
335,2023-06-13,Debit,UPI_Lending_App,497,bad
335,2023-06-21,Debit,Discretionary,65,bad
336,2023-01-01,Credit,Salary,2085,good
336,2023-01-18,Debit,Discretionary,460,good
336,2023-01-31,Credit,Salary,2191,good
336,2023-02-19,Debit,Discretionary,519,good
336,2023-03-02,Credit,Salary,2000,good
336,2023-03-15,Debit,Discretionary,505,good
336,2023-04-01,Credit,Salary,2180,good
336,2023-04-03,Debit,UPI_Lending_App,450,good
336,2023-04-14,Debit,Discretionary,505,good
336,2023-05-01,Credit,Salary,1859,good
336,2023-05-12,Debit,Discretionary,459,good
336,2023-05-31,Credit,Salary,1978,good
336,2023-06-25,Debit,Discretionary,524,good
337,2023-01-01,Credit,Salary,2199,bad
337,2023-01-15,Debit,UPI_Lending_App,216,bad
337,2023-01-17,Debit,Discretionary,517,bad
337,2023-01-31,Credit,Salary,2035,bad
337,2023-02-05,Debit,UPI_Lending_App,334,bad
337,2023-02-09,Debit,UPI_Lending_App,342,bad
337,2023-02-19,Debit,Discretionary,488,bad
337,2023-02-22,Debit,UPI_Lending_App,413,bad
337,2023-02-27,Debit,UPI_Lending_App,382,bad
337,2023-03-02,Credit,Salary,2162,bad
337,2023-03-07,Debit,UPI_Lending_App,495,bad
337,2023-03-10,Debit,UPI_Lending_App,160,bad
337,2023-03-13,Debit,Discretionary,479,bad
337,2023-03-29,Debit,UPI_Lending_App,71,bad
337,2023-03-29,Debit,UPI_Lending_App,452,bad
337,2023-04-01,Credit,Salary,2196,bad
337,2023-04-14,Debit,UPI_Lending_App,210,bad
337,2023-04-16,Debit,UPI_Lending_App,309,bad
337,2023-04-19,Debit,Discretionary,456,bad
337,2023-05-04,Credit,Salary,2107,bad
337,2023-05-14,Debit,Discretionary,53,bad
337,2023-05-15,Debit,UPI_Lending_App,85,bad
337,2023-05-17,Debit,UPI_Lending_App,168,bad
337,2023-05-24,Debit,UPI_Lending_App,354,bad
337,2023-05-25,Debit,UPI_Lending_App,494,bad
337,2023-06-03,Credit,Salary,2150,bad
337,2023-06-05,Debit,UPI_Lending_App,412,bad
337,2023-06-10,Debit,UPI_Lending_App,343,bad
337,2023-06-10,Debit,Discretionary,51,bad
338,2023-01-01,Credit,Salary,1901,good
338,2023-01-11,Debit,Discretionary,498,good
338,2023-01-31,Credit,Salary,2051,good
338,2023-02-15,Debit,Discretionary,526,good
338,2023-03-02,Credit,Salary,1910,good
338,2023-03-18,Debit,Discretionary,503,good
338,2023-04-01,Credit,Salary,2168,good
338,2023-04-25,Debit,Discretionary,547,good
338,2023-05-01,Credit,Salary,2126,good
338,2023-05-25,Debit,Discretionary,548,good
338,2023-05-31,Credit,Salary,2155,good
338,2023-06-11,Debit,Discretionary,484,good
339,2023-01-01,Credit,Salary,2153,good
339,2023-01-26,Debit,Discretionary,485,good
339,2023-01-31,Credit,Salary,1952,good
339,2023-02-08,Debit,Discretionary,525,good
339,2023-03-02,Credit,Salary,2169,good
339,2023-03-12,Debit,Discretionary,535,good
339,2023-04-01,Credit,Salary,2009,good
339,2023-04-26,Debit,Discretionary,462,good
339,2023-05-01,Credit,Salary,2189,good
339,2023-05-19,Debit,Discretionary,466,good
339,2023-05-31,Credit,Salary,1952,good
339,2023-06-15,Debit,Discretionary,472,good
340,2023-01-01,Credit,Salary,1920,good
340,2023-01-14,Debit,Discretionary,465,good
340,2023-01-31,Credit,Salary,2012,good
340,2023-02-16,Debit,Discretionary,494,good
340,2023-03-02,Credit,Salary,2088,good
340,2023-03-18,Debit,Discretionary,530,good
340,2023-04-01,Credit,Salary,2077,good
340,2023-04-21,Debit,Discretionary,450,good
340,2023-05-01,Credit,Salary,1803,good
340,2023-05-12,Debit,Discretionary,463,good
340,2023-05-31,Credit,Salary,1951,good
340,2023-06-10,Debit,Discretionary,455,good
341,2023-01-01,Credit,Salary,2011,good
341,2023-01-15,Debit,Discretionary,461,good
341,2023-01-21,Debit,UPI_Lending_App,467,good
341,2023-01-31,Credit,Salary,1929,good
341,2023-02-14,Debit,Discretionary,536,good
341,2023-03-02,Credit,Salary,1866,good
341,2023-03-26,Debit,Discretionary,497,good
341,2023-04-01,Credit,Salary,2078,good
341,2023-04-20,Debit,Discretionary,490,good
341,2023-05-01,Credit,Salary,2069,good
341,2023-05-17,Debit,Discretionary,540,good
341,2023-05-31,Credit,Salary,2044,good
341,2023-06-20,Debit,Discretionary,536,good
342,2023-01-01,Credit,Salary,1891,good
342,2023-01-26,Debit,UPI_Lending_App,234,good
342,2023-01-26,Debit,Discretionary,465,good
342,2023-01-31,Credit,Salary,1908,good
342,2023-02-15,Debit,Discretionary,488,good
342,2023-03-02,Credit,Salary,2132,good
342,2023-03-10,Debit,Discretionary,497,good
342,2023-04-01,Credit,Salary,2108,good
342,2023-04-25,Debit,Discretionary,473,good
342,2023-05-01,Credit,Salary,2020,good
342,2023-05-11,Debit,Discretionary,533,good
342,2023-05-31,Credit,Salary,1841,good
342,2023-06-09,Debit,Discretionary,489,good
343,2023-01-01,Credit,Salary,1894,good
343,2023-01-18,Debit,Discretionary,537,good
343,2023-01-31,Credit,Salary,2130,good
343,2023-02-08,Debit,Discretionary,518,good
343,2023-03-02,Credit,Salary,1973,good
343,2023-03-18,Debit,Discretionary,459,good
343,2023-04-01,Credit,Salary,1915,good
343,2023-04-15,Debit,Discretionary,541,good
343,2023-05-01,Credit,Salary,2124,good
343,2023-05-15,Debit,Discretionary,514,good
343,2023-05-31,Credit,Salary,1993,good
343,2023-06-10,Debit,Discretionary,498,good
344,2023-01-01,Credit,Salary,1959,good
344,2023-01-13,Debit,UPI_Lending_App,451,good
344,2023-01-26,Debit,Discretionary,463,good
344,2023-01-31,Credit,Salary,2193,good
344,2023-02-24,Debit,Discretionary,496,good
344,2023-03-02,Credit,Salary,1840,good
344,2023-03-09,Debit,UPI_Lending_App,58,good
344,2023-03-23,Debit,Discretionary,524,good
344,2023-04-01,Credit,Salary,1894,good
344,2023-04-09,Debit,Discretionary,534,good
344,2023-05-01,Credit,Salary,1832,good
344,2023-05-13,Debit,Discretionary,481,good
344,2023-05-31,Credit,Salary,2193,good
344,2023-06-08,Debit,Discretionary,531,good
345,2023-01-01,Credit,Salary,2101,good
345,2023-01-13,Debit,Discretionary,478,good
345,2023-01-31,Credit,Salary,2072,good
345,2023-02-15,Debit,Discretionary,454,good
345,2023-03-02,Credit,Salary,1819,good
345,2023-03-07,Debit,Discretionary,535,good
345,2023-04-01,Credit,Salary,1922,good
345,2023-04-06,Debit,Discretionary,488,good
345,2023-05-01,Credit,Salary,2077,good
345,2023-05-17,Debit,Discretionary,517,good
345,2023-05-31,Credit,Salary,2182,good
345,2023-06-19,Debit,Discretionary,476,good
346,2023-01-01,Credit,Salary,2058,good
346,2023-01-21,Debit,Discretionary,505,good
346,2023-01-31,Credit,Salary,2064,good
346,2023-02-17,Debit,Discretionary,485,good
346,2023-03-02,Credit,Salary,2199,good
346,2023-03-09,Debit,Discretionary,532,good
346,2023-03-14,Debit,UPI_Lending_App,356,good
346,2023-04-01,Credit,Salary,1975,good
346,2023-04-07,Debit,Discretionary,489,good
346,2023-05-01,Credit,Salary,2188,good
346,2023-05-26,Debit,Discretionary,493,good
346,2023-05-31,Credit,Salary,2080,good
346,2023-06-25,Debit,Discretionary,503,good
347,2023-01-01,Credit,Salary,2161,good
347,2023-01-07,Debit,Discretionary,454,good
347,2023-01-31,Credit,Salary,1884,good
347,2023-02-17,Debit,Discretionary,458,good
347,2023-03-02,Credit,Salary,1844,good
347,2023-03-11,Debit,Discretionary,450,good
347,2023-04-01,Credit,Salary,1801,good
347,2023-04-10,Debit,Discretionary,486,good
347,2023-05-01,Credit,Salary,2186,good
347,2023-05-11,Debit,Discretionary,509,good
347,2023-05-31,Credit,Salary,2088,good
347,2023-06-25,Debit,Discretionary,526,good
348,2023-01-01,Credit,Salary,1830,good
348,2023-01-18,Debit,Discretionary,495,good
348,2023-01-31,Credit,Salary,2004,good
348,2023-02-16,Debit,Discretionary,508,good
348,2023-03-02,Credit,Salary,2119,good
348,2023-03-09,Debit,Discretionary,484,good
348,2023-04-01,Credit,Salary,2108,good
348,2023-04-06,Debit,Discretionary,529,good
348,2023-05-01,Credit,Salary,2153,good
348,2023-05-08,Debit,Discretionary,538,good
348,2023-05-31,Credit,Salary,2056,good
348,2023-06-07,Debit,Discretionary,495,good
349,2023-01-01,Credit,Salary,1813,bad
349,2023-01-18,Debit,UPI_Lending_App,126,bad
349,2023-01-20,Debit,Discretionary,506,bad
349,2023-01-28,Debit,UPI_Lending_App,67,bad
349,2023-01-31,Credit,Salary,2005,bad
349,2023-02-02,Debit,UPI_Lending_App,244,bad
349,2023-02-25,Debit,Discretionary,451,bad
349,2023-03-02,Credit,Salary,2105,bad
349,2023-03-03,Debit,UPI_Lending_App,459,bad
349,2023-03-09,Debit,UPI_Lending_App,371,bad
349,2023-03-18,Debit,Discretionary,537,bad
349,2023-03-20,Debit,UPI_Lending_App,466,bad
349,2023-03-21,Debit,UPI_Lending_App,249,bad
349,2023-04-01,Credit,Salary,2163,bad
349,2023-04-06,Debit,Discretionary,493,bad
349,2023-04-12,Debit,UPI_Lending_App,182,bad
349,2023-04-19,Debit,UPI_Lending_App,306,bad
349,2023-04-21,Debit,UPI_Lending_App,60,bad
349,2023-05-08,Credit,Salary,2005,bad
349,2023-05-14,Debit,UPI_Lending_App,220,bad
349,2023-05-15,Debit,Discretionary,150,bad
349,2023-05-16,Debit,UPI_Lending_App,259,bad
349,2023-05-24,Debit,UPI_Lending_App,126,bad
349,2023-05-26,Debit,UPI_Lending_App,112,bad
349,2023-06-01,Debit,UPI_Lending_App,141,bad
349,2023-06-07,Credit,Salary,2073,bad
349,2023-06-09,Debit,Discretionary,61,bad
349,2023-06-10,Debit,UPI_Lending_App,190,bad
350,2023-01-01,Credit,Salary,2156,good
350,2023-01-13,Debit,Discretionary,539,good
350,2023-01-21,Debit,UPI_Lending_App,324,good
350,2023-01-31,Credit,Salary,1972,good
350,2023-02-25,Debit,Discretionary,544,good
350,2023-02-27,Debit,UPI_Lending_App,479,good
350,2023-03-02,Credit,Salary,2114,good
350,2023-03-16,Debit,Discretionary,494,good
350,2023-04-01,Credit,Salary,2078,good
350,2023-04-21,Debit,Discretionary,544,good
350,2023-05-01,Credit,Salary,2158,good
350,2023-05-11,Debit,Discretionary,533,good
350,2023-05-31,Credit,Salary,1960,good
350,2023-06-14,Debit,Discretionary,511,good
351,2023-01-01,Credit,Salary,2024,bad
351,2023-01-07,Debit,UPI_Lending_App,240,bad
351,2023-01-18,Debit,Discretionary,514,bad
351,2023-01-28,Debit,UPI_Lending_App,377,bad
351,2023-01-31,Credit,Salary,1841,bad
351,2023-02-07,Debit,UPI_Lending_App,140,bad
351,2023-02-16,Debit,Discretionary,473,bad
351,2023-03-02,Credit,Salary,2115,bad
351,2023-03-03,Debit,UPI_Lending_App,497,bad
351,2023-03-15,Debit,UPI_Lending_App,370,bad
351,2023-03-22,Debit,Discretionary,478,bad
351,2023-03-25,Debit,UPI_Lending_App,84,bad
351,2023-03-26,Debit,UPI_Lending_App,412,bad
351,2023-03-29,Debit,UPI_Lending_App,342,bad
351,2023-04-01,Credit,Salary,1943,bad
351,2023-04-19,Debit,UPI_Lending_App,141,bad
351,2023-04-19,Debit,Discretionary,521,bad
351,2023-05-01,Credit,Salary,1805,bad
351,2023-05-18,Debit,UPI_Lending_App,58,bad
351,2023-05-18,Debit,Discretionary,100,bad
351,2023-05-19,Debit,UPI_Lending_App,396,bad
351,2023-06-06,Credit,Salary,1823,bad
351,2023-06-06,Debit,UPI_Lending_App,323,bad
351,2023-06-17,Debit,Discretionary,147,bad
351,2023-06-28,Debit,UPI_Lending_App,454,bad
352,2023-01-01,Credit,Salary,1826,good
352,2023-01-08,Debit,Discretionary,488,good
352,2023-01-31,Credit,Salary,1851,good
352,2023-02-23,Debit,Discretionary,508,good
352,2023-03-02,Credit,Salary,2132,good
352,2023-03-15,Debit,Discretionary,470,good
352,2023-04-01,Credit,Salary,2184,good
352,2023-04-11,Debit,Discretionary,514,good
352,2023-05-01,Credit,Salary,2009,good
352,2023-05-14,Debit,Discretionary,518,good
352,2023-05-31,Credit,Salary,1956,good
352,2023-06-12,Debit,Discretionary,525,good
353,2023-01-01,Credit,Salary,2071,bad
353,2023-01-07,Debit,UPI_Lending_App,488,bad
353,2023-01-17,Debit,UPI_Lending_App,343,bad
353,2023-01-24,Debit,Discretionary,524,bad
353,2023-01-31,Credit,Salary,2192,bad
353,2023-02-04,Debit,UPI_Lending_App,325,bad
353,2023-02-10,Debit,Discretionary,454,bad
353,2023-02-28,Debit,UPI_Lending_App,156,bad
353,2023-03-02,Credit,Salary,2057,bad
353,2023-03-04,Debit,UPI_Lending_App,278,bad
353,2023-03-06,Debit,UPI_Lending_App,473,bad
353,2023-03-09,Debit,UPI_Lending_App,169,bad
353,2023-03-14,Debit,Discretionary,456,bad
353,2023-03-22,Debit,UPI_Lending_App,462,bad
353,2023-03-22,Debit,UPI_Lending_App,204,bad
353,2023-04-01,Credit,Salary,2068,bad
353,2023-04-08,Debit,UPI_Lending_App,104,bad
353,2023-04-09,Debit,UPI_Lending_App,215,bad
353,2023-04-09,Debit,UPI_Lending_App,356,bad
353,2023-04-12,Debit,UPI_Lending_App,208,bad
353,2023-04-13,Debit,Discretionary,460,bad
353,2023-04-22,Debit,UPI_Lending_App,65,bad
353,2023-05-01,Credit,Salary,1848,bad
353,2023-05-06,Debit,UPI_Lending_App,240,bad
353,2023-05-10,Debit,UPI_Lending_App,386,bad
353,2023-05-16,Debit,Discretionary,85,bad
353,2023-05-28,Debit,UPI_Lending_App,458,bad
353,2023-06-04,Debit,UPI_Lending_App,291,bad
353,2023-06-05,Credit,Salary,1824,bad
353,2023-06-08,Debit,UPI_Lending_App,343,bad
353,2023-06-18,Debit,UPI_Lending_App,85,bad
353,2023-06-22,Debit,UPI_Lending_App,495,bad
353,2023-06-23,Debit,Discretionary,56,bad
353,2023-06-24,Debit,UPI_Lending_App,485,bad
354,2023-01-01,Credit,Salary,2057,good
354,2023-01-21,Debit,Discretionary,503,good
354,2023-01-29,Debit,UPI_Lending_App,261,good
354,2023-01-31,Credit,Salary,2126,good
354,2023-02-16,Debit,Discretionary,461,good
354,2023-03-02,Credit,Salary,1993,good
354,2023-03-09,Debit,Discretionary,463,good
354,2023-04-01,Credit,Salary,1967,good
354,2023-04-14,Debit,Discretionary,542,good
354,2023-05-01,Credit,Salary,1813,good
354,2023-05-16,Debit,Discretionary,517,good
354,2023-05-31,Credit,Salary,2056,good
354,2023-06-11,Debit,Discretionary,476,good
355,2023-01-01,Credit,Salary,1916,bad
355,2023-01-09,Debit,UPI_Lending_App,461,bad
355,2023-01-23,Debit,Discretionary,502,bad
355,2023-01-29,Debit,UPI_Lending_App,425,bad
355,2023-01-31,Credit,Salary,2000,bad
355,2023-02-04,Debit,UPI_Lending_App,81,bad
355,2023-02-13,Debit,UPI_Lending_App,138,bad
355,2023-02-14,Debit,UPI_Lending_App,85,bad
355,2023-02-24,Debit,Discretionary,466,bad
355,2023-03-02,Credit,Salary,2037,bad
355,2023-03-06,Debit,UPI_Lending_App,156,bad
355,2023-03-11,Debit,Discretionary,533,bad
355,2023-03-23,Debit,UPI_Lending_App,99,bad
355,2023-03-29,Debit,UPI_Lending_App,345,bad
355,2023-03-30,Debit,UPI_Lending_App,287,bad
355,2023-04-01,Credit,Salary,2006,bad
355,2023-04-09,Debit,Discretionary,483,bad
355,2023-04-14,Debit,UPI_Lending_App,194,bad
355,2023-04-17,Debit,UPI_Lending_App,197,bad
355,2023-04-18,Debit,UPI_Lending_App,338,bad
355,2023-04-28,Debit,UPI_Lending_App,446,bad
355,2023-05-01,Credit,Salary,2157,bad
355,2023-05-07,Debit,Discretionary,121,bad
355,2023-05-13,Debit,UPI_Lending_App,58,bad
355,2023-05-22,Debit,UPI_Lending_App,173,bad
355,2023-05-31,Credit,Salary,2166,bad
355,2023-06-02,Debit,UPI_Lending_App,488,bad
355,2023-06-08,Debit,Discretionary,53,bad
356,2023-01-01,Credit,Salary,2096,good
356,2023-01-13,Debit,Discretionary,535,good
356,2023-01-31,Credit,Salary,2143,good
356,2023-02-24,Debit,Discretionary,491,good
356,2023-03-02,Credit,Salary,1838,good
356,2023-03-17,Debit,Discretionary,489,good
356,2023-04-01,Credit,Salary,2054,good
356,2023-04-21,Debit,Discretionary,485,good
356,2023-05-01,Credit,Salary,2116,good
356,2023-05-22,Debit,Discretionary,534,good
356,2023-05-31,Credit,Salary,1843,good
356,2023-06-19,Debit,Discretionary,469,good
357,2023-01-01,Credit,Salary,2003,bad
357,2023-01-07,Debit,Discretionary,476,bad
357,2023-01-28,Debit,UPI_Lending_App,199,bad
357,2023-01-31,Credit,Salary,1866,bad
357,2023-02-02,Debit,UPI_Lending_App,476,bad
357,2023-02-06,Debit,Discretionary,529,bad
357,2023-02-07,Debit,UPI_Lending_App,300,bad
357,2023-02-15,Debit,UPI_Lending_App,435,bad
357,2023-02-28,Debit,UPI_Lending_App,149,bad
357,2023-03-02,Credit,Salary,2048,bad
357,2023-03-22,Debit,UPI_Lending_App,203,bad
357,2023-03-26,Debit,Discretionary,530,bad
357,2023-04-01,Credit,Salary,2037,bad
357,2023-04-06,Debit,UPI_Lending_App,401,bad
357,2023-04-12,Debit,UPI_Lending_App,73,bad
357,2023-04-14,Debit,UPI_Lending_App,155,bad
357,2023-04-22,Debit,UPI_Lending_App,413,bad
357,2023-04-23,Debit,Discretionary,546,bad
357,2023-04-27,Debit,UPI_Lending_App,283,bad
357,2023-05-04,Credit,Salary,2045,bad
357,2023-05-10,Debit,UPI_Lending_App,223,bad
357,2023-05-17,Debit,Discretionary,110,bad
357,2023-05-31,Credit,Salary,2178,bad
357,2023-06-06,Debit,UPI_Lending_App,204,bad
357,2023-06-11,Debit,UPI_Lending_App,222,bad
357,2023-06-16,Debit,Discretionary,64,bad
357,2023-06-18,Debit,UPI_Lending_App,168,bad
357,2023-06-19,Debit,UPI_Lending_App,307,bad
357,2023-06-20,Debit,UPI_Lending_App,480,bad
358,2023-01-01,Credit,Salary,2176,good
358,2023-01-12,Debit,Discretionary,521,good
358,2023-01-31,Credit,Salary,1943,good
358,2023-02-06,Debit,Discretionary,520,good
358,2023-03-02,Credit,Salary,2129,good
358,2023-03-16,Debit,Discretionary,529,good
358,2023-04-01,Credit,Salary,1834,good
358,2023-04-10,Debit,Discretionary,478,good
358,2023-05-01,Credit,Salary,2136,good
358,2023-05-23,Debit,Discretionary,517,good
358,2023-05-31,Credit,Salary,2092,good
358,2023-06-20,Debit,Discretionary,479,good
359,2023-01-01,Credit,Salary,1855,bad
359,2023-01-06,Debit,UPI_Lending_App,242,bad
359,2023-01-15,Debit,UPI_Lending_App,426,bad
359,2023-01-19,Debit,Discretionary,513,bad
359,2023-01-20,Debit,UPI_Lending_App,297,bad
359,2023-01-22,Debit,UPI_Lending_App,74,bad
359,2023-01-24,Debit,UPI_Lending_App,321,bad
359,2023-01-31,Credit,Salary,1978,bad
359,2023-02-13,Debit,Discretionary,524,bad
359,2023-02-18,Debit,UPI_Lending_App,57,bad
359,2023-02-18,Debit,UPI_Lending_App,132,bad
359,2023-02-18,Debit,UPI_Lending_App,400,bad
359,2023-02-23,Debit,UPI_Lending_App,113,bad
359,2023-02-26,Debit,UPI_Lending_App,241,bad
359,2023-03-02,Credit,Salary,2072,bad
359,2023-03-07,Debit,Discretionary,504,bad
359,2023-03-12,Debit,UPI_Lending_App,498,bad
359,2023-03-14,Debit,UPI_Lending_App,360,bad
359,2023-03-30,Debit,UPI_Lending_App,74,bad
359,2023-04-01,Credit,Salary,2111,bad
359,2023-04-12,Debit,Discretionary,496,bad
359,2023-04-21,Debit,UPI_Lending_App,429,bad
359,2023-04-25,Debit,UPI_Lending_App,424,bad
359,2023-04-26,Debit,UPI_Lending_App,233,bad
359,2023-05-01,Credit,Salary,2061,bad
359,2023-05-08,Debit,Discretionary,57,bad
359,2023-05-11,Debit,UPI_Lending_App,405,bad
359,2023-05-14,Debit,UPI_Lending_App,367,bad
359,2023-05-17,Debit,UPI_Lending_App,462,bad
359,2023-05-26,Debit,UPI_Lending_App,437,bad
359,2023-05-28,Debit,UPI_Lending_App,312,bad
359,2023-05-31,Credit,Salary,2138,bad
359,2023-06-07,Debit,UPI_Lending_App,395,bad
359,2023-06-07,Debit,UPI_Lending_App,79,bad
359,2023-06-19,Debit,UPI_Lending_App,422,bad
359,2023-06-19,Debit,UPI_Lending_App,462,bad
359,2023-06-25,Debit,Discretionary,98,bad
359,2023-06-27,Debit,UPI_Lending_App,129,bad
360,2023-01-01,Credit,Salary,2048,good
360,2023-01-24,Debit,Discretionary,507,good
360,2023-01-31,Credit,Salary,1995,good
360,2023-02-07,Debit,Discretionary,464,good
360,2023-03-02,Credit,Salary,2114,good
360,2023-03-19,Debit,Discretionary,541,good
360,2023-04-01,Credit,Salary,2086,good
360,2023-04-24,Debit,Discretionary,513,good
360,2023-05-01,Credit,Salary,2168,good
360,2023-05-26,Debit,Discretionary,489,good
360,2023-05-31,Credit,Salary,1981,good
360,2023-06-06,Debit,Discretionary,550,good
361,2023-01-01,Credit,Salary,2199,good
361,2023-01-25,Debit,Discretionary,511,good
361,2023-01-31,Credit,Salary,1867,good
361,2023-02-22,Debit,Discretionary,500,good
361,2023-03-02,Credit,Salary,1877,good
361,2023-03-26,Debit,Discretionary,520,good
361,2023-04-01,Credit,Salary,1822,good
361,2023-04-26,Debit,Discretionary,508,good
361,2023-05-01,Credit,Salary,2110,good
361,2023-05-23,Debit,Discretionary,504,good
361,2023-05-31,Credit,Salary,1886,good
361,2023-06-08,Debit,Discretionary,532,good
362,2023-01-01,Credit,Salary,1985,good
362,2023-01-09,Debit,Discretionary,462,good
362,2023-01-31,Credit,Salary,2101,good
362,2023-02-08,Debit,Discretionary,533,good
362,2023-03-02,Credit,Salary,1898,good
362,2023-03-21,Debit,Discretionary,536,good
362,2023-04-01,Credit,Salary,2140,good
362,2023-04-18,Debit,Discretionary,523,good
362,2023-05-01,Credit,Salary,2148,good
362,2023-05-18,Debit,Discretionary,454,good
362,2023-05-31,Credit,Salary,2196,good
362,2023-06-24,Debit,Discretionary,473,good
363,2023-01-01,Credit,Salary,2036,good
363,2023-01-07,Debit,Discretionary,452,good
363,2023-01-31,Credit,Salary,1958,good
363,2023-02-14,Debit,Discretionary,475,good
363,2023-03-02,Credit,Salary,1978,good
363,2023-03-15,Debit,Discretionary,514,good
363,2023-04-01,Credit,Salary,2051,good
363,2023-04-23,Debit,Discretionary,550,good
363,2023-05-01,Credit,Salary,1871,good
363,2023-05-16,Debit,Discretionary,463,good
363,2023-05-31,Credit,Salary,1911,good
363,2023-06-07,Debit,Discretionary,472,good
363,2023-06-20,Debit,UPI_Lending_App,63,good
364,2023-01-01,Credit,Salary,1994,bad
364,2023-01-02,Debit,UPI_Lending_App,97,bad
364,2023-01-06,Debit,Discretionary,541,bad
364,2023-01-08,Debit,UPI_Lending_App,383,bad
364,2023-01-22,Debit,UPI_Lending_App,349,bad
364,2023-01-31,Credit,Salary,2002,bad
364,2023-02-08,Debit,UPI_Lending_App,280,bad
364,2023-02-15,Debit,UPI_Lending_App,305,bad
364,2023-02-21,Debit,UPI_Lending_App,192,bad
364,2023-02-24,Debit,Discretionary,537,bad
364,2023-02-27,Debit,UPI_Lending_App,63,bad
364,2023-03-02,Credit,Salary,2080,bad
364,2023-03-12,Debit,UPI_Lending_App,273,bad
364,2023-03-15,Debit,Discretionary,511,bad
364,2023-03-26,Debit,UPI_Lending_App,304,bad
364,2023-04-01,Credit,Salary,1936,bad
364,2023-04-14,Debit,Discretionary,528,bad
364,2023-04-18,Debit,UPI_Lending_App,499,bad
364,2023-05-07,Debit,UPI_Lending_App,406,bad
364,2023-05-08,Credit,Salary,2016,bad
364,2023-05-08,Debit,UPI_Lending_App,237,bad
364,2023-05-14,Debit,Discretionary,147,bad
364,2023-05-16,Debit,UPI_Lending_App,137,bad
364,2023-05-20,Debit,UPI_Lending_App,265,bad
364,2023-05-22,Debit,UPI_Lending_App,214,bad
364,2023-06-07,Credit,Salary,1897,bad
364,2023-06-08,Debit,Discretionary,81,bad
364,2023-06-16,Debit,UPI_Lending_App,164,bad
365,2023-01-01,Credit,Salary,2162,good
365,2023-01-13,Debit,Discretionary,505,good
365,2023-01-31,Credit,Salary,2105,good
365,2023-02-09,Debit,Discretionary,489,good
365,2023-03-02,Credit,Salary,2021,good
365,2023-03-08,Debit,Discretionary,470,good
365,2023-04-01,Credit,Salary,1804,good
365,2023-04-06,Debit,UPI_Lending_App,217,good
365,2023-04-14,Debit,Discretionary,460,good
365,2023-05-01,Credit,Salary,2000,good
365,2023-05-20,Debit,Discretionary,522,good
365,2023-05-31,Credit,Salary,2077,good
365,2023-06-21,Debit,Discretionary,477,good
366,2023-01-01,Credit,Salary,2092,good
366,2023-01-19,Debit,Discretionary,543,good
366,2023-01-29,Debit,UPI_Lending_App,423,good
366,2023-01-31,Credit,Salary,1883,good
366,2023-02-23,Debit,Discretionary,514,good
366,2023-03-02,Credit,Salary,2183,good
366,2023-03-09,Debit,Discretionary,538,good
366,2023-04-01,Credit,Salary,2002,good
366,2023-04-23,Debit,Discretionary,485,good
366,2023-05-01,Credit,Salary,1826,good
366,2023-05-20,Debit,UPI_Lending_App,173,good
366,2023-05-22,Debit,Discretionary,482,good
366,2023-05-31,Credit,Salary,2092,good
366,2023-06-21,Debit,Discretionary,465,good
367,2023-01-01,Credit,Salary,1946,good
367,2023-01-06,Debit,UPI_Lending_App,424,good
367,2023-01-16,Debit,Discretionary,503,good
367,2023-01-31,Credit,Salary,1962,good
367,2023-02-25,Debit,Discretionary,532,good
367,2023-03-02,Credit,Salary,2143,good
367,2023-03-16,Debit,Discretionary,508,good
367,2023-04-01,Credit,Salary,2115,good
367,2023-04-17,Debit,Discretionary,455,good
367,2023-05-01,Credit,Salary,1848,good
367,2023-05-15,Debit,Discretionary,494,good
367,2023-05-31,Credit,Salary,1990,good
367,2023-06-13,Debit,Discretionary,502,good
368,2023-01-01,Credit,Salary,1841,bad
368,2023-01-04,Debit,UPI_Lending_App,56,bad
368,2023-01-14,Debit,UPI_Lending_App,265,bad
368,2023-01-15,Debit,Discretionary,476,bad
368,2023-01-16,Debit,UPI_Lending_App,166,bad
368,2023-01-29,Debit,UPI_Lending_App,362,bad
368,2023-01-29,Debit,UPI_Lending_App,171,bad
368,2023-01-31,Credit,Salary,1923,bad
368,2023-02-05,Debit,UPI_Lending_App,221,bad
368,2023-02-10,Debit,Discretionary,483,bad
368,2023-03-02,Credit,Salary,2019,bad
368,2023-03-05,Debit,UPI_Lending_App,74,bad
368,2023-03-11,Debit,UPI_Lending_App,67,bad
368,2023-03-14,Debit,UPI_Lending_App,208,bad
368,2023-03-17,Debit,Discretionary,494,bad
368,2023-04-01,Credit,Salary,1933,bad
368,2023-04-02,Debit,UPI_Lending_App,79,bad
368,2023-04-09,Debit,UPI_Lending_App,233,bad
368,2023-04-11,Debit,Discretionary,488,bad
368,2023-04-19,Debit,UPI_Lending_App,81,bad
368,2023-04-20,Debit,UPI_Lending_App,426,bad
368,2023-04-25,Debit,UPI_Lending_App,290,bad
368,2023-05-02,Debit,UPI_Lending_App,442,bad
368,2023-05-05,Credit,Salary,2195,bad
368,2023-05-17,Debit,Discretionary,92,bad
368,2023-06-04,Credit,Salary,1831,bad
368,2023-06-16,Debit,Discretionary,86,bad
368,2023-06-22,Debit,UPI_Lending_App,68,bad
368,2023-06-23,Debit,UPI_Lending_App,345,bad
369,2023-01-01,Credit,Salary,2189,good
369,2023-01-08,Debit,Discretionary,464,good
369,2023-01-31,Credit,Salary,2150,good
369,2023-02-09,Debit,Discretionary,511,good
369,2023-03-02,Credit,Salary,2114,good
369,2023-03-24,Debit,Discretionary,510,good
369,2023-04-01,Credit,Salary,1869,good
369,2023-04-23,Debit,Discretionary,547,good
369,2023-05-01,Credit,Salary,1813,good
369,2023-05-23,Debit,Discretionary,456,good
369,2023-05-29,Debit,UPI_Lending_App,53,good
369,2023-05-31,Credit,Salary,2192,good
369,2023-06-18,Debit,Discretionary,527,good
370,2023-01-01,Credit,Salary,2120,good
370,2023-01-07,Debit,Discretionary,495,good
370,2023-01-31,Credit,Salary,2091,good
370,2023-02-11,Debit,Discretionary,508,good
370,2023-03-02,Credit,Salary,1997,good
370,2023-03-18,Debit,Discretionary,517,good
370,2023-04-01,Credit,Salary,1833,good
370,2023-04-12,Debit,Discretionary,477,good
370,2023-05-01,Credit,Salary,2005,good
370,2023-05-12,Debit,Discretionary,498,good
370,2023-05-31,Credit,Salary,2025,good
370,2023-06-01,Debit,UPI_Lending_App,242,good
370,2023-06-12,Debit,Discretionary,493,good
371,2023-01-01,Credit,Salary,2106,good
371,2023-01-22,Debit,Discretionary,524,good
371,2023-01-31,Credit,Salary,1929,good
371,2023-02-11,Debit,Discretionary,517,good
371,2023-03-02,Credit,Salary,1851,good
371,2023-03-12,Debit,Discretionary,498,good
371,2023-04-01,Credit,Salary,2184,good
371,2023-04-22,Debit,Discretionary,480,good
371,2023-05-01,Credit,Salary,1842,good
371,2023-05-10,Debit,Discretionary,538,good
371,2023-05-31,Credit,Salary,2119,good
371,2023-06-15,Debit,Discretionary,469,good
372,2023-01-01,Credit,Salary,1960,good
372,2023-01-26,Debit,Discretionary,465,good
372,2023-01-31,Credit,Salary,1896,good
372,2023-02-07,Debit,UPI_Lending_App,382,good
372,2023-02-09,Debit,Discretionary,483,good
372,2023-03-02,Credit,Salary,2063,good
372,2023-03-23,Debit,Discretionary,450,good
372,2023-04-01,Credit,Salary,2096,good
372,2023-04-23,Debit,Discretionary,455,good
372,2023-05-01,Credit,Salary,1907,good
372,2023-05-14,Debit,Discretionary,543,good
372,2023-05-31,Credit,Salary,2096,good
372,2023-06-14,Debit,Discretionary,458,good
373,2023-01-01,Credit,Salary,1959,good
373,2023-01-23,Debit,Discretionary,454,good
373,2023-01-31,Credit,Salary,1963,good
373,2023-02-09,Debit,Discretionary,521,good
373,2023-03-02,Credit,Salary,1877,good
373,2023-03-17,Debit,Discretionary,501,good
373,2023-04-01,Credit,Salary,2029,good
373,2023-04-19,Debit,Discretionary,469,good
373,2023-04-22,Debit,UPI_Lending_App,235,good
373,2023-05-01,Credit,Salary,1982,good
373,2023-05-26,Debit,Discretionary,524,good
373,2023-05-31,Credit,Salary,2016,good
373,2023-06-25,Debit,Discretionary,474,good
374,2023-01-01,Credit,Salary,1922,bad
374,2023-01-06,Debit,UPI_Lending_App,323,bad
374,2023-01-25,Debit,Discretionary,478,bad
374,2023-01-31,Credit,Salary,2018,bad
374,2023-02-02,Debit,UPI_Lending_App,467,bad
374,2023-02-12,Debit,Discretionary,454,bad
374,2023-02-16,Debit,UPI_Lending_App,386,bad
374,2023-02-25,Debit,UPI_Lending_App,198,bad
374,2023-03-02,Credit,Salary,2085,bad
374,2023-03-04,Debit,UPI_Lending_App,233,bad
374,2023-03-04,Debit,UPI_Lending_App,186,bad
374,2023-03-08,Debit,UPI_Lending_App,492,bad
374,2023-03-22,Debit,UPI_Lending_App,442,bad
374,2023-03-23,Debit,Discretionary,450,bad
374,2023-03-26,Debit,UPI_Lending_App,243,bad
374,2023-04-01,Credit,Salary,2106,bad
374,2023-04-03,Debit,UPI_Lending_App,472,bad
374,2023-04-07,Debit,UPI_Lending_App,195,bad
374,2023-04-17,Debit,UPI_Lending_App,487,bad
374,2023-04-24,Debit,UPI_Lending_App,497,bad
374,2023-04-25,Debit,Discretionary,518,bad
374,2023-04-27,Debit,UPI_Lending_App,473,bad
374,2023-05-04,Credit,Salary,2085,bad
374,2023-05-17,Debit,Discretionary,84,bad
374,2023-05-23,Debit,UPI_Lending_App,488,bad
374,2023-06-04,Credit,Salary,1979,bad
374,2023-06-11,Debit,UPI_Lending_App,67,bad
374,2023-06-12,Debit,Discretionary,80,bad
375,2023-01-01,Credit,Salary,2013,bad
375,2023-01-02,Debit,UPI_Lending_App,223,bad
375,2023-01-19,Debit,Discretionary,495,bad
375,2023-01-31,Credit,Salary,1939,bad
375,2023-02-07,Debit,UPI_Lending_App,310,bad
375,2023-02-10,Debit,UPI_Lending_App,486,bad
375,2023-02-15,Debit,Discretionary,514,bad
375,2023-02-18,Debit,UPI_Lending_App,331,bad
375,2023-02-20,Debit,UPI_Lending_App,336,bad
375,2023-03-02,Credit,Salary,2152,bad
375,2023-03-20,Debit,Discretionary,456,bad
375,2023-03-26,Debit,UPI_Lending_App,164,bad
375,2023-04-01,Credit,Salary,2155,bad
375,2023-04-03,Debit,UPI_Lending_App,277,bad
375,2023-04-10,Debit,Discretionary,510,bad
375,2023-04-20,Debit,UPI_Lending_App,241,bad
375,2023-04-23,Debit,UPI_Lending_App,490,bad
375,2023-04-26,Debit,UPI_Lending_App,342,bad
375,2023-05-05,Credit,Salary,1971,bad
375,2023-05-05,Debit,UPI_Lending_App,321,bad
375,2023-05-06,Debit,Discretionary,70,bad
375,2023-05-19,Debit,UPI_Lending_App,379,bad
375,2023-05-29,Debit,UPI_Lending_App,319,bad
375,2023-05-31,Credit,Salary,2157,bad
375,2023-06-09,Debit,UPI_Lending_App,155,bad
375,2023-06-18,Debit,Discretionary,114,bad
375,2023-06-21,Debit,UPI_Lending_App,243,bad
376,2023-01-01,Credit,Salary,1926,good
376,2023-01-20,Debit,Discretionary,457,good
376,2023-01-31,Credit,Salary,1837,good
376,2023-02-08,Debit,Discretionary,521,good
376,2023-03-02,Credit,Salary,1971,good
376,2023-03-07,Debit,Discretionary,492,good
376,2023-04-01,Credit,Salary,2141,good
376,2023-04-26,Debit,Discretionary,517,good
376,2023-05-01,Credit,Salary,1815,good
376,2023-05-21,Debit,Discretionary,516,good
376,2023-05-31,Credit,Salary,2176,good
376,2023-06-21,Debit,Discretionary,535,good
377,2023-01-01,Credit,Salary,2151,good
377,2023-01-19,Debit,Discretionary,501,good
377,2023-01-31,Credit,Salary,2079,good
377,2023-02-07,Debit,Discretionary,482,good
377,2023-03-02,Credit,Salary,1950,good
377,2023-03-14,Debit,Discretionary,519,good
377,2023-04-01,Credit,Salary,2108,good
377,2023-04-16,Debit,Discretionary,472,good
377,2023-05-01,Credit,Salary,2156,good
377,2023-05-18,Debit,Discretionary,513,good
377,2023-05-31,Credit,Salary,2195,good
377,2023-06-22,Debit,Discretionary,459,good
378,2023-01-01,Credit,Salary,2072,bad
378,2023-01-06,Debit,UPI_Lending_App,335,bad
378,2023-01-10,Debit,UPI_Lending_App,403,bad
378,2023-01-11,Debit,UPI_Lending_App,464,bad
378,2023-01-11,Debit,Discretionary,510,bad
378,2023-01-16,Debit,UPI_Lending_App,313,bad
378,2023-01-23,Debit,UPI_Lending_App,175,bad
378,2023-01-31,Credit,Salary,1851,bad
378,2023-02-12,Debit,UPI_Lending_App,397,bad
378,2023-02-16,Debit,Discretionary,534,bad
378,2023-02-25,Debit,UPI_Lending_App,154,bad
378,2023-03-02,Credit,Salary,1898,bad
378,2023-03-12,Debit,UPI_Lending_App,282,bad
378,2023-03-17,Debit,UPI_Lending_App,60,bad
378,2023-03-19,Debit,UPI_Lending_App,205,bad
378,2023-03-19,Debit,Discretionary,520,bad
378,2023-03-22,Debit,UPI_Lending_App,401,bad
378,2023-04-01,Credit,Salary,1927,bad
378,2023-04-08,Debit,UPI_Lending_App,120,bad
378,2023-04-18,Debit,UPI_Lending_App,369,bad
378,2023-04-24,Debit,Discretionary,533,bad
378,2023-05-01,Credit,Salary,1896,bad
378,2023-05-04,Debit,UPI_Lending_App,440,bad
378,2023-05-09,Debit,Discretionary,58,bad
378,2023-05-11,Debit,UPI_Lending_App,351,bad
378,2023-05-17,Debit,UPI_Lending_App,408,bad
378,2023-05-20,Debit,UPI_Lending_App,405,bad
378,2023-05-24,Debit,UPI_Lending_App,435,bad
378,2023-05-31,Credit,Salary,1966,bad
378,2023-06-05,Debit,UPI_Lending_App,415,bad
378,2023-06-08,Debit,UPI_Lending_App,499,bad
378,2023-06-09,Debit,Discretionary,71,bad
379,2023-01-01,Credit,Salary,2023,good
379,2023-01-22,Debit,Discretionary,461,good
379,2023-01-31,Credit,Salary,1907,good
379,2023-02-17,Debit,Discretionary,485,good
379,2023-03-02,Credit,Salary,1982,good
379,2023-03-10,Debit,Discretionary,483,good
379,2023-04-01,Credit,Salary,2010,good
379,2023-04-24,Debit,Discretionary,540,good
379,2023-05-01,Credit,Salary,2085,good
379,2023-05-06,Debit,UPI_Lending_App,421,good
379,2023-05-24,Debit,Discretionary,501,good
379,2023-05-31,Credit,Salary,2124,good
379,2023-06-09,Debit,Discretionary,468,good
380,2023-01-01,Credit,Salary,2194,good
380,2023-01-18,Debit,Discretionary,459,good
380,2023-01-31,Credit,Salary,1893,good
380,2023-02-21,Debit,Discretionary,509,good
380,2023-03-02,Credit,Salary,2079,good
380,2023-03-13,Debit,UPI_Lending_App,248,good
380,2023-03-20,Debit,Discretionary,545,good
380,2023-04-01,Credit,Salary,1960,good
380,2023-04-14,Debit,Discretionary,495,good
380,2023-05-01,Credit,Salary,1931,good
380,2023-05-25,Debit,Discretionary,476,good
380,2023-05-31,Credit,Salary,1876,good
380,2023-06-08,Debit,Discretionary,473,good
381,2023-01-01,Credit,Salary,1928,bad
381,2023-01-08,Debit,UPI_Lending_App,302,bad
381,2023-01-10,Debit,Discretionary,466,bad
381,2023-01-28,Debit,UPI_Lending_App,363,bad
381,2023-01-29,Debit,UPI_Lending_App,85,bad
381,2023-01-31,Credit,Salary,1945,bad
381,2023-02-04,Debit,UPI_Lending_App,342,bad
381,2023-02-16,Debit,UPI_Lending_App,395,bad
381,2023-02-20,Debit,Discretionary,545,bad
381,2023-02-22,Debit,UPI_Lending_App,395,bad
381,2023-03-02,Credit,Salary,1948,bad
381,2023-03-04,Debit,UPI_Lending_App,116,bad
381,2023-03-16,Debit,UPI_Lending_App,275,bad
381,2023-03-19,Debit,UPI_Lending_App,481,bad
381,2023-03-23,Debit,UPI_Lending_App,112,bad
381,2023-03-23,Debit,Discretionary,509,bad
381,2023-03-24,Debit,UPI_Lending_App,92,bad
381,2023-04-01,Credit,Salary,1829,bad
381,2023-04-02,Debit,UPI_Lending_App,158,bad
381,2023-04-10,Debit,UPI_Lending_App,407,bad
381,2023-04-19,Debit,Discretionary,477,bad
381,2023-04-26,Debit,UPI_Lending_App,201,bad
381,2023-04-29,Debit,UPI_Lending_App,479,bad
381,2023-05-01,Credit,Salary,2021,bad
381,2023-05-03,Debit,UPI_Lending_App,114,bad
381,2023-05-16,Debit,Discretionary,69,bad
381,2023-05-29,Debit,UPI_Lending_App,253,bad
381,2023-06-02,Debit,UPI_Lending_App,302,bad
381,2023-06-07,Credit,Salary,1834,bad
381,2023-06-08,Debit,UPI_Lending_App,167,bad
381,2023-06-12,Debit,Discretionary,71,bad
381,2023-06-13,Debit,UPI_Lending_App,356,bad
381,2023-06-16,Debit,UPI_Lending_App,458,bad
381,2023-06-23,Debit,UPI_Lending_App,465,bad
382,2023-01-01,Credit,Salary,2117,good
382,2023-01-09,Debit,Discretionary,483,good
382,2023-01-31,Credit,Salary,1900,good
382,2023-02-19,Debit,Discretionary,482,good
382,2023-03-02,Credit,Salary,2049,good
382,2023-03-16,Debit,Discretionary,472,good
382,2023-04-01,Credit,Salary,1868,good
382,2023-04-07,Debit,Discretionary,452,good
382,2023-05-01,Credit,Salary,1928,good
382,2023-05-23,Debit,Discretionary,540,good
382,2023-05-31,Credit,Salary,2121,good
382,2023-06-22,Debit,Discretionary,481,good
383,2023-01-01,Credit,Salary,2024,good
383,2023-01-20,Debit,Discretionary,531,good
383,2023-01-31,Credit,Salary,1842,good
383,2023-02-14,Debit,Discretionary,534,good
383,2023-03-02,Credit,Salary,1871,good
383,2023-03-12,Debit,Discretionary,489,good
383,2023-04-01,Credit,Salary,1928,good
383,2023-04-13,Debit,Discretionary,503,good
383,2023-05-01,Credit,Salary,1825,good
383,2023-05-23,Debit,Discretionary,473,good
383,2023-05-31,Credit,Salary,2176,good
383,2023-06-23,Debit,Discretionary,485,good
384,2023-01-01,Credit,Salary,1855,good
384,2023-01-10,Debit,Discretionary,518,good
384,2023-01-31,Credit,Salary,2112,good
384,2023-02-24,Debit,Discretionary,512,good
384,2023-03-02,Credit,Salary,2095,good
384,2023-03-18,Debit,Discretionary,474,good
384,2023-03-26,Debit,UPI_Lending_App,452,good
384,2023-04-01,Credit,Salary,2131,good
384,2023-04-13,Debit,Discretionary,454,good
384,2023-05-01,Credit,Salary,1966,good
384,2023-05-11,Debit,Discretionary,546,good
384,2023-05-31,Credit,Salary,1822,good
384,2023-06-18,Debit,Discretionary,518,good
385,2023-01-01,Credit,Salary,1879,good
385,2023-01-11,Debit,Discretionary,467,good
385,2023-01-31,Credit,Salary,1849,good
385,2023-02-22,Debit,Discretionary,452,good
385,2023-03-02,Credit,Salary,2068,good
385,2023-03-21,Debit,Discretionary,461,good
385,2023-04-01,Credit,Salary,2054,good
385,2023-04-21,Debit,Discretionary,503,good
385,2023-05-01,Credit,Salary,1961,good
385,2023-05-06,Debit,Discretionary,547,good
385,2023-05-14,Debit,UPI_Lending_App,70,good
385,2023-05-31,Credit,Salary,1845,good
385,2023-06-06,Debit,Discretionary,460,good
385,2023-06-07,Debit,UPI_Lending_App,279,good
386,2023-01-01,Credit,Salary,1827,good
386,2023-01-12,Debit,Discretionary,476,good
386,2023-01-31,Credit,Salary,2070,good
386,2023-02-18,Debit,Discretionary,466,good
386,2023-03-02,Credit,Salary,1822,good
386,2023-03-17,Debit,Discretionary,539,good
386,2023-04-01,Credit,Salary,2148,good
386,2023-04-14,Debit,Discretionary,542,good
386,2023-05-01,Credit,Salary,2094,good
386,2023-05-12,Debit,Discretionary,531,good
386,2023-05-13,Debit,UPI_Lending_App,480,good
386,2023-05-31,Credit,Salary,1927,good
386,2023-06-05,Debit,Discretionary,493,good
387,2023-01-01,Credit,Salary,1896,good
387,2023-01-25,Debit,Discretionary,545,good
387,2023-01-31,Credit,Salary,1943,good
387,2023-02-18,Debit,Discretionary,474,good
387,2023-03-02,Credit,Salary,1992,good
387,2023-03-09,Debit,Discretionary,508,good
387,2023-04-01,Credit,Salary,1898,good
387,2023-04-17,Debit,Discretionary,456,good
387,2023-05-01,Credit,Salary,2078,good
387,2023-05-22,Debit,Discretionary,528,good
387,2023-05-31,Credit,Salary,1949,good
387,2023-06-24,Debit,Discretionary,472,good
388,2023-01-01,Credit,Salary,1954,good
388,2023-01-18,Debit,Discretionary,496,good
388,2023-01-31,Credit,Salary,1817,good
388,2023-02-19,Debit,Discretionary,543,good
388,2023-03-02,Credit,Salary,2062,good
388,2023-03-24,Debit,Discretionary,479,good
388,2023-04-01,Credit,Salary,2179,good
388,2023-04-18,Debit,Discretionary,471,good
388,2023-05-01,Credit,Salary,2151,good
388,2023-05-10,Debit,Discretionary,543,good
388,2023-05-31,Credit,Salary,1964,good
388,2023-06-24,Debit,Discretionary,512,good
389,2023-01-01,Credit,Salary,1838,good
389,2023-01-15,Debit,Discretionary,476,good
389,2023-01-31,Credit,Salary,2069,good
389,2023-02-03,Debit,UPI_Lending_App,244,good
389,2023-02-12,Debit,Discretionary,482,good
389,2023-03-02,Credit,Salary,2142,good
389,2023-03-17,Debit,Discretionary,533,good
389,2023-04-01,Credit,Salary,2131,good
389,2023-04-20,Debit,Discretionary,474,good
389,2023-05-01,Credit,Salary,1828,good
389,2023-05-19,Debit,Discretionary,518,good
389,2023-05-31,Credit,Salary,1816,good
389,2023-06-13,Debit,Discretionary,543,good
390,2023-01-01,Credit,Salary,2096,good
390,2023-01-23,Debit,Discretionary,523,good
390,2023-01-31,Credit,Salary,2129,good
390,2023-02-24,Debit,Discretionary,501,good
390,2023-03-02,Credit,Salary,1903,good
390,2023-03-21,Debit,Discretionary,500,good
390,2023-04-01,Credit,Salary,2058,good
390,2023-04-21,Debit,Discretionary,499,good
390,2023-05-01,Credit,Salary,1833,good
390,2023-05-25,Debit,Discretionary,536,good
390,2023-05-31,Credit,Salary,2182,good
390,2023-06-17,Debit,Discretionary,531,good
391,2023-01-01,Credit,Salary,1894,good
391,2023-01-14,Debit,Discretionary,520,good
391,2023-01-31,Credit,Salary,2112,good
391,2023-02-08,Debit,Discretionary,504,good
391,2023-02-20,Debit,UPI_Lending_App,330,good
391,2023-03-02,Credit,Salary,2195,good
391,2023-03-08,Debit,Discretionary,481,good
391,2023-04-01,Credit,Salary,1889,good
391,2023-04-26,Debit,Discretionary,460,good
391,2023-04-27,Debit,UPI_Lending_App,97,good
391,2023-05-01,Credit,Salary,1809,good
391,2023-05-17,Debit,Discretionary,531,good
391,2023-05-31,Credit,Salary,2197,good
391,2023-06-11,Debit,Discretionary,462,good
392,2023-01-01,Credit,Salary,1955,good
392,2023-01-20,Debit,Discretionary,514,good
392,2023-01-31,Credit,Salary,2167,good
392,2023-02-07,Debit,Discretionary,455,good
392,2023-03-02,Credit,Salary,2029,good
392,2023-03-12,Debit,Discretionary,528,good
392,2023-04-01,Credit,Salary,1914,good
392,2023-04-11,Debit,Discretionary,473,good
392,2023-05-01,Credit,Salary,2077,good
392,2023-05-13,Debit,Discretionary,474,good
392,2023-05-31,Credit,Salary,2062,good
392,2023-06-16,Debit,Discretionary,454,good
393,2023-01-01,Credit,Salary,2053,good
393,2023-01-08,Debit,Discretionary,497,good
393,2023-01-31,Credit,Salary,2165,good
393,2023-02-06,Debit,Discretionary,460,good
393,2023-03-02,Credit,Salary,2003,good
393,2023-03-10,Debit,Discretionary,535,good
393,2023-04-01,Credit,Salary,1971,good
393,2023-04-22,Debit,Discretionary,524,good
393,2023-05-01,Credit,Salary,1812,good
393,2023-05-24,Debit,Discretionary,515,good
393,2023-05-31,Credit,Salary,1909,good
393,2023-06-21,Debit,Discretionary,525,good
394,2023-01-01,Credit,Salary,1978,good
394,2023-01-22,Debit,Discretionary,484,good
394,2023-01-31,Credit,Salary,2156,good
394,2023-02-12,Debit,Discretionary,504,good
394,2023-03-02,Credit,Salary,2137,good
394,2023-03-23,Debit,Discretionary,457,good
394,2023-04-01,Credit,Salary,1997,good
394,2023-04-21,Debit,Discretionary,472,good
394,2023-05-01,Credit,Salary,2184,good
394,2023-05-20,Debit,Discretionary,455,good
394,2023-05-31,Credit,Salary,1940,good
394,2023-06-25,Debit,Discretionary,541,good
395,2023-01-01,Credit,Salary,2021,good
395,2023-01-18,Debit,Discretionary,460,good
395,2023-01-31,Credit,Salary,2191,good
395,2023-02-09,Debit,Discretionary,498,good
395,2023-03-02,Credit,Salary,1932,good
395,2023-03-26,Debit,Discretionary,533,good
395,2023-04-01,Credit,Salary,2047,good
395,2023-04-16,Debit,Discretionary,481,good
395,2023-05-01,Credit,Salary,2164,good
395,2023-05-23,Debit,Discretionary,463,good
395,2023-05-31,Credit,Salary,1908,good
395,2023-06-14,Debit,Discretionary,501,good
396,2023-01-01,Credit,Salary,2043,good
396,2023-01-19,Debit,Discretionary,469,good
396,2023-01-31,Credit,Salary,1822,good
396,2023-02-17,Debit,Discretionary,506,good
396,2023-03-02,Credit,Salary,1814,good
396,2023-03-26,Debit,Discretionary,477,good
396,2023-04-01,Credit,Salary,1889,good
396,2023-04-26,Debit,Discretionary,547,good
396,2023-05-01,Credit,Salary,2012,good
396,2023-05-21,Debit,Discretionary,524,good
396,2023-05-31,Credit,Salary,2171,good
396,2023-06-06,Debit,Discretionary,533,good
397,2023-01-01,Credit,Salary,2108,good
397,2023-01-20,Debit,Discretionary,523,good
397,2023-01-31,Credit,Salary,1851,good
397,2023-02-06,Debit,Discretionary,483,good
397,2023-03-02,Credit,Salary,1924,good
397,2023-03-19,Debit,Discretionary,522,good
397,2023-04-01,Credit,Salary,1908,good
397,2023-04-10,Debit,Discretionary,539,good
397,2023-05-01,Credit,Salary,1838,good
397,2023-05-19,Debit,Discretionary,516,good
397,2023-05-31,Credit,Salary,2166,good
397,2023-06-18,Debit,Discretionary,457,good
398,2023-01-01,Credit,Salary,2172,bad
398,2023-01-05,Debit,UPI_Lending_App,309,bad
398,2023-01-16,Debit,Discretionary,462,bad
398,2023-01-31,Credit,Salary,1805,bad
398,2023-02-14,Debit,UPI_Lending_App,384,bad
398,2023-02-16,Debit,UPI_Lending_App,452,bad
398,2023-02-17,Debit,UPI_Lending_App,310,bad
398,2023-02-18,Debit,Discretionary,540,bad
398,2023-02-23,Debit,UPI_Lending_App,443,bad
398,2023-02-24,Debit,UPI_Lending_App,354,bad
398,2023-03-02,Credit,Salary,2105,bad
398,2023-03-07,Debit,UPI_Lending_App,221,bad
398,2023-03-11,Debit,Discretionary,480,bad
398,2023-03-21,Debit,UPI_Lending_App,350,bad
398,2023-03-29,Debit,UPI_Lending_App,278,bad
398,2023-04-01,Credit,Salary,1894,bad
398,2023-04-07,Debit,Discretionary,526,bad
398,2023-04-08,Debit,UPI_Lending_App,132,bad
398,2023-04-22,Debit,UPI_Lending_App,359,bad
398,2023-05-01,Credit,Salary,2058,bad
398,2023-05-07,Debit,Discretionary,92,bad
398,2023-05-13,Debit,UPI_Lending_App,476,bad
398,2023-05-25,Debit,UPI_Lending_App,61,bad
398,2023-06-03,Debit,UPI_Lending_App,64,bad
398,2023-06-04,Debit,UPI_Lending_App,358,bad
398,2023-06-06,Credit,Salary,1870,bad
398,2023-06-08,Debit,Discretionary,80,bad
399,2023-01-01,Credit,Salary,1955,good
399,2023-01-13,Debit,Discretionary,485,good
399,2023-01-31,Credit,Salary,2058,good
399,2023-02-08,Debit,Discretionary,474,good
399,2023-03-02,Credit,Salary,1832,good
399,2023-03-13,Debit,Discretionary,514,good
399,2023-04-01,Credit,Salary,1829,good
399,2023-04-20,Debit,Discretionary,532,good
399,2023-05-01,Credit,Salary,1853,good
399,2023-05-20,Debit,Discretionary,520,good
399,2023-05-31,Credit,Salary,2031,good
399,2023-06-14,Debit,Discretionary,532,good
399,2023-06-28,Debit,UPI_Lending_App,420,good
400,2023-01-01,Credit,Salary,1936,good
400,2023-01-14,Debit,Discretionary,495,good
400,2023-01-31,Credit,Salary,2055,good
400,2023-02-19,Debit,Discretionary,539,good
400,2023-03-02,Credit,Salary,2114,good
400,2023-03-17,Debit,Discretionary,460,good
400,2023-04-01,Credit,Salary,1816,good
400,2023-04-15,Debit,Discretionary,485,good
400,2023-05-01,Credit,Salary,2008,good
400,2023-05-23,Debit,Discretionary,542,good
400,2023-05-31,Credit,Salary,2052,good
400,2023-06-21,Debit,Discretionary,480,good
401,2023-01-01,Credit,Salary,2047,good
401,2023-01-22,Debit,UPI_Lending_App,342,good
401,2023-01-25,Debit,Discretionary,493,good
401,2023-01-31,Credit,Salary,2136,good
401,2023-02-15,Debit,Discretionary,475,good
401,2023-03-02,Credit,Salary,2160,good
401,2023-03-17,Debit,Discretionary,450,good
401,2023-04-01,Credit,Salary,2097,good
401,2023-04-26,Debit,Discretionary,471,good
401,2023-05-01,Credit,Salary,2186,good
401,2023-05-12,Debit,Discretionary,482,good
401,2023-05-31,Credit,Salary,2041,good
401,2023-06-09,Debit,Discretionary,549,good
402,2023-01-01,Credit,Salary,1873,bad
402,2023-01-07,Debit,Discretionary,480,bad
402,2023-01-22,Debit,UPI_Lending_App,140,bad
402,2023-01-31,Credit,Salary,1860,bad
402,2023-02-01,Debit,UPI_Lending_App,163,bad
402,2023-02-09,Debit,Discretionary,517,bad
402,2023-02-11,Debit,UPI_Lending_App,138,bad
402,2023-03-02,Credit,Salary,2172,bad
402,2023-03-13,Debit,Discretionary,501,bad
402,2023-03-14,Debit,UPI_Lending_App,430,bad
402,2023-03-22,Debit,UPI_Lending_App,260,bad
402,2023-03-25,Debit,UPI_Lending_App,496,bad
402,2023-04-01,Credit,Salary,2064,bad
402,2023-04-02,Debit,UPI_Lending_App,483,bad
402,2023-04-19,Debit,Discretionary,526,bad
402,2023-05-01,Credit,Salary,2021,bad
402,2023-05-02,Debit,UPI_Lending_App,233,bad
402,2023-05-08,Debit,UPI_Lending_App,486,bad
402,2023-05-12,Debit,UPI_Lending_App,95,bad
402,2023-05-15,Debit,UPI_Lending_App,414,bad
402,2023-05-18,Debit,Discretionary,80,bad
402,2023-05-27,Debit,UPI_Lending_App,265,bad
402,2023-05-31,Credit,Salary,2149,bad
402,2023-06-09,Debit,UPI_Lending_App,174,bad
402,2023-06-14,Debit,UPI_Lending_App,213,bad
402,2023-06-21,Debit,UPI_Lending_App,366,bad
402,2023-06-22,Debit,Discretionary,115,bad
402,2023-06-24,Debit,UPI_Lending_App,477,bad
403,2023-01-01,Credit,Salary,1826,good
403,2023-01-25,Debit,Discretionary,517,good
403,2023-01-31,Credit,Salary,1989,good
403,2023-02-21,Debit,Discretionary,529,good
403,2023-03-02,Credit,Salary,1969,good
403,2023-03-11,Debit,Discretionary,484,good
403,2023-04-01,Credit,Salary,1942,good
403,2023-04-23,Debit,Discretionary,465,good
403,2023-05-01,Credit,Salary,2015,good
403,2023-05-17,Debit,Discretionary,457,good
403,2023-05-31,Credit,Salary,1864,good
403,2023-06-23,Debit,Discretionary,512,good
404,2023-01-01,Credit,Salary,1999,good
404,2023-01-10,Debit,Discretionary,494,good
404,2023-01-31,Credit,Salary,1849,good
404,2023-02-18,Debit,Discretionary,471,good
404,2023-03-02,Credit,Salary,2137,good
404,2023-03-10,Debit,Discretionary,506,good
404,2023-04-01,Credit,Salary,1974,good
404,2023-04-10,Debit,Discretionary,493,good
404,2023-05-01,Credit,Salary,2142,good
404,2023-05-21,Debit,Discretionary,517,good
404,2023-05-31,Credit,Salary,1920,good
404,2023-06-11,Debit,Discretionary,541,good
405,2023-01-01,Credit,Salary,1958,bad
405,2023-01-03,Debit,UPI_Lending_App,67,bad
405,2023-01-04,Debit,UPI_Lending_App,236,bad
405,2023-01-06,Debit,Discretionary,532,bad
405,2023-01-07,Debit,UPI_Lending_App,112,bad
405,2023-01-13,Debit,UPI_Lending_App,450,bad
405,2023-01-25,Debit,UPI_Lending_App,188,bad
405,2023-01-31,Credit,Salary,2200,bad
405,2023-02-10,Debit,Discretionary,510,bad
405,2023-02-12,Debit,UPI_Lending_App,413,bad
405,2023-02-18,Debit,UPI_Lending_App,191,bad
405,2023-02-19,Debit,UPI_Lending_App,111,bad
405,2023-02-26,Debit,UPI_Lending_App,405,bad
405,2023-03-02,Credit,Salary,1860,bad
405,2023-03-05,Debit,UPI_Lending_App,373,bad
405,2023-03-15,Debit,UPI_Lending_App,352,bad
405,2023-03-20,Debit,UPI_Lending_App,221,bad
405,2023-03-24,Debit,Discretionary,469,bad
405,2023-04-01,Credit,Salary,2176,bad
405,2023-04-06,Debit,Discretionary,461,bad
405,2023-04-26,Debit,UPI_Lending_App,286,bad
405,2023-05-01,Credit,Salary,2145,bad
405,2023-05-12,Debit,UPI_Lending_App,211,bad
405,2023-05-14,Debit,UPI_Lending_App,239,bad
405,2023-05-17,Debit,UPI_Lending_App,224,bad
405,2023-05-20,Debit,UPI_Lending_App,412,bad
405,2023-05-22,Debit,Discretionary,71,bad
405,2023-05-29,Debit,UPI_Lending_App,244,bad
405,2023-06-03,Credit,Salary,1820,bad
405,2023-06-07,Debit,Discretionary,53,bad
405,2023-06-12,Debit,UPI_Lending_App,448,bad
405,2023-06-25,Debit,UPI_Lending_App,141,bad
405,2023-06-26,Debit,UPI_Lending_App,110,bad
405,2023-06-27,Debit,UPI_Lending_App,316,bad
406,2023-01-01,Credit,Salary,2150,good
406,2023-01-08,Debit,Discretionary,527,good
406,2023-01-31,Credit,Salary,2139,good
406,2023-02-12,Debit,Discretionary,549,good
406,2023-03-02,Credit,Salary,2178,good
406,2023-03-18,Debit,Discretionary,518,good
406,2023-04-01,Credit,Salary,2174,good
406,2023-04-15,Debit,Discretionary,505,good
406,2023-05-01,Credit,Salary,2200,good
406,2023-05-06,Debit,Discretionary,520,good
406,2023-05-27,Debit,UPI_Lending_App,445,good
406,2023-05-31,Credit,Salary,1884,good
406,2023-06-12,Debit,Discretionary,519,good
407,2023-01-01,Credit,Salary,1898,good
407,2023-01-14,Debit,UPI_Lending_App,382,good
407,2023-01-16,Debit,Discretionary,536,good
407,2023-01-31,Credit,Salary,2051,good
407,2023-02-21,Debit,Discretionary,522,good
407,2023-03-02,Credit,Salary,1881,good
407,2023-03-27,Debit,Discretionary,494,good
407,2023-04-01,Credit,Salary,1947,good
407,2023-04-17,Debit,Discretionary,491,good
407,2023-05-01,Credit,Salary,1834,good
407,2023-05-08,Debit,Discretionary,544,good
407,2023-05-31,Credit,Salary,1806,good
407,2023-06-05,Debit,Discretionary,493,good
408,2023-01-01,Credit,Salary,2177,good
408,2023-01-06,Debit,Discretionary,520,good
408,2023-01-31,Credit,Salary,1962,good
408,2023-02-05,Debit,Discretionary,460,good
408,2023-03-02,Credit,Salary,2160,good
408,2023-03-10,Debit,Discretionary,473,good
408,2023-04-01,Credit,Salary,2115,good
408,2023-04-23,Debit,Discretionary,463,good
408,2023-05-01,Credit,Salary,2020,good
408,2023-05-17,Debit,Discretionary,489,good
408,2023-05-31,Credit,Salary,2038,good
408,2023-06-17,Debit,Discretionary,508,good
409,2023-01-01,Credit,Salary,2162,bad
409,2023-01-07,Debit,Discretionary,497,bad
409,2023-01-15,Debit,UPI_Lending_App,219,bad
409,2023-01-16,Debit,UPI_Lending_App,69,bad
409,2023-01-24,Debit,UPI_Lending_App,449,bad
409,2023-01-26,Debit,UPI_Lending_App,354,bad
409,2023-01-31,Credit,Salary,2078,bad
409,2023-02-14,Debit,Discretionary,546,bad
409,2023-02-25,Debit,UPI_Lending_App,269,bad
409,2023-02-27,Debit,UPI_Lending_App,472,bad
409,2023-02-27,Debit,UPI_Lending_App,192,bad
409,2023-03-02,Credit,Salary,1887,bad
409,2023-03-08,Debit,UPI_Lending_App,467,bad
409,2023-03-09,Debit,UPI_Lending_App,81,bad
409,2023-03-11,Debit,UPI_Lending_App,284,bad
409,2023-03-12,Debit,UPI_Lending_App,203,bad
409,2023-03-12,Debit,UPI_Lending_App,254,bad
409,2023-03-24,Debit,Discretionary,479,bad
409,2023-04-01,Credit,Salary,2099,bad
409,2023-04-05,Debit,UPI_Lending_App,90,bad
409,2023-04-10,Debit,Discretionary,491,bad
409,2023-04-13,Debit,UPI_Lending_App,83,bad
409,2023-04-17,Debit,UPI_Lending_App,222,bad
409,2023-04-22,Debit,UPI_Lending_App,204,bad
409,2023-05-01,Credit,Salary,2037,bad
409,2023-05-06,Debit,UPI_Lending_App,464,bad
409,2023-05-11,Debit,UPI_Lending_App,411,bad
409,2023-05-24,Debit,UPI_Lending_App,110,bad
409,2023-05-25,Debit,Discretionary,126,bad
409,2023-05-26,Debit,UPI_Lending_App,143,bad
409,2023-05-31,Credit,Salary,2011,bad
409,2023-06-05,Debit,Discretionary,137,bad
409,2023-06-08,Debit,UPI_Lending_App,79,bad
409,2023-06-16,Debit,UPI_Lending_App,166,bad
409,2023-06-19,Debit,UPI_Lending_App,337,bad
409,2023-06-28,Debit,UPI_Lending_App,386,bad
409,2023-06-28,Debit,UPI_Lending_App,397,bad
410,2023-01-01,Credit,Salary,2061,good
410,2023-01-26,Debit,Discretionary,514,good
410,2023-01-31,Credit,Salary,2013,good
410,2023-02-15,Debit,Discretionary,535,good
410,2023-03-02,Credit,Salary,1800,good
410,2023-03-11,Debit,Discretionary,520,good
410,2023-04-01,Credit,Salary,1809,good
410,2023-04-19,Debit,Discretionary,491,good
410,2023-05-01,Credit,Salary,2091,good
410,2023-05-18,Debit,Discretionary,498,good
410,2023-05-31,Credit,Salary,1955,good
410,2023-06-25,Debit,Discretionary,450,good
411,2023-01-01,Credit,Salary,2192,good
411,2023-01-18,Debit,Discretionary,487,good
411,2023-01-31,Credit,Salary,1806,good
411,2023-02-20,Debit,Discretionary,480,good
411,2023-03-02,Credit,Salary,2139,good
411,2023-03-11,Debit,Discretionary,533,good
411,2023-04-01,Credit,Salary,1892,good
411,2023-04-08,Debit,Discretionary,475,good
411,2023-05-01,Credit,Salary,1919,good
411,2023-05-11,Debit,Discretionary,456,good
411,2023-05-31,Credit,Salary,1910,good
411,2023-06-12,Debit,Discretionary,479,good
412,2023-01-01,Credit,Salary,1831,bad
412,2023-01-02,Debit,UPI_Lending_App,225,bad
412,2023-01-22,Debit,Discretionary,541,bad
412,2023-01-25,Debit,UPI_Lending_App,426,bad
412,2023-01-31,Credit,Salary,1977,bad
412,2023-02-03,Debit,UPI_Lending_App,59,bad
412,2023-02-07,Debit,Discretionary,471,bad
412,2023-02-15,Debit,UPI_Lending_App,131,bad
412,2023-02-22,Debit,UPI_Lending_App,447,bad
412,2023-02-23,Debit,UPI_Lending_App,481,bad
412,2023-02-25,Debit,UPI_Lending_App,287,bad
412,2023-03-02,Credit,Salary,1890,bad
412,2023-03-04,Debit,UPI_Lending_App,250,bad
412,2023-03-05,Debit,UPI_Lending_App,411,bad
412,2023-03-05,Debit,UPI_Lending_App,156,bad
412,2023-03-06,Debit,UPI_Lending_App,492,bad
412,2023-03-10,Debit,Discretionary,489,bad
412,2023-03-20,Debit,UPI_Lending_App,152,bad
412,2023-04-01,Credit,Salary,1961,bad
412,2023-04-16,Debit,Discretionary,459,bad
412,2023-04-19,Debit,UPI_Lending_App,95,bad
412,2023-04-28,Debit,UPI_Lending_App,381,bad
412,2023-05-01,Credit,Salary,1891,bad
412,2023-05-07,Debit,UPI_Lending_App,351,bad
412,2023-05-16,Debit,Discretionary,101,bad
412,2023-05-23,Debit,UPI_Lending_App,293,bad
412,2023-05-29,Debit,UPI_Lending_App,239,bad
412,2023-05-31,Credit,Salary,2079,bad
412,2023-06-05,Debit,UPI_Lending_App,270,bad
412,2023-06-07,Debit,UPI_Lending_App,67,bad
412,2023-06-15,Debit,Discretionary,93,bad
412,2023-06-18,Debit,UPI_Lending_App,159,bad
412,2023-06-20,Debit,UPI_Lending_App,54,bad
413,2023-01-01,Credit,Salary,2050,good
413,2023-01-10,Debit,Discretionary,466,good
413,2023-01-31,Credit,Salary,1934,good
413,2023-02-17,Debit,Discretionary,502,good
413,2023-03-02,Credit,Salary,1864,good
413,2023-03-13,Debit,Discretionary,482,good
413,2023-04-01,Credit,Salary,2009,good
413,2023-04-20,Debit,Discretionary,511,good
413,2023-05-01,Credit,Salary,1894,good
413,2023-05-10,Debit,Discretionary,509,good
413,2023-05-31,Credit,Salary,2016,good
413,2023-06-10,Debit,Discretionary,492,good
413,2023-06-23,Debit,UPI_Lending_App,63,good
414,2023-01-01,Credit,Salary,2059,bad
414,2023-01-03,Debit,UPI_Lending_App,102,bad
414,2023-01-26,Debit,Discretionary,527,bad
414,2023-01-31,Credit,Salary,1938,bad
414,2023-02-08,Debit,UPI_Lending_App,277,bad
414,2023-02-11,Debit,Discretionary,535,bad
414,2023-02-23,Debit,UPI_Lending_App,453,bad
414,2023-02-26,Debit,UPI_Lending_App,410,bad
414,2023-02-26,Debit,UPI_Lending_App,51,bad
414,2023-02-27,Debit,UPI_Lending_App,357,bad
414,2023-03-02,Credit,Salary,1862,bad
414,2023-03-03,Debit,UPI_Lending_App,308,bad
414,2023-03-07,Debit,UPI_Lending_App,453,bad
414,2023-03-24,Debit,Discretionary,464,bad
414,2023-04-01,Credit,Salary,1830,bad
414,2023-04-03,Debit,UPI_Lending_App,62,bad
414,2023-04-07,Debit,UPI_Lending_App,311,bad
414,2023-04-13,Debit,Discretionary,505,bad
414,2023-04-27,Debit,UPI_Lending_App,436,bad
414,2023-04-27,Debit,UPI_Lending_App,128,bad
414,2023-05-01,Credit,Salary,1835,bad
414,2023-05-03,Debit,UPI_Lending_App,475,bad
414,2023-05-11,Debit,UPI_Lending_App,430,bad
414,2023-05-13,Debit,Discretionary,128,bad
414,2023-05-25,Debit,UPI_Lending_App,265,bad
414,2023-05-26,Debit,UPI_Lending_App,91,bad
414,2023-05-31,Credit,Salary,1983,bad
414,2023-06-05,Debit,UPI_Lending_App,204,bad
414,2023-06-11,Debit,UPI_Lending_App,497,bad
414,2023-06-12,Debit,Discretionary,59,bad
414,2023-06-16,Debit,UPI_Lending_App,59,bad
414,2023-06-27,Debit,UPI_Lending_App,69,bad
415,2023-01-01,Credit,Salary,1945,good
415,2023-01-13,Debit,Discretionary,509,good
415,2023-01-31,Credit,Salary,2086,good
415,2023-02-11,Debit,Discretionary,514,good
415,2023-03-02,Credit,Salary,2031,good
415,2023-03-20,Debit,UPI_Lending_App,305,good
415,2023-03-21,Debit,Discretionary,461,good
415,2023-04-01,Credit,Salary,1867,good
415,2023-04-09,Debit,Discretionary,460,good
415,2023-05-01,Credit,Salary,2124,good
415,2023-05-07,Debit,Discretionary,493,good
415,2023-05-31,Credit,Salary,1989,good
415,2023-06-24,Debit,Discretionary,509,good
416,2023-01-01,Credit,Salary,2051,bad
416,2023-01-02,Debit,UPI_Lending_App,54,bad
416,2023-01-05,Debit,UPI_Lending_App,176,bad
416,2023-01-11,Debit,UPI_Lending_App,196,bad
416,2023-01-13,Debit,Discretionary,527,bad
416,2023-01-28,Debit,UPI_Lending_App,417,bad
416,2023-01-31,Credit,Salary,2143,bad
416,2023-02-02,Debit,UPI_Lending_App,483,bad
416,2023-02-10,Debit,Discretionary,501,bad
416,2023-02-16,Debit,UPI_Lending_App,468,bad
416,2023-03-02,Credit,Salary,1805,bad
416,2023-03-07,Debit,UPI_Lending_App,234,bad
416,2023-03-16,Debit,UPI_Lending_App,115,bad
416,2023-03-21,Debit,Discretionary,508,bad
416,2023-04-01,Credit,Salary,2148,bad
416,2023-04-17,Debit,Discretionary,491,bad
416,2023-04-23,Debit,UPI_Lending_App,202,bad
416,2023-05-01,Credit,Salary,2164,bad
416,2023-05-09,Debit,UPI_Lending_App,175,bad
416,2023-05-17,Debit,Discretionary,130,bad
416,2023-05-20,Debit,UPI_Lending_App,222,bad
416,2023-05-28,Debit,UPI_Lending_App,257,bad
416,2023-06-03,Credit,Salary,2123,bad
416,2023-06-07,Debit,UPI_Lending_App,487,bad
416,2023-06-15,Debit,UPI_Lending_App,126,bad
416,2023-06-16,Debit,UPI_Lending_App,363,bad
416,2023-06-23,Debit,Discretionary,138,bad
416,2023-06-28,Debit,UPI_Lending_App,478,bad
417,2023-01-01,Credit,Salary,1820,good
417,2023-01-10,Debit,Discretionary,497,good
417,2023-01-31,Credit,Salary,1938,good
417,2023-02-15,Debit,Discretionary,498,good
417,2023-03-02,Credit,Salary,1910,good
417,2023-03-15,Debit,Discretionary,526,good
417,2023-04-01,Credit,Salary,2025,good
417,2023-04-11,Debit,Discretionary,539,good
417,2023-05-01,Credit,Salary,2080,good
417,2023-05-10,Debit,Discretionary,530,good
417,2023-05-31,Credit,Salary,1947,good
417,2023-06-13,Debit,Discretionary,475,good
418,2023-01-01,Credit,Salary,2116,good
418,2023-01-24,Debit,Discretionary,539,good
418,2023-01-31,Credit,Salary,1959,good
418,2023-02-11,Debit,Discretionary,466,good
418,2023-03-02,Credit,Salary,2181,good
418,2023-03-13,Debit,Discretionary,473,good
418,2023-04-01,Credit,Salary,1829,good
418,2023-04-18,Debit,Discretionary,458,good
418,2023-05-01,Credit,Salary,2183,good
418,2023-05-06,Debit,Discretionary,518,good
418,2023-05-31,Credit,Salary,2152,good
418,2023-06-12,Debit,Discretionary,514,good
419,2023-01-01,Credit,Salary,2158,bad
419,2023-01-02,Debit,UPI_Lending_App,320,bad
419,2023-01-08,Debit,UPI_Lending_App,105,bad
419,2023-01-08,Debit,Discretionary,495,bad
419,2023-01-10,Debit,UPI_Lending_App,407,bad
419,2023-01-18,Debit,UPI_Lending_App,291,bad
419,2023-01-31,Credit,Salary,1842,bad
419,2023-02-01,Debit,UPI_Lending_App,448,bad
419,2023-02-02,Debit,UPI_Lending_App,295,bad
419,2023-02-04,Debit,UPI_Lending_App,392,bad
419,2023-02-22,Debit,UPI_Lending_App,143,bad
419,2023-02-25,Debit,Discretionary,462,bad
419,2023-02-26,Debit,UPI_Lending_App,220,bad
419,2023-03-02,Credit,Salary,1863,bad
419,2023-03-04,Debit,UPI_Lending_App,81,bad
419,2023-03-10,Debit,UPI_Lending_App,367,bad
419,2023-03-10,Debit,UPI_Lending_App,51,bad
419,2023-03-17,Debit,Discretionary,491,bad
419,2023-04-01,Credit,Salary,1909,bad
419,2023-04-04,Debit,UPI_Lending_App,217,bad
419,2023-04-09,Debit,UPI_Lending_App,469,bad
419,2023-04-15,Debit,Discretionary,476,bad
419,2023-04-19,Debit,UPI_Lending_App,197,bad
419,2023-04-24,Debit,UPI_Lending_App,265,bad
419,2023-04-27,Debit,UPI_Lending_App,439,bad
419,2023-05-01,Credit,Salary,2086,bad
419,2023-05-03,Debit,UPI_Lending_App,309,bad
419,2023-05-07,Debit,Discretionary,145,bad
419,2023-05-23,Debit,UPI_Lending_App,456,bad
419,2023-05-27,Debit,UPI_Lending_App,392,bad
419,2023-05-31,Credit,Salary,2153,bad
419,2023-06-08,Debit,UPI_Lending_App,157,bad
419,2023-06-10,Debit,UPI_Lending_App,442,bad
419,2023-06-16,Debit,UPI_Lending_App,284,bad
419,2023-06-19,Debit,UPI_Lending_App,335,bad
419,2023-06-24,Debit,Discretionary,75,bad
420,2023-01-01,Credit,Salary,2120,good
420,2023-01-24,Debit,Discretionary,525,good
420,2023-01-31,Credit,Salary,1995,good
420,2023-02-06,Debit,Discretionary,462,good
420,2023-02-24,Debit,UPI_Lending_App,438,good
420,2023-03-02,Credit,Salary,2035,good
420,2023-03-09,Debit,Discretionary,533,good
420,2023-04-01,Credit,Salary,1922,good
420,2023-04-06,Debit,Discretionary,485,good
420,2023-05-01,Credit,Salary,1948,good
420,2023-05-14,Debit,Discretionary,550,good
420,2023-05-31,Credit,Salary,1912,good
420,2023-06-17,Debit,Discretionary,463,good
421,2023-01-01,Credit,Salary,2034,good
421,2023-01-10,Debit,UPI_Lending_App,459,good
421,2023-01-25,Debit,Discretionary,457,good
421,2023-01-31,Credit,Salary,2036,good
421,2023-02-18,Debit,Discretionary,492,good
421,2023-03-02,Credit,Salary,2200,good
421,2023-03-10,Debit,Discretionary,476,good
421,2023-04-01,Credit,Salary,2023,good
421,2023-04-11,Debit,Discretionary,509,good
421,2023-05-01,Credit,Salary,1907,good
421,2023-05-20,Debit,Discretionary,527,good
421,2023-05-31,Credit,Salary,2195,good
421,2023-06-17,Debit,Discretionary,530,good
422,2023-01-01,Credit,Salary,2192,good
422,2023-01-13,Debit,Discretionary,505,good
422,2023-01-31,Credit,Salary,2069,good
422,2023-02-06,Debit,Discretionary,457,good
422,2023-03-02,Credit,Salary,2082,good
422,2023-03-20,Debit,Discretionary,493,good
422,2023-04-01,Credit,Salary,1995,good
422,2023-04-24,Debit,Discretionary,488,good
422,2023-05-01,Credit,Salary,1968,good
422,2023-05-06,Debit,Discretionary,498,good
422,2023-05-31,Credit,Salary,1826,good
422,2023-06-24,Debit,Discretionary,527,good
423,2023-01-01,Credit,Salary,1803,good
423,2023-01-12,Debit,Discretionary,455,good
423,2023-01-31,Credit,Salary,1892,good
423,2023-02-09,Debit,Discretionary,462,good
423,2023-03-02,Credit,Salary,1803,good
423,2023-03-26,Debit,Discretionary,485,good
423,2023-04-01,Credit,Salary,2029,good
423,2023-04-23,Debit,Discretionary,508,good
423,2023-05-01,Credit,Salary,2041,good
423,2023-05-13,Debit,Discretionary,498,good
423,2023-05-31,Credit,Salary,1950,good
423,2023-06-18,Debit,Discretionary,526,good
424,2023-01-01,Credit,Salary,2039,bad
424,2023-01-09,Debit,Discretionary,541,bad
424,2023-01-16,Debit,UPI_Lending_App,149,bad
424,2023-01-31,Credit,Salary,2119,bad
424,2023-02-07,Debit,UPI_Lending_App,317,bad
424,2023-02-08,Debit,Discretionary,517,bad
424,2023-02-17,Debit,UPI_Lending_App,75,bad
424,2023-02-19,Debit,UPI_Lending_App,246,bad
424,2023-02-22,Debit,UPI_Lending_App,294,bad
424,2023-03-02,Credit,Salary,2022,bad
424,2023-03-03,Debit,UPI_Lending_App,383,bad
424,2023-03-08,Debit,UPI_Lending_App,449,bad
424,2023-03-25,Debit,UPI_Lending_App,369,bad
424,2023-03-27,Debit,Discretionary,472,bad
424,2023-03-28,Debit,UPI_Lending_App,284,bad
424,2023-04-01,Credit,Salary,1983,bad
424,2023-04-16,Debit,UPI_Lending_App,141,bad
424,2023-04-17,Debit,UPI_Lending_App,474,bad
424,2023-04-17,Debit,UPI_Lending_App,460,bad
424,2023-04-20,Debit,Discretionary,542,bad
424,2023-05-04,Debit,UPI_Lending_App,326,bad
424,2023-05-07,Credit,Salary,2012,bad
424,2023-05-08,Debit,UPI_Lending_App,85,bad
424,2023-05-19,Debit,Discretionary,104,bad
424,2023-05-22,Debit,UPI_Lending_App,224,bad
424,2023-05-25,Debit,UPI_Lending_App,381,bad
424,2023-05-26,Debit,UPI_Lending_App,193,bad
424,2023-05-31,Credit,Salary,2144,bad
424,2023-06-13,Debit,UPI_Lending_App,279,bad
424,2023-06-13,Debit,Discretionary,133,bad
424,2023-06-16,Debit,UPI_Lending_App,173,bad
424,2023-06-20,Debit,UPI_Lending_App,335,bad
424,2023-06-21,Debit,UPI_Lending_App,394,bad
424,2023-06-24,Debit,UPI_Lending_App,323,bad
425,2023-01-01,Credit,Salary,1933,good
425,2023-01-24,Debit,Discretionary,520,good
425,2023-01-31,Credit,Salary,2123,good
425,2023-02-16,Debit,Discretionary,467,good
425,2023-03-02,Credit,Salary,1957,good
425,2023-03-14,Debit,Discretionary,505,good
425,2023-04-01,Credit,Salary,2168,good
425,2023-04-18,Debit,Discretionary,518,good
425,2023-05-01,Credit,Salary,2113,good
425,2023-05-10,Debit,Discretionary,479,good
425,2023-05-31,Credit,Salary,2041,good
425,2023-06-18,Debit,Discretionary,526,good
426,2023-01-01,Credit,Salary,2090,good
426,2023-01-18,Debit,Discretionary,506,good
426,2023-01-31,Credit,Salary,2039,good
426,2023-02-25,Debit,Discretionary,510,good
426,2023-02-28,Debit,UPI_Lending_App,219,good
426,2023-03-02,Credit,Salary,1933,good
426,2023-03-13,Debit,Discretionary,508,good
426,2023-04-01,Credit,Salary,2140,good
426,2023-04-18,Debit,Discretionary,518,good
426,2023-05-01,Credit,Salary,2083,good
426,2023-05-07,Debit,Discretionary,482,good
426,2023-05-31,Credit,Salary,1883,good
426,2023-06-17,Debit,Discretionary,526,good
427,2023-01-01,Credit,Salary,2119,good
427,2023-01-19,Debit,Discretionary,473,good
427,2023-01-31,Credit,Salary,2001,good
427,2023-02-08,Debit,Discretionary,487,good
427,2023-02-20,Debit,UPI_Lending_App,454,good
427,2023-03-02,Credit,Salary,1812,good
427,2023-03-14,Debit,Discretionary,507,good
427,2023-04-01,Credit,Salary,2048,good
427,2023-04-07,Debit,Discretionary,505,good
427,2023-04-14,Debit,UPI_Lending_App,338,good
427,2023-05-01,Credit,Salary,2024,good
427,2023-05-10,Debit,Discretionary,460,good
427,2023-05-31,Credit,Salary,2057,good
427,2023-06-10,Debit,Discretionary,545,good
428,2023-01-01,Credit,Salary,2078,good
428,2023-01-10,Debit,UPI_Lending_App,314,good
428,2023-01-16,Debit,Discretionary,476,good
428,2023-01-31,Credit,Salary,2040,good
428,2023-02-20,Debit,Discretionary,482,good
428,2023-03-02,Credit,Salary,1851,good
428,2023-03-23,Debit,Discretionary,475,good
428,2023-04-01,Credit,Salary,2027,good
428,2023-04-26,Debit,Discretionary,502,good
428,2023-05-01,Credit,Salary,2056,good
428,2023-05-13,Debit,Discretionary,513,good
428,2023-05-31,Credit,Salary,2094,good
428,2023-06-06,Debit,Discretionary,455,good
429,2023-01-01,Credit,Salary,1906,bad
429,2023-01-12,Debit,UPI_Lending_App,181,bad
429,2023-01-18,Debit,UPI_Lending_App,159,bad
429,2023-01-19,Debit,Discretionary,498,bad
429,2023-01-31,Credit,Salary,2167,bad
429,2023-02-05,Debit,UPI_Lending_App,484,bad
429,2023-02-20,Debit,Discretionary,459,bad
429,2023-03-02,Credit,Salary,1958,bad
429,2023-03-12,Debit,Discretionary,528,bad
429,2023-03-16,Debit,UPI_Lending_App,312,bad
429,2023-03-18,Debit,UPI_Lending_App,215,bad
429,2023-03-26,Debit,UPI_Lending_App,407,bad
429,2023-03-26,Debit,UPI_Lending_App,196,bad
429,2023-04-01,Credit,Salary,2199,bad
429,2023-04-07,Debit,UPI_Lending_App,204,bad
429,2023-04-13,Debit,UPI_Lending_App,440,bad
429,2023-04-16,Debit,UPI_Lending_App,205,bad
429,2023-04-24,Debit,UPI_Lending_App,142,bad
429,2023-04-24,Debit,Discretionary,470,bad
429,2023-04-28,Debit,UPI_Lending_App,293,bad
429,2023-05-04,Credit,Salary,1894,bad
429,2023-05-09,Debit,UPI_Lending_App,332,bad
429,2023-05-18,Debit,UPI_Lending_App,102,bad
429,2023-05-20,Debit,UPI_Lending_App,200,bad
429,2023-05-26,Debit,Discretionary,143,bad
429,2023-05-29,Debit,UPI_Lending_App,206,bad
429,2023-05-31,Credit,Salary,2160,bad
429,2023-06-06,Debit,UPI_Lending_App,348,bad
429,2023-06-13,Debit,Discretionary,58,bad
429,2023-06-25,Debit,UPI_Lending_App,280,bad
430,2023-01-01,Credit,Salary,2029,good
430,2023-01-09,Debit,Discretionary,471,good
430,2023-01-31,Credit,Salary,1898,good
430,2023-02-18,Debit,Discretionary,485,good
430,2023-03-02,Credit,Salary,2113,good
430,2023-03-22,Debit,Discretionary,545,good
430,2023-04-01,Credit,Salary,2181,good
430,2023-04-26,Debit,Discretionary,474,good
430,2023-05-01,Credit,Salary,2072,good
430,2023-05-12,Debit,Discretionary,514,good
430,2023-05-31,Credit,Salary,2002,good
430,2023-06-08,Debit,Discretionary,474,good
431,2023-01-01,Credit,Salary,1982,bad
431,2023-01-11,Debit,UPI_Lending_App,71,bad
431,2023-01-14,Debit,Discretionary,462,bad
431,2023-01-19,Debit,UPI_Lending_App,238,bad
431,2023-01-20,Debit,UPI_Lending_App,444,bad
431,2023-01-31,Credit,Salary,1871,bad
431,2023-02-12,Debit,UPI_Lending_App,305,bad
431,2023-02-19,Debit,UPI_Lending_App,147,bad
431,2023-02-22,Debit,Discretionary,467,bad
431,2023-03-02,Credit,Salary,2019,bad
431,2023-03-08,Debit,UPI_Lending_App,441,bad
431,2023-03-19,Debit,UPI_Lending_App,255,bad
431,2023-03-19,Debit,UPI_Lending_App,355,bad
431,2023-03-25,Debit,Discretionary,516,bad
431,2023-03-26,Debit,UPI_Lending_App,181,bad
431,2023-04-01,Credit,Salary,1860,bad
431,2023-04-02,Debit,UPI_Lending_App,374,bad
431,2023-04-06,Debit,UPI_Lending_App,103,bad
431,2023-04-07,Debit,Discretionary,545,bad
431,2023-05-03,Debit,UPI_Lending_App,83,bad
431,2023-05-07,Credit,Salary,1820,bad
431,2023-05-24,Debit,Discretionary,133,bad
431,2023-06-03,Credit,Salary,1980,bad
431,2023-06-05,Debit,UPI_Lending_App,59,bad
431,2023-06-08,Debit,UPI_Lending_App,152,bad
431,2023-06-09,Debit,Discretionary,91,bad
431,2023-06-17,Debit,UPI_Lending_App,499,bad
431,2023-06-20,Debit,UPI_Lending_App,58,bad
432,2023-01-01,Credit,Salary,1878,good
432,2023-01-09,Debit,Discretionary,467,good
432,2023-01-31,Credit,Salary,2081,good
432,2023-02-13,Debit,Discretionary,469,good
432,2023-03-02,Credit,Salary,2178,good
432,2023-03-18,Debit,Discretionary,498,good
432,2023-04-01,Credit,Salary,2037,good
432,2023-04-16,Debit,Discretionary,489,good
432,2023-05-01,Credit,Salary,2118,good
432,2023-05-15,Debit,Discretionary,550,good
432,2023-05-31,Credit,Salary,1831,good
432,2023-06-23,Debit,Discretionary,546,good
433,2023-01-01,Credit,Salary,2060,good
433,2023-01-18,Debit,Discretionary,544,good
433,2023-01-31,Credit,Salary,1918,good
433,2023-02-21,Debit,Discretionary,465,good
433,2023-03-02,Credit,Salary,1991,good
433,2023-03-12,Debit,Discretionary,475,good
433,2023-04-01,Credit,Salary,2168,good
433,2023-04-19,Debit,Discretionary,452,good
433,2023-05-01,Credit,Salary,2126,good
433,2023-05-07,Debit,Discretionary,550,good
433,2023-05-31,Credit,Salary,1850,good
433,2023-06-11,Debit,Discretionary,517,good
434,2023-01-01,Credit,Salary,2160,good
434,2023-01-10,Debit,Discretionary,526,good
434,2023-01-31,Credit,Salary,2174,good
434,2023-02-07,Debit,Discretionary,452,good
434,2023-03-02,Credit,Salary,2155,good
434,2023-03-13,Debit,Discretionary,450,good
434,2023-04-01,Credit,Salary,1981,good
434,2023-04-24,Debit,Discretionary,501,good
434,2023-05-01,Credit,Salary,2085,good
434,2023-05-08,Debit,Discretionary,543,good
434,2023-05-31,Credit,Salary,1896,good
434,2023-06-07,Debit,Discretionary,508,good
435,2023-01-01,Credit,Salary,2026,bad
435,2023-01-06,Debit,UPI_Lending_App,421,bad
435,2023-01-16,Debit,Discretionary,473,bad
435,2023-01-25,Debit,UPI_Lending_App,291,bad
435,2023-01-31,Credit,Salary,1985,bad
435,2023-02-03,Debit,UPI_Lending_App,474,bad
435,2023-02-06,Debit,UPI_Lending_App,333,bad
435,2023-02-10,Debit,UPI_Lending_App,325,bad
435,2023-02-12,Debit,Discretionary,496,bad
435,2023-02-28,Debit,UPI_Lending_App,497,bad
435,2023-03-02,Credit,Salary,1812,bad
435,2023-03-06,Debit,UPI_Lending_App,98,bad
435,2023-03-20,Debit,Discretionary,496,bad
435,2023-03-23,Debit,UPI_Lending_App,463,bad
435,2023-04-01,Credit,Salary,2094,bad
435,2023-04-03,Debit,UPI_Lending_App,229,bad
435,2023-04-24,Debit,Discretionary,489,bad
435,2023-05-01,Credit,Salary,2065,bad
435,2023-05-09,Debit,Discretionary,121,bad
435,2023-05-18,Debit,UPI_Lending_App,153,bad
435,2023-05-31,Credit,Salary,2031,bad
435,2023-06-08,Debit,UPI_Lending_App,292,bad
435,2023-06-16,Debit,UPI_Lending_App,322,bad
435,2023-06-19,Debit,UPI_Lending_App,464,bad
435,2023-06-22,Debit,Discretionary,99,bad
436,2023-01-01,Credit,Salary,2058,good
436,2023-01-24,Debit,Discretionary,480,good
436,2023-01-31,Credit,Salary,2014,good
436,2023-02-19,Debit,Discretionary,503,good
436,2023-03-02,Credit,Salary,2139,good
436,2023-03-22,Debit,Discretionary,496,good
436,2023-04-01,Credit,Salary,1851,good
436,2023-04-20,Debit,Discretionary,519,good
436,2023-05-01,Credit,Salary,2157,good
436,2023-05-08,Debit,Discretionary,549,good
436,2023-05-31,Credit,Salary,1958,good
436,2023-06-23,Debit,Discretionary,495,good
437,2023-01-01,Credit,Salary,2082,good
437,2023-01-16,Debit,Discretionary,533,good
437,2023-01-31,Credit,Salary,2125,good
437,2023-02-24,Debit,Discretionary,508,good
437,2023-03-02,Credit,Salary,2095,good
437,2023-03-21,Debit,Discretionary,538,good
437,2023-04-01,Credit,Salary,2068,good
437,2023-04-10,Debit,Discretionary,544,good
437,2023-05-01,Credit,Salary,1865,good
437,2023-05-10,Debit,Discretionary,474,good
437,2023-05-31,Credit,Salary,1926,good
437,2023-06-20,Debit,Discretionary,516,good
438,2023-01-01,Credit,Salary,2159,good
438,2023-01-10,Debit,Discretionary,462,good
438,2023-01-31,Credit,Salary,1959,good
438,2023-02-10,Debit,Discretionary,483,good
438,2023-03-02,Credit,Salary,1838,good
438,2023-03-23,Debit,Discretionary,547,good
438,2023-04-01,Credit,Salary,2012,good
438,2023-04-08,Debit,Discretionary,523,good
438,2023-05-01,Credit,Salary,1833,good
438,2023-05-16,Debit,Discretionary,493,good
438,2023-05-31,Credit,Salary,1871,good
438,2023-06-14,Debit,Discretionary,473,good
439,2023-01-01,Credit,Salary,1980,bad
439,2023-01-14,Debit,Discretionary,488,bad
439,2023-01-18,Debit,UPI_Lending_App,356,bad
439,2023-01-19,Debit,UPI_Lending_App,458,bad
439,2023-01-22,Debit,UPI_Lending_App,67,bad
439,2023-01-24,Debit,UPI_Lending_App,232,bad
439,2023-01-31,Credit,Salary,1975,bad
439,2023-02-07,Debit,UPI_Lending_App,462,bad
439,2023-02-09,Debit,Discretionary,503,bad
439,2023-03-02,Credit,Salary,2047,bad
439,2023-03-03,Debit,UPI_Lending_App,443,bad
439,2023-03-10,Debit,UPI_Lending_App,216,bad
439,2023-03-11,Debit,UPI_Lending_App,337,bad
439,2023-03-15,Debit,UPI_Lending_App,293,bad
439,2023-03-18,Debit,Discretionary,531,bad
439,2023-03-28,Debit,UPI_Lending_App,492,bad
439,2023-04-01,Credit,Salary,1851,bad
439,2023-04-06,Debit,UPI_Lending_App,105,bad
439,2023-04-07,Debit,UPI_Lending_App,127,bad
439,2023-04-09,Debit,Discretionary,458,bad
439,2023-04-17,Debit,UPI_Lending_App,463,bad
439,2023-04-18,Debit,UPI_Lending_App,215,bad
439,2023-04-23,Debit,UPI_Lending_App,266,bad
439,2023-05-06,Debit,UPI_Lending_App,276,bad
439,2023-05-06,Debit,UPI_Lending_App,72,bad
439,2023-05-07,Credit,Salary,2163,bad
439,2023-05-12,Debit,UPI_Lending_App,109,bad
439,2023-05-16,Debit,Discretionary,102,bad
439,2023-05-29,Debit,UPI_Lending_App,287,bad
439,2023-05-31,Credit,Salary,2012,bad
439,2023-06-10,Debit,UPI_Lending_App,194,bad
439,2023-06-14,Debit,UPI_Lending_App,189,bad
439,2023-06-18,Debit,Discretionary,53,bad
439,2023-06-25,Debit,UPI_Lending_App,117,bad
440,2023-01-01,Credit,Salary,1984,good
440,2023-01-11,Debit,Discretionary,531,good
440,2023-01-31,Credit,Salary,2118,good
440,2023-02-07,Debit,Discretionary,452,good
440,2023-02-24,Debit,UPI_Lending_App,252,good
440,2023-03-02,Credit,Salary,1922,good
440,2023-03-25,Debit,Discretionary,487,good
440,2023-04-01,Credit,Salary,2057,good
440,2023-04-06,Debit,Discretionary,545,good
440,2023-05-01,Credit,Salary,2064,good
440,2023-05-26,Debit,Discretionary,541,good
440,2023-05-31,Credit,Salary,1824,good
440,2023-06-15,Debit,Discretionary,484,good
441,2023-01-01,Credit,Salary,2186,good
441,2023-01-26,Debit,Discretionary,509,good
441,2023-01-31,Credit,Salary,2007,good
441,2023-02-11,Debit,Discretionary,479,good
441,2023-03-02,Credit,Salary,2176,good
441,2023-03-14,Debit,Discretionary,507,good
441,2023-04-01,Credit,Salary,1941,good
441,2023-04-20,Debit,Discretionary,539,good
441,2023-05-01,Credit,Salary,1862,good
441,2023-05-14,Debit,Discretionary,506,good
441,2023-05-31,Credit,Salary,2064,good
441,2023-06-16,Debit,Discretionary,515,good
442,2023-01-01,Credit,Salary,1942,good
442,2023-01-26,Debit,Discretionary,475,good
442,2023-01-31,Credit,Salary,2189,good
442,2023-02-08,Debit,Discretionary,473,good
442,2023-03-02,Credit,Salary,2137,good
442,2023-03-25,Debit,Discretionary,535,good
442,2023-04-01,Credit,Salary,1903,good
442,2023-04-19,Debit,Discretionary,535,good
442,2023-05-01,Credit,Salary,2190,good
442,2023-05-11,Debit,Discretionary,464,good
442,2023-05-31,Credit,Salary,1939,good
442,2023-06-07,Debit,Discretionary,484,good
443,2023-01-01,Credit,Salary,1868,bad
443,2023-01-04,Debit,UPI_Lending_App,393,bad
443,2023-01-10,Debit,UPI_Lending_App,500,bad
443,2023-01-14,Debit,UPI_Lending_App,461,bad
443,2023-01-19,Debit,UPI_Lending_App,332,bad
443,2023-01-25,Debit,Discretionary,475,bad
443,2023-01-31,Credit,Salary,1881,bad
443,2023-02-05,Debit,UPI_Lending_App,259,bad
443,2023-02-06,Debit,Discretionary,536,bad
443,2023-02-11,Debit,UPI_Lending_App,206,bad
443,2023-03-02,Credit,Salary,1996,bad
443,2023-03-14,Debit,UPI_Lending_App,192,bad
443,2023-03-21,Debit,UPI_Lending_App,386,bad
443,2023-03-24,Debit,Discretionary,461,bad
443,2023-04-01,Credit,Salary,1979,bad
443,2023-04-02,Debit,UPI_Lending_App,267,bad
443,2023-04-10,Debit,UPI_Lending_App,160,bad
443,2023-04-12,Debit,Discretionary,534,bad
443,2023-04-13,Debit,UPI_Lending_App,254,bad
443,2023-04-25,Debit,UPI_Lending_App,256,bad
443,2023-04-25,Debit,UPI_Lending_App,162,bad
443,2023-05-05,Credit,Salary,2053,bad
443,2023-05-10,Debit,Discretionary,142,bad
443,2023-05-16,Debit,UPI_Lending_App,114,bad
443,2023-05-31,Credit,Salary,2090,bad
443,2023-06-06,Debit,UPI_Lending_App,360,bad
443,2023-06-08,Debit,UPI_Lending_App,102,bad
443,2023-06-09,Debit,Discretionary,59,bad
444,2023-01-01,Credit,Salary,1909,bad
444,2023-01-04,Debit,UPI_Lending_App,333,bad
444,2023-01-16,Debit,UPI_Lending_App,500,bad
444,2023-01-22,Debit,Discretionary,541,bad
444,2023-01-31,Credit,Salary,1822,bad
444,2023-02-14,Debit,UPI_Lending_App,113,bad
444,2023-02-21,Debit,Discretionary,543,bad
444,2023-02-23,Debit,UPI_Lending_App,255,bad
444,2023-02-28,Debit,UPI_Lending_App,321,bad
444,2023-03-02,Credit,Salary,1851,bad
444,2023-03-15,Debit,Discretionary,521,bad
444,2023-03-21,Debit,UPI_Lending_App,59,bad
444,2023-03-28,Debit,UPI_Lending_App,82,bad
444,2023-04-01,Credit,Salary,1861,bad
444,2023-04-14,Debit,Discretionary,477,bad
444,2023-04-22,Debit,UPI_Lending_App,316,bad
444,2023-05-04,Credit,Salary,1840,bad
444,2023-05-06,Debit,UPI_Lending_App,57,bad
444,2023-05-09,Debit,Discretionary,131,bad
444,2023-05-23,Debit,UPI_Lending_App,155,bad
444,2023-06-07,Credit,Salary,1894,bad
444,2023-06-09,Debit,UPI_Lending_App,220,bad
444,2023-06-10,Debit,UPI_Lending_App,127,bad
444,2023-06-15,Debit,Discretionary,137,bad
445,2023-01-01,Credit,Salary,1809,good
445,2023-01-17,Debit,Discretionary,477,good
445,2023-01-31,Credit,Salary,2169,good
445,2023-02-25,Debit,Discretionary,486,good
445,2023-03-02,Credit,Salary,1893,good
445,2023-03-17,Debit,Discretionary,472,good
445,2023-04-01,Credit,Salary,1896,good
445,2023-04-10,Debit,Discretionary,479,good
445,2023-05-01,Credit,Salary,2171,good
445,2023-05-10,Debit,Discretionary,476,good
445,2023-05-31,Credit,Salary,2107,good
445,2023-06-13,Debit,Discretionary,534,good
446,2023-01-01,Credit,Salary,1847,bad
446,2023-01-07,Debit,Discretionary,536,bad
446,2023-01-12,Debit,UPI_Lending_App,394,bad
446,2023-01-26,Debit,UPI_Lending_App,194,bad
446,2023-01-29,Debit,UPI_Lending_App,126,bad
446,2023-01-31,Credit,Salary,2008,bad
446,2023-02-14,Debit,UPI_Lending_App,175,bad
446,2023-02-16,Debit,UPI_Lending_App,369,bad
446,2023-02-19,Debit,Discretionary,470,bad
446,2023-02-22,Debit,UPI_Lending_App,293,bad
446,2023-03-02,Credit,Salary,2147,bad
446,2023-03-11,Debit,Discretionary,516,bad
446,2023-03-15,Debit,UPI_Lending_App,96,bad
446,2023-03-15,Debit,UPI_Lending_App,155,bad
446,2023-03-16,Debit,UPI_Lending_App,209,bad
446,2023-03-18,Debit,UPI_Lending_App,303,bad
446,2023-03-24,Debit,UPI_Lending_App,103,bad
446,2023-04-01,Credit,Salary,1812,bad
446,2023-04-06,Debit,Discretionary,452,bad
446,2023-04-11,Debit,UPI_Lending_App,384,bad
446,2023-04-13,Debit,UPI_Lending_App,392,bad
446,2023-04-17,Debit,UPI_Lending_App,182,bad
446,2023-04-18,Debit,UPI_Lending_App,132,bad
446,2023-04-26,Debit,UPI_Lending_App,369,bad
446,2023-05-07,Credit,Salary,2018,bad
446,2023-05-08,Debit,UPI_Lending_App,476,bad
446,2023-05-14,Debit,Discretionary,133,bad
446,2023-05-22,Debit,UPI_Lending_App,51,bad
446,2023-05-26,Debit,UPI_Lending_App,58,bad
446,2023-06-06,Credit,Salary,2005,bad
446,2023-06-07,Debit,Discretionary,59,bad
446,2023-06-15,Debit,UPI_Lending_App,333,bad
446,2023-06-19,Debit,UPI_Lending_App,115,bad
446,2023-06-23,Debit,UPI_Lending_App,122,bad
447,2023-01-01,Credit,Salary,1908,good
447,2023-01-12,Debit,Discretionary,502,good
447,2023-01-31,Credit,Salary,2153,good
447,2023-02-11,Debit,Discretionary,513,good
447,2023-03-02,Credit,Salary,2136,good
447,2023-03-19,Debit,Discretionary,536,good
447,2023-04-01,Credit,Salary,1917,good
447,2023-04-07,Debit,Discretionary,532,good
447,2023-05-01,Credit,Salary,1937,good
447,2023-05-10,Debit,UPI_Lending_App,324,good
447,2023-05-16,Debit,Discretionary,519,good
447,2023-05-31,Credit,Salary,2117,good
447,2023-06-18,Debit,Discretionary,547,good
448,2023-01-01,Credit,Salary,1988,good
448,2023-01-06,Debit,Discretionary,495,good
448,2023-01-31,Credit,Salary,1889,good
448,2023-02-25,Debit,Discretionary,503,good
448,2023-03-02,Credit,Salary,1966,good
448,2023-03-14,Debit,Discretionary,523,good
448,2023-03-22,Debit,UPI_Lending_App,338,good
448,2023-04-01,Credit,Salary,2049,good
448,2023-04-25,Debit,Discretionary,500,good
448,2023-05-01,Credit,Salary,2065,good
448,2023-05-06,Debit,Discretionary,510,good
448,2023-05-31,Credit,Salary,1989,good
448,2023-06-05,Debit,Discretionary,509,good
449,2023-01-01,Credit,Salary,1906,bad
449,2023-01-06,Debit,UPI_Lending_App,474,bad
449,2023-01-22,Debit,Discretionary,486,bad
449,2023-01-31,Credit,Salary,1976,bad
449,2023-02-06,Debit,UPI_Lending_App,457,bad
449,2023-02-07,Debit,Discretionary,512,bad
449,2023-02-16,Debit,UPI_Lending_App,143,bad
449,2023-02-19,Debit,UPI_Lending_App,360,bad
449,2023-02-21,Debit,UPI_Lending_App,363,bad
449,2023-02-23,Debit,UPI_Lending_App,87,bad
449,2023-03-02,Credit,Salary,2103,bad
449,2023-03-05,Debit,UPI_Lending_App,128,bad
449,2023-03-09,Debit,Discretionary,451,bad
449,2023-03-20,Debit,UPI_Lending_App,317,bad
449,2023-03-23,Debit,UPI_Lending_App,374,bad
449,2023-04-01,Credit,Salary,1883,bad
449,2023-04-07,Debit,Discretionary,462,bad
449,2023-04-13,Debit,UPI_Lending_App,210,bad
449,2023-05-01,Credit,Salary,2039,bad
449,2023-05-08,Debit,UPI_Lending_App,484,bad
449,2023-05-08,Debit,Discretionary,93,bad
449,2023-05-14,Debit,UPI_Lending_App,494,bad
449,2023-05-21,Debit,UPI_Lending_App,249,bad
449,2023-05-23,Debit,UPI_Lending_App,70,bad
449,2023-05-26,Debit,UPI_Lending_App,341,bad
449,2023-06-02,Debit,UPI_Lending_App,368,bad
449,2023-06-07,Credit,Salary,1971,bad
449,2023-06-07,Debit,UPI_Lending_App,429,bad
449,2023-06-14,Debit,UPI_Lending_App,351,bad
449,2023-06-15,Debit,UPI_Lending_App,110,bad
449,2023-06-19,Debit,Discretionary,120,bad
449,2023-06-20,Debit,UPI_Lending_App,420,bad
450,2023-01-01,Credit,Salary,2152,good
450,2023-01-07,Debit,Discretionary,501,good
450,2023-01-31,Credit,Salary,2051,good
450,2023-02-07,Debit,Discretionary,495,good
450,2023-03-02,Credit,Salary,2129,good
450,2023-03-14,Debit,Discretionary,454,good
450,2023-04-01,Credit,Salary,2152,good
450,2023-04-22,Debit,Discretionary,518,good
450,2023-05-01,Credit,Salary,1960,good
450,2023-05-12,Debit,UPI_Lending_App,281,good
450,2023-05-26,Debit,Discretionary,498,good
450,2023-05-31,Credit,Salary,1954,good
450,2023-06-07,Debit,Discretionary,549,good
451,2023-01-01,Credit,Salary,1874,good
451,2023-01-21,Debit,Discretionary,495,good
451,2023-01-31,Credit,Salary,2040,good
451,2023-02-08,Debit,Discretionary,489,good
451,2023-03-02,Credit,Salary,2156,good
451,2023-03-09,Debit,Discretionary,490,good
451,2023-04-01,Credit,Salary,1922,good
451,2023-04-20,Debit,Discretionary,525,good
451,2023-05-01,Credit,Salary,2056,good
451,2023-05-06,Debit,UPI_Lending_App,322,good
451,2023-05-12,Debit,Discretionary,544,good
451,2023-05-31,Credit,Salary,1862,good
451,2023-06-19,Debit,Discretionary,527,good
452,2023-01-01,Credit,Salary,2162,good
452,2023-01-17,Debit,Discretionary,481,good
452,2023-01-31,Credit,Salary,2001,good
452,2023-02-11,Debit,Discretionary,542,good
452,2023-03-02,Credit,Salary,2114,good
452,2023-03-20,Debit,Discretionary,478,good
452,2023-04-01,Credit,Salary,2054,good
452,2023-04-23,Debit,Discretionary,465,good
452,2023-05-01,Credit,Salary,1898,good
452,2023-05-22,Debit,Discretionary,477,good
452,2023-05-31,Credit,Salary,2151,good
452,2023-06-09,Debit,Discretionary,535,good
453,2023-01-01,Credit,Salary,2170,good
453,2023-01-25,Debit,Discretionary,541,good
453,2023-01-31,Credit,Salary,1844,good
453,2023-02-10,Debit,Discretionary,450,good
453,2023-03-02,Credit,Salary,2038,good
453,2023-03-23,Debit,Discretionary,511,good
453,2023-04-01,Credit,Salary,2007,good
453,2023-04-07,Debit,Discretionary,526,good
453,2023-05-01,Credit,Salary,2114,good
453,2023-05-17,Debit,Discretionary,510,good
453,2023-05-31,Credit,Salary,1878,good
453,2023-06-22,Debit,Discretionary,539,good
454,2023-01-01,Credit,Salary,2013,bad
454,2023-01-04,Debit,UPI_Lending_App,296,bad
454,2023-01-12,Debit,UPI_Lending_App,244,bad
454,2023-01-24,Debit,Discretionary,540,bad
454,2023-01-27,Debit,UPI_Lending_App,423,bad
454,2023-01-31,Credit,Salary,1874,bad
454,2023-02-06,Debit,UPI_Lending_App,384,bad
454,2023-02-07,Debit,UPI_Lending_App,463,bad
454,2023-02-10,Debit,UPI_Lending_App,120,bad
454,2023-02-24,Debit,Discretionary,545,bad
454,2023-03-02,Credit,Salary,2146,bad
454,2023-03-13,Debit,UPI_Lending_App,346,bad
454,2023-03-16,Debit,Discretionary,465,bad
454,2023-03-25,Debit,UPI_Lending_App,452,bad
454,2023-04-01,Credit,Salary,2142,bad
454,2023-04-15,Debit,Discretionary,521,bad
454,2023-04-25,Debit,UPI_Lending_App,144,bad
454,2023-04-25,Debit,UPI_Lending_App,56,bad
454,2023-05-01,Credit,Salary,1926,bad
454,2023-05-10,Debit,UPI_Lending_App,332,bad
454,2023-05-14,Debit,UPI_Lending_App,286,bad
454,2023-05-14,Debit,UPI_Lending_App,479,bad
454,2023-05-24,Debit,Discretionary,59,bad
454,2023-05-26,Debit,UPI_Lending_App,148,bad
454,2023-05-27,Debit,UPI_Lending_App,500,bad
454,2023-05-31,Credit,Salary,1832,bad
454,2023-06-07,Debit,Discretionary,71,bad
454,2023-06-09,Debit,UPI_Lending_App,288,bad
454,2023-06-11,Debit,UPI_Lending_App,219,bad
454,2023-06-16,Debit,UPI_Lending_App,299,bad
454,2023-06-17,Debit,UPI_Lending_App,118,bad
454,2023-06-23,Debit,UPI_Lending_App,412,bad
455,2023-01-01,Credit,Salary,2002,good
455,2023-01-08,Debit,Discretionary,457,good
455,2023-01-31,Credit,Salary,1969,good
455,2023-02-09,Debit,Discretionary,522,good
455,2023-03-02,Credit,Salary,2002,good
455,2023-03-08,Debit,Discretionary,532,good
455,2023-04-01,Credit,Salary,1960,good
455,2023-04-18,Debit,Discretionary,474,good
455,2023-04-29,Debit,UPI_Lending_App,56,good
455,2023-05-01,Credit,Salary,2066,good
455,2023-05-12,Debit,UPI_Lending_App,436,good
455,2023-05-16,Debit,Discretionary,520,good
455,2023-05-31,Credit,Salary,2120,good
455,2023-06-10,Debit,Discretionary,451,good
456,2023-01-01,Credit,Salary,2115,good
456,2023-01-06,Debit,UPI_Lending_App,257,good
456,2023-01-13,Debit,Discretionary,527,good
456,2023-01-31,Credit,Salary,1846,good
456,2023-02-05,Debit,Discretionary,462,good
456,2023-03-02,Credit,Salary,1946,good
456,2023-03-27,Debit,Discretionary,513,good
456,2023-04-01,Credit,Salary,2131,good
456,2023-04-10,Debit,Discretionary,536,good
456,2023-05-01,Credit,Salary,1985,good
456,2023-05-21,Debit,Discretionary,463,good
456,2023-05-31,Credit,Salary,1868,good
456,2023-06-16,Debit,Discretionary,479,good
457,2023-01-01,Credit,Salary,1890,bad
457,2023-01-11,Debit,Discretionary,542,bad
457,2023-01-24,Debit,UPI_Lending_App,244,bad
457,2023-01-26,Debit,UPI_Lending_App,361,bad
457,2023-01-31,Credit,Salary,1816,bad
457,2023-02-03,Debit,UPI_Lending_App,83,bad
457,2023-02-16,Debit,Discretionary,511,bad
457,2023-02-17,Debit,UPI_Lending_App,216,bad
457,2023-02-22,Debit,UPI_Lending_App,470,bad
457,2023-02-24,Debit,UPI_Lending_App,131,bad
457,2023-03-02,Credit,Salary,2169,bad
457,2023-03-08,Debit,UPI_Lending_App,464,bad
457,2023-03-13,Debit,UPI_Lending_App,140,bad
457,2023-03-17,Debit,Discretionary,479,bad
457,2023-04-01,Credit,Salary,1881,bad
457,2023-04-05,Debit,UPI_Lending_App,321,bad
457,2023-04-10,Debit,Discretionary,482,bad
457,2023-04-17,Debit,UPI_Lending_App,147,bad
457,2023-04-22,Debit,UPI_Lending_App,304,bad
457,2023-04-27,Debit,UPI_Lending_App,371,bad
457,2023-05-01,Credit,Salary,1835,bad
457,2023-05-02,Debit,UPI_Lending_App,213,bad
457,2023-05-02,Debit,UPI_Lending_App,64,bad
457,2023-05-05,Debit,UPI_Lending_App,383,bad
457,2023-05-15,Debit,Discretionary,116,bad
457,2023-05-19,Debit,UPI_Lending_App,387,bad
457,2023-05-21,Debit,UPI_Lending_App,158,bad
457,2023-06-03,Debit,UPI_Lending_App,157,bad
457,2023-06-04,Credit,Salary,2159,bad
457,2023-06-16,Debit,UPI_Lending_App,343,bad
457,2023-06-25,Debit,Discretionary,57,bad
458,2023-01-01,Credit,Salary,1970,good
458,2023-01-06,Debit,Discretionary,482,good
458,2023-01-31,Credit,Salary,2122,good
458,2023-02-06,Debit,Discretionary,454,good
458,2023-03-02,Credit,Salary,2159,good
458,2023-03-09,Debit,Discretionary,458,good
458,2023-04-01,Credit,Salary,1992,good
458,2023-04-25,Debit,Discretionary,537,good
458,2023-05-01,Credit,Salary,1978,good
458,2023-05-25,Debit,Discretionary,451,good
458,2023-05-31,Credit,Salary,1869,good
458,2023-06-10,Debit,Discretionary,545,good
459,2023-01-01,Credit,Salary,1889,good
459,2023-01-11,Debit,Discretionary,514,good
459,2023-01-31,Credit,Salary,2062,good
459,2023-02-21,Debit,Discretionary,550,good
459,2023-03-02,Credit,Salary,1944,good
459,2023-03-26,Debit,Discretionary,458,good
459,2023-04-01,Credit,Salary,1920,good
459,2023-04-09,Debit,Discretionary,516,good
459,2023-05-01,Credit,Salary,1951,good
459,2023-05-21,Debit,Discretionary,510,good
459,2023-05-31,Credit,Salary,1813,good
459,2023-06-24,Debit,Discretionary,482,good
460,2023-01-01,Credit,Salary,2103,good
460,2023-01-21,Debit,Discretionary,491,good
460,2023-01-31,Credit,Salary,1822,good
460,2023-02-15,Debit,Discretionary,519,good
460,2023-03-02,Credit,Salary,1930,good
460,2023-03-18,Debit,Discretionary,496,good
460,2023-04-01,Credit,Salary,2183,good
460,2023-04-16,Debit,Discretionary,510,good
460,2023-05-01,Credit,Salary,2190,good
460,2023-05-25,Debit,Discretionary,452,good
460,2023-05-31,Credit,Salary,2094,good
460,2023-06-24,Debit,Discretionary,540,good
461,2023-01-01,Credit,Salary,2175,good
461,2023-01-23,Debit,UPI_Lending_App,187,good
461,2023-01-24,Debit,Discretionary,517,good
461,2023-01-31,Credit,Salary,2120,good
461,2023-02-05,Debit,Discretionary,544,good
461,2023-03-02,Credit,Salary,1849,good
461,2023-03-27,Debit,Discretionary,505,good
461,2023-04-01,Credit,Salary,2179,good
461,2023-04-15,Debit,Discretionary,462,good
461,2023-05-01,Credit,Salary,2119,good
461,2023-05-19,Debit,Discretionary,474,good
461,2023-05-20,Debit,UPI_Lending_App,492,good
461,2023-05-31,Credit,Salary,1983,good
461,2023-06-01,Debit,UPI_Lending_App,394,good
461,2023-06-20,Debit,Discretionary,508,good
462,2023-01-01,Credit,Salary,2124,good
462,2023-01-24,Debit,Discretionary,549,good
462,2023-01-31,Credit,Salary,2120,good
462,2023-02-06,Debit,Discretionary,550,good
462,2023-03-02,Credit,Salary,1873,good
462,2023-03-07,Debit,Discretionary,459,good
462,2023-04-01,Credit,Salary,2176,good
462,2023-04-20,Debit,Discretionary,479,good
462,2023-05-01,Credit,Salary,2008,good
462,2023-05-13,Debit,Discretionary,497,good
462,2023-05-31,Credit,Salary,2106,good
462,2023-06-22,Debit,Discretionary,501,good
463,2023-01-01,Credit,Salary,1857,good
463,2023-01-19,Debit,Discretionary,525,good
463,2023-01-31,Credit,Salary,2185,good
463,2023-02-07,Debit,Discretionary,543,good
463,2023-03-02,Credit,Salary,2128,good
463,2023-03-27,Debit,Discretionary,461,good
463,2023-04-01,Credit,Salary,1816,good
463,2023-04-19,Debit,Discretionary,549,good
463,2023-05-01,Credit,Salary,2126,good
463,2023-05-26,Debit,Discretionary,538,good
463,2023-05-31,Credit,Salary,1967,good
463,2023-06-13,Debit,Discretionary,473,good
464,2023-01-01,Credit,Salary,2021,good
464,2023-01-22,Debit,Discretionary,513,good
464,2023-01-31,Credit,Salary,2002,good
464,2023-02-25,Debit,Discretionary,463,good
464,2023-03-02,Credit,Salary,2026,good
464,2023-03-15,Debit,Discretionary,477,good
464,2023-04-01,Credit,Salary,2186,good
464,2023-04-15,Debit,Discretionary,533,good
464,2023-05-01,Credit,Salary,2198,good
464,2023-05-13,Debit,Discretionary,527,good
464,2023-05-31,Credit,Salary,1846,good
464,2023-06-20,Debit,Discretionary,545,good
465,2023-01-01,Credit,Salary,1989,good
465,2023-01-17,Debit,Discretionary,518,good
465,2023-01-31,Credit,Salary,2193,good
465,2023-02-08,Debit,Discretionary,490,good
465,2023-03-02,Credit,Salary,1919,good
465,2023-03-09,Debit,Discretionary,455,good
465,2023-03-11,Debit,UPI_Lending_App,423,good
465,2023-04-01,Credit,Salary,1963,good
465,2023-04-22,Debit,Discretionary,477,good
465,2023-05-01,Credit,Salary,1854,good
465,2023-05-13,Debit,Discretionary,550,good
465,2023-05-23,Debit,UPI_Lending_App,321,good
465,2023-05-31,Credit,Salary,1844,good
465,2023-06-08,Debit,Discretionary,511,good
466,2023-01-01,Credit,Salary,2135,bad
466,2023-01-09,Debit,Discretionary,536,bad
466,2023-01-13,Debit,UPI_Lending_App,424,bad
466,2023-01-15,Debit,UPI_Lending_App,420,bad
466,2023-01-16,Debit,UPI_Lending_App,95,bad
466,2023-01-18,Debit,UPI_Lending_App,178,bad
466,2023-01-29,Debit,UPI_Lending_App,408,bad
466,2023-01-31,Credit,Salary,1818,bad
466,2023-02-07,Debit,Discretionary,457,bad
466,2023-02-17,Debit,UPI_Lending_App,342,bad
466,2023-03-02,Credit,Salary,1939,bad
466,2023-03-06,Debit,UPI_Lending_App,183,bad
466,2023-03-11,Debit,UPI_Lending_App,164,bad
466,2023-03-22,Debit,UPI_Lending_App,195,bad
466,2023-03-22,Debit,Discretionary,494,bad
466,2023-04-01,Credit,Salary,1946,bad
466,2023-04-23,Debit,UPI_Lending_App,458,bad
466,2023-04-23,Debit,Discretionary,529,bad
466,2023-05-01,Credit,Salary,2036,bad
466,2023-05-12,Debit,Discretionary,59,bad
466,2023-05-19,Debit,UPI_Lending_App,205,bad
466,2023-05-24,Debit,UPI_Lending_App,335,bad
466,2023-06-03,Credit,Salary,2113,bad
466,2023-06-06,Debit,UPI_Lending_App,111,bad
466,2023-06-16,Debit,Discretionary,122,bad
466,2023-06-22,Debit,UPI_Lending_App,256,bad
467,2023-01-01,Credit,Salary,2153,good
467,2023-01-14,Debit,Discretionary,548,good
467,2023-01-31,Credit,Salary,1868,good
467,2023-02-08,Debit,UPI_Lending_App,275,good
467,2023-02-10,Debit,Discretionary,545,good
467,2023-03-02,Credit,Salary,1832,good
467,2023-03-16,Debit,Discretionary,527,good
467,2023-04-01,Credit,Salary,1997,good
467,2023-04-20,Debit,Discretionary,461,good
467,2023-05-01,Credit,Salary,2034,good
467,2023-05-10,Debit,Discretionary,481,good
467,2023-05-21,Debit,UPI_Lending_App,58,good
467,2023-05-31,Credit,Salary,1881,good
467,2023-06-09,Debit,Discretionary,533,good
468,2023-01-01,Credit,Salary,2011,good
468,2023-01-13,Debit,Discretionary,521,good
468,2023-01-31,Credit,Salary,2071,good
468,2023-02-05,Debit,Discretionary,514,good
468,2023-02-08,Debit,UPI_Lending_App,306,good
468,2023-03-02,Credit,Salary,1916,good
468,2023-03-23,Debit,Discretionary,487,good
468,2023-04-01,Credit,Salary,2144,good
468,2023-04-09,Debit,Discretionary,489,good
468,2023-05-01,Credit,Salary,2044,good
468,2023-05-08,Debit,Discretionary,527,good
468,2023-05-31,Credit,Salary,1833,good
468,2023-06-25,Debit,Discretionary,494,good
469,2023-01-01,Credit,Salary,2057,good
469,2023-01-07,Debit,Discretionary,451,good
469,2023-01-31,Credit,Salary,2003,good
469,2023-02-22,Debit,Discretionary,514,good
469,2023-03-02,Credit,Salary,1875,good
469,2023-03-24,Debit,Discretionary,549,good
469,2023-04-01,Credit,Salary,1929,good
469,2023-04-23,Debit,Discretionary,470,good
469,2023-05-01,Credit,Salary,1965,good
469,2023-05-08,Debit,Discretionary,548,good
469,2023-05-31,Credit,Salary,1970,good
469,2023-06-09,Debit,Discretionary,463,good
469,2023-06-10,Debit,UPI_Lending_App,359,good
470,2023-01-01,Credit,Salary,1982,bad
470,2023-01-19,Debit,Discretionary,489,bad
470,2023-01-27,Debit,UPI_Lending_App,101,bad
470,2023-01-31,Credit,Salary,2145,bad
470,2023-02-11,Debit,Discretionary,527,bad
470,2023-02-18,Debit,UPI_Lending_App,293,bad
470,2023-02-21,Debit,UPI_Lending_App,252,bad
470,2023-03-02,Credit,Salary,1951,bad
470,2023-03-05,Debit,UPI_Lending_App,200,bad
470,2023-03-08,Debit,UPI_Lending_App,389,bad
470,2023-03-15,Debit,UPI_Lending_App,363,bad
470,2023-03-21,Debit,UPI_Lending_App,91,bad
470,2023-03-25,Debit,UPI_Lending_App,235,bad
470,2023-03-27,Debit,Discretionary,537,bad
470,2023-04-01,Credit,Salary,2185,bad
470,2023-04-04,Debit,UPI_Lending_App,70,bad
470,2023-04-09,Debit,UPI_Lending_App,173,bad
470,2023-04-10,Debit,UPI_Lending_App,466,bad
470,2023-04-16,Debit,Discretionary,502,bad
470,2023-04-17,Debit,UPI_Lending_App,425,bad
470,2023-04-20,Debit,UPI_Lending_App,495,bad
470,2023-05-01,Credit,Salary,1807,bad
470,2023-05-09,Debit,Discretionary,82,bad
470,2023-05-24,Debit,UPI_Lending_App,263,bad
470,2023-05-31,Credit,Salary,1891,bad
470,2023-06-09,Debit,UPI_Lending_App,362,bad
470,2023-06-10,Debit,Discretionary,78,bad
470,2023-06-12,Debit,UPI_Lending_App,409,bad
470,2023-06-24,Debit,UPI_Lending_App,67,bad
471,2023-01-01,Credit,Salary,1956,bad
471,2023-01-06,Debit,UPI_Lending_App,98,bad
471,2023-01-12,Debit,Discretionary,538,bad
471,2023-01-19,Debit,UPI_Lending_App,238,bad
471,2023-01-19,Debit,UPI_Lending_App,164,bad
471,2023-01-24,Debit,UPI_Lending_App,495,bad
471,2023-01-31,Credit,Salary,2011,bad
471,2023-02-07,Debit,UPI_Lending_App,291,bad
471,2023-02-07,Debit,UPI_Lending_App,354,bad
471,2023-02-14,Debit,UPI_Lending_App,186,bad
471,2023-02-15,Debit,UPI_Lending_App,265,bad
471,2023-02-17,Debit,Discretionary,540,bad
471,2023-02-26,Debit,UPI_Lending_App,222,bad
471,2023-03-02,Credit,Salary,2083,bad
471,2023-03-05,Debit,UPI_Lending_App,325,bad
471,2023-03-11,Debit,UPI_Lending_App,180,bad
471,2023-03-13,Debit,Discretionary,458,bad
471,2023-04-01,Credit,Salary,1848,bad
471,2023-04-16,Debit,Discretionary,490,bad
471,2023-04-19,Debit,UPI_Lending_App,405,bad
471,2023-04-28,Debit,UPI_Lending_App,290,bad
471,2023-05-01,Credit,Salary,2063,bad
471,2023-05-04,Debit,UPI_Lending_App,451,bad
471,2023-05-09,Debit,UPI_Lending_App,455,bad
471,2023-05-10,Debit,UPI_Lending_App,380,bad
471,2023-05-11,Debit,Discretionary,97,bad
471,2023-05-19,Debit,UPI_Lending_App,67,bad
471,2023-05-22,Debit,UPI_Lending_App,413,bad
471,2023-06-03,Credit,Salary,2192,bad
471,2023-06-06,Debit,Discretionary,51,bad
471,2023-06-18,Debit,UPI_Lending_App,183,bad
472,2023-01-01,Credit,Salary,1902,bad
472,2023-01-07,Debit,Discretionary,541,bad
472,2023-01-11,Debit,UPI_Lending_App,441,bad
472,2023-01-31,Credit,Salary,1910,bad
472,2023-02-04,Debit,UPI_Lending_App,445,bad
472,2023-02-09,Debit,UPI_Lending_App,315,bad
472,2023-02-14,Debit,UPI_Lending_App,362,bad
472,2023-02-17,Debit,Discretionary,539,bad
472,2023-02-20,Debit,UPI_Lending_App,117,bad
472,2023-02-21,Debit,UPI_Lending_App,412,bad
472,2023-03-02,Credit,Salary,2176,bad
472,2023-03-10,Debit,UPI_Lending_App,186,bad
472,2023-03-22,Debit,Discretionary,491,bad
472,2023-03-29,Debit,UPI_Lending_App,101,bad
472,2023-04-01,Credit,Salary,1988,bad
472,2023-04-14,Debit,UPI_Lending_App,432,bad
472,2023-04-14,Debit,UPI_Lending_App,209,bad
472,2023-04-17,Debit,UPI_Lending_App,344,bad
472,2023-04-20,Debit,UPI_Lending_App,392,bad
472,2023-04-23,Debit,UPI_Lending_App,258,bad
472,2023-04-23,Debit,Discretionary,496,bad
472,2023-05-02,Debit,UPI_Lending_App,326,bad
472,2023-05-07,Credit,Salary,2122,bad
472,2023-05-16,Debit,Discretionary,126,bad
472,2023-05-31,Credit,Salary,1989,bad
472,2023-06-04,Debit,UPI_Lending_App,119,bad
472,2023-06-16,Debit,Discretionary,148,bad
472,2023-06-21,Debit,UPI_Lending_App,89,bad
473,2023-01-01,Credit,Salary,1890,good
473,2023-01-18,Debit,Discretionary,467,good
473,2023-01-31,Credit,Salary,2062,good
473,2023-02-07,Debit,Discretionary,488,good
473,2023-03-02,Credit,Salary,1845,good
473,2023-03-27,Debit,Discretionary,489,good
473,2023-04-01,Credit,Salary,1831,good
473,2023-04-06,Debit,Discretionary,485,good
473,2023-05-01,Credit,Salary,2075,good
473,2023-05-24,Debit,Discretionary,496,good
473,2023-05-31,Credit,Salary,2178,good
473,2023-06-08,Debit,Discretionary,487,good
474,2023-01-01,Credit,Salary,1910,bad
474,2023-01-03,Debit,UPI_Lending_App,212,bad
474,2023-01-14,Debit,UPI_Lending_App,315,bad
474,2023-01-24,Debit,Discretionary,503,bad
474,2023-01-31,Credit,Salary,1800,bad
474,2023-02-07,Debit,UPI_Lending_App,487,bad
474,2023-02-09,Debit,Discretionary,531,bad
474,2023-02-22,Debit,UPI_Lending_App,411,bad
474,2023-03-02,Credit,Salary,2133,bad
474,2023-03-06,Debit,UPI_Lending_App,152,bad
474,2023-03-06,Debit,UPI_Lending_App,118,bad
474,2023-03-06,Debit,UPI_Lending_App,92,bad
474,2023-03-19,Debit,Discretionary,479,bad
474,2023-03-24,Debit,UPI_Lending_App,383,bad
474,2023-03-24,Debit,UPI_Lending_App,405,bad
474,2023-04-01,Credit,Salary,2124,bad
474,2023-04-21,Debit,Discretionary,508,bad
474,2023-04-23,Debit,UPI_Lending_App,281,bad
474,2023-05-01,Credit,Salary,1932,bad
474,2023-05-05,Debit,UPI_Lending_App,305,bad
474,2023-05-07,Debit,UPI_Lending_App,100,bad
474,2023-05-12,Debit,UPI_Lending_App,81,bad
474,2023-05-13,Debit,UPI_Lending_App,439,bad
474,2023-05-14,Debit,UPI_Lending_App,347,bad
474,2023-05-24,Debit,Discretionary,67,bad
474,2023-06-02,Debit,UPI_Lending_App,430,bad
474,2023-06-03,Debit,UPI_Lending_App,133,bad
474,2023-06-05,Credit,Salary,1999,bad
474,2023-06-05,Debit,UPI_Lending_App,441,bad
474,2023-06-05,Debit,UPI_Lending_App,300,bad
474,2023-06-07,Debit,Discretionary,149,bad
474,2023-06-20,Debit,UPI_Lending_App,482,bad
475,2023-01-01,Credit,Salary,2010,bad
475,2023-01-04,Debit,UPI_Lending_App,85,bad
475,2023-01-15,Debit,Discretionary,489,bad
475,2023-01-24,Debit,UPI_Lending_App,256,bad
475,2023-01-24,Debit,UPI_Lending_App,464,bad
475,2023-01-31,Credit,Salary,2024,bad
475,2023-02-09,Debit,UPI_Lending_App,494,bad
475,2023-02-10,Debit,UPI_Lending_App,149,bad
475,2023-02-18,Debit,UPI_Lending_App,451,bad
475,2023-02-23,Debit,UPI_Lending_App,313,bad
475,2023-02-25,Debit,Discretionary,456,bad
475,2023-03-02,Credit,Salary,2151,bad
475,2023-03-05,Debit,UPI_Lending_App,168,bad
475,2023-03-10,Debit,Discretionary,511,bad
475,2023-03-13,Debit,UPI_Lending_App,404,bad
475,2023-03-15,Debit,UPI_Lending_App,320,bad
475,2023-03-18,Debit,UPI_Lending_App,202,bad
475,2023-03-21,Debit,UPI_Lending_App,432,bad
475,2023-04-01,Credit,Salary,2054,bad
475,2023-04-04,Debit,UPI_Lending_App,59,bad
475,2023-04-17,Debit,Discretionary,506,bad
475,2023-04-20,Debit,UPI_Lending_App,296,bad
475,2023-04-26,Debit,UPI_Lending_App,487,bad
475,2023-05-05,Debit,UPI_Lending_App,249,bad
475,2023-05-06,Credit,Salary,1840,bad
475,2023-05-06,Debit,UPI_Lending_App,464,bad
475,2023-05-17,Debit,Discretionary,103,bad
475,2023-05-21,Debit,UPI_Lending_App,332,bad
475,2023-06-05,Credit,Salary,2163,bad
475,2023-06-13,Debit,Discretionary,103,bad
475,2023-06-18,Debit,UPI_Lending_App,159,bad
476,2023-01-01,Credit,Salary,2198,good
476,2023-01-22,Debit,Discretionary,525,good
476,2023-01-31,Credit,Salary,1902,good
476,2023-02-23,Debit,Discretionary,501,good
476,2023-03-02,Credit,Salary,2071,good
476,2023-03-16,Debit,Discretionary,470,good
476,2023-04-01,Credit,Salary,1827,good
476,2023-04-17,Debit,Discretionary,492,good
476,2023-05-01,Credit,Salary,1951,good
476,2023-05-13,Debit,Discretionary,530,good
476,2023-05-31,Credit,Salary,1828,good
476,2023-06-12,Debit,Discretionary,541,good
477,2023-01-01,Credit,Salary,2042,good
477,2023-01-09,Debit,UPI_Lending_App,51,good
477,2023-01-14,Debit,Discretionary,478,good
477,2023-01-31,Credit,Salary,2072,good
477,2023-02-07,Debit,Discretionary,487,good
477,2023-03-02,Credit,Salary,1976,good
477,2023-03-15,Debit,Discretionary,459,good
477,2023-04-01,Credit,Salary,1808,good
477,2023-04-08,Debit,Discretionary,479,good
477,2023-05-01,Credit,Salary,2072,good
477,2023-05-07,Debit,UPI_Lending_App,273,good
477,2023-05-07,Debit,Discretionary,496,good
477,2023-05-31,Credit,Salary,1959,good
477,2023-06-15,Debit,Discretionary,493,good
478,2023-01-01,Credit,Salary,2170,good
478,2023-01-20,Debit,Discretionary,496,good
478,2023-01-31,Credit,Salary,2001,good
478,2023-02-14,Debit,Discretionary,533,good
478,2023-03-02,Credit,Salary,2117,good
478,2023-03-20,Debit,Discretionary,538,good
478,2023-04-01,Credit,Salary,1861,good
478,2023-04-10,Debit,Discretionary,477,good
478,2023-05-01,Credit,Salary,1828,good
478,2023-05-11,Debit,Discretionary,473,good
478,2023-05-31,Credit,Salary,2176,good
478,2023-06-07,Debit,Discretionary,516,good
479,2023-01-01,Credit,Salary,1941,good
479,2023-01-19,Debit,Discretionary,467,good
479,2023-01-31,Credit,Salary,2168,good
479,2023-02-24,Debit,Discretionary,464,good
479,2023-03-02,Credit,Salary,2172,good
479,2023-03-25,Debit,Discretionary,546,good
479,2023-04-01,Credit,Salary,2152,good
479,2023-04-25,Debit,Discretionary,450,good
479,2023-05-01,Credit,Salary,2154,good
479,2023-05-18,Debit,Discretionary,450,good
479,2023-05-31,Credit,Salary,1897,good
479,2023-06-08,Debit,UPI_Lending_App,265,good
479,2023-06-18,Debit,Discretionary,450,good
480,2023-01-01,Credit,Salary,1999,good
480,2023-01-10,Debit,Discretionary,542,good
480,2023-01-31,Credit,Salary,2041,good
480,2023-02-07,Debit,Discretionary,509,good
480,2023-03-02,Credit,Salary,1958,good
480,2023-03-24,Debit,Discretionary,534,good
480,2023-04-01,Credit,Salary,2164,good
480,2023-04-08,Debit,Discretionary,490,good
480,2023-05-01,Credit,Salary,1954,good
480,2023-05-19,Debit,Discretionary,487,good
480,2023-05-31,Credit,Salary,1941,good
480,2023-06-24,Debit,Discretionary,500,good
481,2023-01-01,Credit,Salary,1935,good
481,2023-01-08,Debit,Discretionary,450,good
481,2023-01-31,Credit,Salary,2128,good
481,2023-02-21,Debit,Discretionary,479,good
481,2023-03-02,Credit,Salary,1831,good
481,2023-03-11,Debit,Discretionary,486,good
481,2023-04-01,Credit,Salary,2036,good
481,2023-04-11,Debit,Discretionary,496,good
481,2023-05-01,Credit,Salary,2140,good
481,2023-05-20,Debit,Discretionary,524,good
481,2023-05-31,Credit,Salary,2016,good
481,2023-06-07,Debit,Discretionary,458,good
482,2023-01-01,Credit,Salary,2153,good
482,2023-01-12,Debit,Discretionary,503,good
482,2023-01-31,Credit,Salary,2146,good
482,2023-02-19,Debit,Discretionary,523,good
482,2023-03-02,Credit,Salary,1831,good
482,2023-03-24,Debit,Discretionary,507,good
482,2023-04-01,Credit,Salary,2196,good
482,2023-04-09,Debit,Discretionary,519,good
482,2023-05-01,Credit,Salary,1922,good
482,2023-05-13,Debit,Discretionary,454,good
482,2023-05-31,Credit,Salary,2186,good
482,2023-06-12,Debit,Discretionary,460,good
483,2023-01-01,Credit,Salary,1999,good
483,2023-01-18,Debit,Discretionary,476,good
483,2023-01-31,Credit,Salary,2082,good
483,2023-02-17,Debit,Discretionary,521,good
483,2023-03-02,Credit,Salary,2185,good
483,2023-03-20,Debit,Discretionary,522,good
483,2023-04-01,Credit,Salary,2171,good
483,2023-04-18,Debit,Discretionary,507,good
483,2023-05-01,Credit,Salary,1964,good
483,2023-05-10,Debit,UPI_Lending_App,315,good
483,2023-05-11,Debit,Discretionary,479,good
483,2023-05-31,Credit,Salary,2116,good
483,2023-06-11,Debit,Discretionary,487,good
484,2023-01-01,Credit,Salary,1857,good
484,2023-01-16,Debit,Discretionary,462,good
484,2023-01-31,Credit,Salary,2092,good
484,2023-02-13,Debit,UPI_Lending_App,87,good
484,2023-02-13,Debit,Discretionary,542,good
484,2023-03-02,Credit,Salary,1825,good
484,2023-03-09,Debit,Discretionary,489,good
484,2023-04-01,Credit,Salary,2153,good
484,2023-04-15,Debit,Discretionary,542,good
484,2023-05-01,Credit,Salary,1917,good
484,2023-05-20,Debit,Discretionary,524,good
484,2023-05-31,Credit,Salary,2076,good
484,2023-06-09,Debit,Discretionary,523,good
485,2023-01-01,Credit,Salary,1840,bad
485,2023-01-07,Debit,UPI_Lending_App,482,bad
485,2023-01-08,Debit,UPI_Lending_App,121,bad
485,2023-01-10,Debit,UPI_Lending_App,384,bad
485,2023-01-12,Debit,UPI_Lending_App,476,bad
485,2023-01-22,Debit,Discretionary,459,bad
485,2023-01-27,Debit,UPI_Lending_App,98,bad
485,2023-01-31,Credit,Salary,1969,bad
485,2023-02-06,Debit,UPI_Lending_App,431,bad
485,2023-02-10,Debit,UPI_Lending_App,436,bad
485,2023-02-22,Debit,Discretionary,527,bad
485,2023-02-23,Debit,UPI_Lending_App,181,bad
485,2023-02-25,Debit,UPI_Lending_App,401,bad
485,2023-03-02,Credit,Salary,1814,bad
485,2023-03-04,Debit,UPI_Lending_App,334,bad
485,2023-03-24,Debit,Discretionary,524,bad
485,2023-04-01,Credit,Salary,2145,bad
485,2023-04-06,Debit,UPI_Lending_App,477,bad
485,2023-04-06,Debit,UPI_Lending_App,295,bad
485,2023-04-12,Debit,UPI_Lending_App,300,bad
485,2023-04-24,Debit,Discretionary,486,bad
485,2023-04-26,Debit,UPI_Lending_App,106,bad
485,2023-05-07,Credit,Salary,1864,bad
485,2023-05-14,Debit,Discretionary,79,bad
485,2023-05-19,Debit,UPI_Lending_App,339,bad
485,2023-05-31,Credit,Salary,1851,bad
485,2023-06-01,Debit,UPI_Lending_App,150,bad
485,2023-06-24,Debit,Discretionary,102,bad
486,2023-01-01,Credit,Salary,2181,good
486,2023-01-23,Debit,Discretionary,514,good
486,2023-01-31,Credit,Salary,1880,good
486,2023-02-14,Debit,Discretionary,514,good
486,2023-03-02,Credit,Salary,2177,good
486,2023-03-19,Debit,Discretionary,451,good
486,2023-04-01,Credit,Salary,2133,good
486,2023-04-26,Debit,Discretionary,480,good
486,2023-05-01,Credit,Salary,1992,good
486,2023-05-21,Debit,Discretionary,476,good
486,2023-05-31,Credit,Salary,2096,good
486,2023-06-08,Debit,Discretionary,547,good
487,2023-01-01,Credit,Salary,2171,good
487,2023-01-08,Debit,Discretionary,478,good
487,2023-01-31,Credit,Salary,2131,good
487,2023-02-14,Debit,Discretionary,499,good
487,2023-03-02,Credit,Salary,2115,good
487,2023-03-15,Debit,Discretionary,512,good
487,2023-04-01,Credit,Salary,1913,good
487,2023-04-09,Debit,Discretionary,525,good
487,2023-05-01,Credit,Salary,2169,good
487,2023-05-21,Debit,Discretionary,530,good
487,2023-05-31,Credit,Salary,2080,good
487,2023-06-25,Debit,Discretionary,532,good
488,2023-01-01,Credit,Salary,1950,good
488,2023-01-23,Debit,Discretionary,496,good
488,2023-01-31,Credit,Salary,2113,good
488,2023-02-25,Debit,Discretionary,473,good
488,2023-03-02,Credit,Salary,2094,good
488,2023-03-10,Debit,Discretionary,537,good
488,2023-04-01,Credit,Salary,1910,good
488,2023-04-22,Debit,Discretionary,481,good
488,2023-05-01,Credit,Salary,2126,good
488,2023-05-20,Debit,Discretionary,479,good
488,2023-05-31,Credit,Salary,1935,good
488,2023-06-15,Debit,Discretionary,498,good
488,2023-06-16,Debit,UPI_Lending_App,339,good
489,2023-01-01,Credit,Salary,2081,good
489,2023-01-21,Debit,Discretionary,454,good
489,2023-01-31,Credit,Salary,1964,good
489,2023-02-06,Debit,Discretionary,500,good
489,2023-03-02,Credit,Salary,2011,good
489,2023-03-23,Debit,Discretionary,498,good
489,2023-04-01,Credit,Salary,2064,good
489,2023-04-08,Debit,Discretionary,533,good
489,2023-05-01,Credit,Salary,2082,good
489,2023-05-06,Debit,Discretionary,549,good
489,2023-05-31,Credit,Salary,2179,good
489,2023-06-07,Debit,Discretionary,536,good
490,2023-01-01,Credit,Salary,1884,good
490,2023-01-26,Debit,Discretionary,467,good
490,2023-01-31,Credit,Salary,2153,good
490,2023-02-14,Debit,Discretionary,505,good
490,2023-03-02,Credit,Salary,1877,good
490,2023-03-07,Debit,Discretionary,549,good
490,2023-04-01,Credit,Salary,2107,good
490,2023-04-14,Debit,Discretionary,459,good
490,2023-05-01,Credit,Salary,2126,good
490,2023-05-06,Debit,Discretionary,491,good
490,2023-05-31,Credit,Salary,1946,good
490,2023-06-20,Debit,Discretionary,498,good
491,2023-01-01,Credit,Salary,2134,bad
491,2023-01-07,Debit,UPI_Lending_App,104,bad
491,2023-01-17,Debit,UPI_Lending_App,291,bad
491,2023-01-26,Debit,Discretionary,490,bad
491,2023-01-28,Debit,UPI_Lending_App,178,bad
491,2023-01-31,Credit,Salary,2101,bad
491,2023-02-14,Debit,UPI_Lending_App,177,bad
491,2023-02-23,Debit,Discretionary,504,bad
491,2023-02-25,Debit,UPI_Lending_App,172,bad
491,2023-03-02,Credit,Salary,1820,bad
491,2023-03-08,Debit,UPI_Lending_App,78,bad
491,2023-03-17,Debit,UPI_Lending_App,490,bad
491,2023-03-22,Debit,UPI_Lending_App,254,bad
491,2023-03-24,Debit,UPI_Lending_App,67,bad
491,2023-03-24,Debit,Discretionary,483,bad
491,2023-04-01,Credit,Salary,2199,bad
491,2023-04-10,Debit,UPI_Lending_App,482,bad
491,2023-04-11,Debit,UPI_Lending_App,449,bad
491,2023-04-12,Debit,UPI_Lending_App,204,bad
491,2023-04-17,Debit,Discretionary,522,bad
491,2023-04-19,Debit,UPI_Lending_App,377,bad
491,2023-05-04,Credit,Salary,1842,bad
491,2023-05-13,Debit,Discretionary,150,bad
491,2023-05-14,Debit,UPI_Lending_App,93,bad
491,2023-05-14,Debit,UPI_Lending_App,420,bad
491,2023-05-14,Debit,UPI_Lending_App,196,bad
491,2023-05-19,Debit,UPI_Lending_App,58,bad
491,2023-06-02,Debit,UPI_Lending_App,370,bad
491,2023-06-03,Debit,UPI_Lending_App,133,bad
491,2023-06-03,Debit,UPI_Lending_App,478,bad
491,2023-06-04,Credit,Salary,2037,bad
491,2023-06-04,Debit,UPI_Lending_App,292,bad
491,2023-06-08,Debit,UPI_Lending_App,131,bad
491,2023-06-22,Debit,Discretionary,147,bad
492,2023-01-01,Credit,Salary,2110,good
492,2023-01-21,Debit,Discretionary,456,good
492,2023-01-31,Credit,Salary,1952,good
492,2023-02-14,Debit,Discretionary,531,good
492,2023-02-18,Debit,UPI_Lending_App,151,good
492,2023-03-02,Credit,Salary,1981,good
492,2023-03-15,Debit,Discretionary,499,good
492,2023-04-01,Credit,Salary,2017,good
492,2023-04-19,Debit,Discretionary,476,good
492,2023-05-01,Credit,Salary,2158,good
492,2023-05-18,Debit,Discretionary,526,good
492,2023-05-31,Credit,Salary,1856,good
492,2023-06-14,Debit,Discretionary,510,good
493,2023-01-01,Credit,Salary,2043,good
493,2023-01-06,Debit,Discretionary,514,good
493,2023-01-31,Credit,Salary,1965,good
493,2023-02-21,Debit,Discretionary,472,good
493,2023-03-02,Credit,Salary,1805,good
493,2023-03-21,Debit,Discretionary,534,good
493,2023-04-01,Credit,Salary,1805,good
493,2023-04-14,Debit,Discretionary,520,good
493,2023-05-01,Credit,Salary,2152,good
493,2023-05-07,Debit,Discretionary,503,good
493,2023-05-31,Credit,Salary,2018,good
493,2023-06-13,Debit,Discretionary,471,good
493,2023-06-20,Debit,UPI_Lending_App,161,good
494,2023-01-01,Credit,Salary,2132,good
494,2023-01-22,Debit,Discretionary,542,good
494,2023-01-31,Credit,Salary,2113,good
494,2023-02-09,Debit,Discretionary,526,good
494,2023-03-02,Credit,Salary,1813,good
494,2023-03-24,Debit,Discretionary,518,good
494,2023-04-01,Credit,Salary,1932,good
494,2023-04-19,Debit,Discretionary,467,good
494,2023-05-01,Credit,Salary,1964,good
494,2023-05-11,Debit,Discretionary,522,good
494,2023-05-31,Credit,Salary,2005,good
494,2023-06-16,Debit,Discretionary,530,good
495,2023-01-01,Credit,Salary,1920,bad
495,2023-01-14,Debit,UPI_Lending_App,459,bad
495,2023-01-15,Debit,UPI_Lending_App,205,bad
495,2023-01-21,Debit,Discretionary,524,bad
495,2023-01-31,Credit,Salary,1889,bad
495,2023-02-01,Debit,UPI_Lending_App,224,bad
495,2023-02-03,Debit,UPI_Lending_App,346,bad
495,2023-02-08,Debit,UPI_Lending_App,184,bad
495,2023-02-12,Debit,UPI_Lending_App,418,bad
495,2023-02-23,Debit,Discretionary,501,bad
495,2023-03-02,Credit,Salary,1839,bad
495,2023-03-08,Debit,Discretionary,463,bad
495,2023-03-30,Debit,UPI_Lending_App,141,bad
495,2023-04-01,Credit,Salary,1942,bad
495,2023-04-19,Debit,Discretionary,483,bad
495,2023-04-26,Debit,UPI_Lending_App,209,bad
495,2023-05-01,Credit,Salary,2067,bad
495,2023-05-19,Debit,UPI_Lending_App,296,bad
495,2023-05-22,Debit,UPI_Lending_App,139,bad
495,2023-05-23,Debit,Discretionary,70,bad
495,2023-06-02,Debit,UPI_Lending_App,252,bad
495,2023-06-04,Credit,Salary,2132,bad
495,2023-06-05,Debit,UPI_Lending_App,231,bad
495,2023-06-24,Debit,Discretionary,51,bad
495,2023-06-27,Debit,UPI_Lending_App,161,bad
496,2023-01-01,Credit,Salary,2147,bad
496,2023-01-03,Debit,UPI_Lending_App,430,bad
496,2023-01-09,Debit,UPI_Lending_App,479,bad
496,2023-01-11,Debit,UPI_Lending_App,370,bad
496,2023-01-26,Debit,Discretionary,518,bad
496,2023-01-31,Credit,Salary,1843,bad
496,2023-02-05,Debit,UPI_Lending_App,232,bad
496,2023-02-07,Debit,Discretionary,521,bad
496,2023-02-22,Debit,UPI_Lending_App,241,bad
496,2023-02-23,Debit,UPI_Lending_App,310,bad
496,2023-03-02,Credit,Salary,1816,bad
496,2023-03-11,Debit,Discretionary,494,bad
496,2023-03-12,Debit,UPI_Lending_App,218,bad
496,2023-03-27,Debit,UPI_Lending_App,349,bad
496,2023-03-27,Debit,UPI_Lending_App,297,bad
496,2023-04-01,Credit,Salary,2018,bad
496,2023-04-07,Debit,UPI_Lending_App,429,bad
496,2023-04-13,Debit,UPI_Lending_App,90,bad
496,2023-04-23,Debit,Discretionary,543,bad
496,2023-05-01,Credit,Salary,2109,bad
496,2023-05-07,Debit,UPI_Lending_App,430,bad
496,2023-05-13,Debit,Discretionary,138,bad
496,2023-05-23,Debit,UPI_Lending_App,253,bad
496,2023-05-25,Debit,UPI_Lending_App,77,bad
496,2023-05-31,Credit,Salary,1850,bad
496,2023-06-02,Debit,UPI_Lending_App,102,bad
496,2023-06-21,Debit,UPI_Lending_App,484,bad
496,2023-06-24,Debit,Discretionary,144,bad
497,2023-01-01,Credit,Salary,2050,good
497,2023-01-11,Debit,Discretionary,488,good
497,2023-01-29,Debit,UPI_Lending_App,198,good
497,2023-01-31,Credit,Salary,1937,good
497,2023-02-18,Debit,Discretionary,495,good
497,2023-02-25,Debit,UPI_Lending_App,480,good
497,2023-03-02,Credit,Salary,2158,good
497,2023-03-21,Debit,Discretionary,528,good
497,2023-04-01,Credit,Salary,2153,good
497,2023-04-16,Debit,Discretionary,520,good
497,2023-05-01,Credit,Salary,1820,good
497,2023-05-10,Debit,Discretionary,464,good
497,2023-05-31,Credit,Salary,1818,good
497,2023-06-24,Debit,Discretionary,507,good
498,2023-01-01,Credit,Salary,2198,good
498,2023-01-10,Debit,Discretionary,545,good
498,2023-01-31,Credit,Salary,2146,good
498,2023-02-24,Debit,Discretionary,490,good
498,2023-03-02,Credit,Salary,1892,good
498,2023-03-12,Debit,Discretionary,480,good
498,2023-04-01,Credit,Salary,2050,good
498,2023-04-10,Debit,Discretionary,531,good
498,2023-05-01,Credit,Salary,2155,good
498,2023-05-19,Debit,Discretionary,544,good
498,2023-05-31,Credit,Salary,1992,good
498,2023-06-17,Debit,Discretionary,522,good
499,2023-01-01,Credit,Salary,1948,good
499,2023-01-06,Debit,Discretionary,518,good
499,2023-01-31,Credit,Salary,1814,good
499,2023-02-14,Debit,Discretionary,521,good
499,2023-03-02,Credit,Salary,1817,good
499,2023-03-14,Debit,Discretionary,450,good
499,2023-04-01,Credit,Salary,1947,good
499,2023-04-07,Debit,Discretionary,527,good
499,2023-05-01,Credit,Salary,2010,good
499,2023-05-25,Debit,Discretionary,529,good
499,2023-05-31,Credit,Salary,2103,good
499,2023-06-24,Debit,Discretionary,471,good
500,2023-01-01,Credit,Salary,1885,bad
500,2023-01-10,Debit,UPI_Lending_App,81,bad
500,2023-01-10,Debit,Discretionary,507,bad
500,2023-01-15,Debit,UPI_Lending_App,126,bad
500,2023-01-17,Debit,UPI_Lending_App,451,bad
500,2023-01-22,Debit,UPI_Lending_App,480,bad
500,2023-01-29,Debit,UPI_Lending_App,122,bad
500,2023-01-31,Credit,Salary,2016,bad
500,2023-02-03,Debit,UPI_Lending_App,465,bad
500,2023-02-09,Debit,UPI_Lending_App,286,bad
500,2023-02-13,Debit,Discretionary,507,bad
500,2023-02-15,Debit,UPI_Lending_App,316,bad
500,2023-02-22,Debit,UPI_Lending_App,145,bad
500,2023-03-02,Credit,Salary,2092,bad
500,2023-03-05,Debit,UPI_Lending_App,149,bad
500,2023-03-12,Debit,Discretionary,482,bad
500,2023-04-01,Credit,Salary,2070,bad
500,2023-04-05,Debit,UPI_Lending_App,212,bad
500,2023-04-14,Debit,Discretionary,461,bad
500,2023-04-21,Debit,UPI_Lending_App,97,bad
500,2023-04-26,Debit,UPI_Lending_App,465,bad
500,2023-05-08,Credit,Salary,2061,bad
500,2023-05-15,Debit,UPI_Lending_App,368,bad
500,2023-05-16,Debit,UPI_Lending_App,493,bad
500,2023-05-24,Debit,Discretionary,108,bad
500,2023-05-31,Credit,Salary,1861,bad
500,2023-06-10,Debit,Discretionary,118,bad
500,2023-06-12,Debit,UPI_Lending_App,240,bad
500,2023-06-21,Debit,UPI_Lending_App,259,bad
500,2023-06-26,Debit,UPI_Lending_App,398,bad
501,2023-01-01,Credit,Salary,1807,good
501,2023-01-07,Debit,Discretionary,454,good
501,2023-01-31,Credit,Salary,1830,good
501,2023-02-13,Debit,Discretionary,511,good
501,2023-03-02,Credit,Salary,2081,good
501,2023-03-26,Debit,Discretionary,482,good
501,2023-04-01,Credit,Salary,1896,good
501,2023-04-06,Debit,Discretionary,470,good
501,2023-04-29,Debit,UPI_Lending_App,217,good
501,2023-05-01,Credit,Salary,1957,good
501,2023-05-17,Debit,Discretionary,539,good
501,2023-05-31,Credit,Salary,1836,good
501,2023-06-06,Debit,UPI_Lending_App,274,good
501,2023-06-12,Debit,Discretionary,500,good
502,2023-01-01,Credit,Salary,1818,good
502,2023-01-19,Debit,Discretionary,464,good
502,2023-01-31,Credit,Salary,2198,good
502,2023-02-15,Debit,Discretionary,539,good
502,2023-03-02,Credit,Salary,1991,good
502,2023-03-09,Debit,Discretionary,491,good
502,2023-04-01,Credit,Salary,2092,good
502,2023-04-10,Debit,Discretionary,455,good
502,2023-05-01,Credit,Salary,2170,good
502,2023-05-10,Debit,Discretionary,495,good
502,2023-05-31,Credit,Salary,1920,good
502,2023-06-16,Debit,Discretionary,478,good
503,2023-01-01,Credit,Salary,2195,bad
503,2023-01-16,Debit,UPI_Lending_App,103,bad
503,2023-01-16,Debit,Discretionary,517,bad
503,2023-01-22,Debit,UPI_Lending_App,176,bad
503,2023-01-23,Debit,UPI_Lending_App,465,bad
503,2023-01-27,Debit,UPI_Lending_App,273,bad
503,2023-01-28,Debit,UPI_Lending_App,243,bad
503,2023-01-31,Credit,Salary,1972,bad
503,2023-02-06,Debit,UPI_Lending_App,136,bad
503,2023-02-14,Debit,Discretionary,491,bad
503,2023-02-21,Debit,UPI_Lending_App,114,bad
503,2023-02-24,Debit,UPI_Lending_App,396,bad
503,2023-03-02,Credit,Salary,2119,bad
503,2023-03-06,Debit,UPI_Lending_App,227,bad
503,2023-03-16,Debit,UPI_Lending_App,396,bad
503,2023-03-18,Debit,Discretionary,510,bad
503,2023-03-23,Debit,UPI_Lending_App,174,bad
503,2023-04-01,Credit,Salary,1939,bad
503,2023-04-06,Debit,UPI_Lending_App,53,bad
503,2023-04-14,Debit,UPI_Lending_App,495,bad
503,2023-04-14,Debit,Discretionary,501,bad
503,2023-04-17,Debit,UPI_Lending_App,296,bad
503,2023-04-18,Debit,UPI_Lending_App,123,bad
503,2023-05-01,Credit,Salary,1832,bad
503,2023-05-02,Debit,UPI_Lending_App,142,bad
503,2023-05-03,Debit,UPI_Lending_App,446,bad
503,2023-05-04,Debit,UPI_Lending_App,399,bad
503,2023-05-25,Debit,Discretionary,60,bad
503,2023-06-03,Credit,Salary,1990,bad
503,2023-06-05,Debit,UPI_Lending_App,83,bad
503,2023-06-14,Debit,UPI_Lending_App,113,bad
503,2023-06-25,Debit,Discretionary,56,bad
503,2023-06-26,Debit,UPI_Lending_App,383,bad
504,2023-01-01,Credit,Salary,2195,bad
504,2023-01-07,Debit,UPI_Lending_App,285,bad
504,2023-01-23,Debit,UPI_Lending_App,143,bad
504,2023-01-23,Debit,UPI_Lending_App,498,bad
504,2023-01-23,Debit,Discretionary,540,bad
504,2023-01-24,Debit,UPI_Lending_App,115,bad
504,2023-01-26,Debit,UPI_Lending_App,349,bad
504,2023-01-31,Credit,Salary,2054,bad
504,2023-02-08,Debit,UPI_Lending_App,185,bad
504,2023-02-22,Debit,Discretionary,489,bad
504,2023-03-02,Credit,Salary,1861,bad
504,2023-03-21,Debit,Discretionary,461,bad
504,2023-03-22,Debit,UPI_Lending_App,252,bad
504,2023-03-24,Debit,UPI_Lending_App,216,bad
504,2023-04-01,Credit,Salary,1826,bad
504,2023-04-05,Debit,UPI_Lending_App,455,bad
504,2023-04-07,Debit,Discretionary,531,bad
504,2023-04-17,Debit,UPI_Lending_App,408,bad
504,2023-04-18,Debit,UPI_Lending_App,212,bad
504,2023-04-25,Debit,UPI_Lending_App,284,bad
504,2023-04-27,Debit,UPI_Lending_App,254,bad
504,2023-05-01,Credit,Salary,2155,bad
504,2023-05-03,Debit,UPI_Lending_App,164,bad
504,2023-05-04,Debit,UPI_Lending_App,160,bad
504,2023-05-14,Debit,UPI_Lending_App,400,bad
504,2023-05-15,Debit,Discretionary,112,bad
504,2023-05-23,Debit,UPI_Lending_App,500,bad
504,2023-06-06,Credit,Salary,2060,bad
504,2023-06-08,Debit,Discretionary,92,bad
504,2023-06-10,Debit,UPI_Lending_App,156,bad
504,2023-06-23,Debit,UPI_Lending_App,493,bad
505,2023-01-01,Credit,Salary,1941,bad
505,2023-01-06,Debit,UPI_Lending_App,132,bad
505,2023-01-07,Debit,Discretionary,484,bad
505,2023-01-12,Debit,UPI_Lending_App,139,bad
505,2023-01-14,Debit,UPI_Lending_App,179,bad
505,2023-01-19,Debit,UPI_Lending_App,306,bad
505,2023-01-31,Credit,Salary,1907,bad
505,2023-02-07,Debit,UPI_Lending_App,172,bad
505,2023-02-08,Debit,Discretionary,478,bad
505,2023-03-02,Credit,Salary,1947,bad
505,2023-03-07,Debit,UPI_Lending_App,212,bad
505,2023-03-12,Debit,Discretionary,451,bad
505,2023-03-23,Debit,UPI_Lending_App,340,bad
505,2023-03-30,Debit,UPI_Lending_App,430,bad
505,2023-04-01,Credit,Salary,1885,bad
505,2023-04-07,Debit,UPI_Lending_App,315,bad
505,2023-04-09,Debit,UPI_Lending_App,326,bad
505,2023-04-10,Debit,Discretionary,464,bad
505,2023-04-18,Debit,UPI_Lending_App,164,bad
505,2023-04-29,Debit,UPI_Lending_App,72,bad
505,2023-05-06,Credit,Salary,1888,bad
505,2023-05-16,Debit,Discretionary,91,bad
505,2023-05-23,Debit,UPI_Lending_App,387,bad
505,2023-05-31,Credit,Salary,2176,bad
505,2023-06-04,Debit,UPI_Lending_App,180,bad
505,2023-06-20,Debit,UPI_Lending_App,166,bad
505,2023-06-23,Debit,Discretionary,112,bad
506,2023-01-01,Credit,Salary,1845,good
506,2023-01-20,Debit,Discretionary,512,good
506,2023-01-31,Credit,Salary,2070,good
506,2023-02-15,Debit,Discretionary,491,good
506,2023-03-02,Credit,Salary,2034,good
506,2023-03-21,Debit,Discretionary,546,good
506,2023-04-01,Credit,Salary,2131,good
506,2023-04-11,Debit,Discretionary,485,good
506,2023-05-01,Credit,Salary,2123,good
506,2023-05-15,Debit,Discretionary,541,good
506,2023-05-23,Debit,UPI_Lending_App,429,good
506,2023-05-31,Credit,Salary,2087,good
506,2023-06-19,Debit,Discretionary,508,good
507,2023-01-01,Credit,Salary,1818,bad
507,2023-01-05,Debit,UPI_Lending_App,215,bad
507,2023-01-05,Debit,UPI_Lending_App,65,bad
507,2023-01-17,Debit,UPI_Lending_App,406,bad
507,2023-01-23,Debit,UPI_Lending_App,353,bad
507,2023-01-26,Debit,Discretionary,531,bad
507,2023-01-31,Credit,Salary,1865,bad
507,2023-02-12,Debit,Discretionary,511,bad
507,2023-02-16,Debit,UPI_Lending_App,131,bad
507,2023-02-20,Debit,UPI_Lending_App,176,bad
507,2023-02-25,Debit,UPI_Lending_App,149,bad
507,2023-02-28,Debit,UPI_Lending_App,201,bad
507,2023-03-02,Credit,Salary,1876,bad
507,2023-03-06,Debit,UPI_Lending_App,56,bad
507,2023-03-14,Debit,UPI_Lending_App,315,bad
507,2023-03-21,Debit,Discretionary,544,bad
507,2023-03-23,Debit,UPI_Lending_App,229,bad
507,2023-03-24,Debit,UPI_Lending_App,344,bad
507,2023-04-01,Credit,Salary,2066,bad
507,2023-04-18,Debit,Discretionary,452,bad
507,2023-04-25,Debit,UPI_Lending_App,61,bad
507,2023-05-01,Credit,Salary,1888,bad
507,2023-05-09,Debit,Discretionary,77,bad
507,2023-05-10,Debit,UPI_Lending_App,137,bad
507,2023-05-16,Debit,UPI_Lending_App,324,bad
507,2023-05-27,Debit,UPI_Lending_App,386,bad
507,2023-05-29,Debit,UPI_Lending_App,280,bad
507,2023-05-31,Credit,Salary,2181,bad
507,2023-06-03,Debit,UPI_Lending_App,329,bad
507,2023-06-19,Debit,Discretionary,108,bad
508,2023-01-01,Credit,Salary,2109,good
508,2023-01-11,Debit,Discretionary,540,good
508,2023-01-31,Credit,Salary,2135,good
508,2023-02-06,Debit,Discretionary,460,good
508,2023-02-13,Debit,UPI_Lending_App,295,good
508,2023-03-02,Credit,Salary,1877,good
508,2023-03-22,Debit,Discretionary,543,good
508,2023-04-01,Credit,Salary,2090,good
508,2023-04-08,Debit,Discretionary,456,good
508,2023-04-25,Debit,UPI_Lending_App,234,good
508,2023-05-01,Credit,Salary,1823,good
508,2023-05-19,Debit,Discretionary,521,good
508,2023-05-31,Credit,Salary,2109,good
508,2023-06-11,Debit,Discretionary,500,good
508,2023-06-23,Debit,UPI_Lending_App,218,good
509,2023-01-01,Credit,Salary,1926,good
509,2023-01-26,Debit,Discretionary,514,good
509,2023-01-31,Credit,Salary,2194,good
509,2023-02-05,Debit,Discretionary,529,good
509,2023-03-02,Credit,Salary,1914,good
509,2023-03-17,Debit,Discretionary,545,good
509,2023-04-01,Credit,Salary,1889,good
509,2023-04-18,Debit,Discretionary,512,good
509,2023-05-01,Credit,Salary,1815,good
509,2023-05-13,Debit,Discretionary,537,good
509,2023-05-31,Credit,Salary,2116,good
509,2023-06-12,Debit,Discretionary,497,good
510,2023-01-01,Credit,Salary,1848,bad
510,2023-01-04,Debit,UPI_Lending_App,453,bad
510,2023-01-09,Debit,UPI_Lending_App,289,bad
510,2023-01-24,Debit,Discretionary,516,bad
510,2023-01-25,Debit,UPI_Lending_App,228,bad
510,2023-01-26,Debit,UPI_Lending_App,106,bad
510,2023-01-29,Debit,UPI_Lending_App,482,bad
510,2023-01-31,Credit,Salary,2025,bad
510,2023-02-09,Debit,UPI_Lending_App,158,bad
510,2023-02-13,Debit,UPI_Lending_App,366,bad
510,2023-02-13,Debit,UPI_Lending_App,320,bad
510,2023-02-21,Debit,Discretionary,524,bad
510,2023-02-22,Debit,UPI_Lending_App,192,bad
510,2023-02-23,Debit,UPI_Lending_App,79,bad
510,2023-03-02,Credit,Salary,2014,bad
510,2023-03-09,Debit,Discretionary,453,bad
510,2023-03-11,Debit,UPI_Lending_App,466,bad
510,2023-04-01,Credit,Salary,1870,bad
510,2023-04-15,Debit,Discretionary,514,bad
510,2023-04-23,Debit,UPI_Lending_App,332,bad
510,2023-05-02,Debit,UPI_Lending_App,62,bad
510,2023-05-04,Credit,Salary,1880,bad
510,2023-05-13,Debit,Discretionary,58,bad
510,2023-05-20,Debit,UPI_Lending_App,458,bad
510,2023-05-27,Debit,UPI_Lending_App,338,bad
510,2023-06-05,Debit,UPI_Lending_App,111,bad
510,2023-06-07,Credit,Salary,1973,bad
510,2023-06-08,Debit,UPI_Lending_App,429,bad
510,2023-06-17,Debit,Discretionary,108,bad
511,2023-01-01,Credit,Salary,2150,good
511,2023-01-17,Debit,Discretionary,463,good
511,2023-01-26,Debit,UPI_Lending_App,385,good
511,2023-01-31,Credit,Salary,1821,good
511,2023-02-15,Debit,Discretionary,455,good
511,2023-03-02,Credit,Salary,2027,good
511,2023-03-12,Debit,Discretionary,498,good
511,2023-04-01,Credit,Salary,2165,good
511,2023-04-12,Debit,Discretionary,502,good
511,2023-05-01,Credit,Salary,2123,good
511,2023-05-13,Debit,UPI_Lending_App,282,good
511,2023-05-13,Debit,Discretionary,537,good
511,2023-05-31,Credit,Salary,2172,good
511,2023-06-07,Debit,Discretionary,517,good
512,2023-01-01,Credit,Salary,1845,good
512,2023-01-09,Debit,Discretionary,480,good
512,2023-01-31,Credit,Salary,2186,good
512,2023-02-24,Debit,Discretionary,524,good
512,2023-03-02,Credit,Salary,2069,good
512,2023-03-15,Debit,Discretionary,508,good
512,2023-04-01,Credit,Salary,2060,good
512,2023-04-19,Debit,Discretionary,475,good
512,2023-05-01,Credit,Salary,1907,good
512,2023-05-26,Debit,Discretionary,544,good
512,2023-05-31,Credit,Salary,1809,good
512,2023-06-24,Debit,Discretionary,466,good
513,2023-01-01,Credit,Salary,1824,good
513,2023-01-25,Debit,Discretionary,511,good
513,2023-01-31,Credit,Salary,1964,good
513,2023-02-16,Debit,Discretionary,462,good
513,2023-03-02,Credit,Salary,1835,good
513,2023-03-09,Debit,UPI_Lending_App,296,good
513,2023-03-13,Debit,Discretionary,472,good
513,2023-04-01,Credit,Salary,1896,good
513,2023-04-13,Debit,Discretionary,477,good
513,2023-05-01,Credit,Salary,1914,good
513,2023-05-09,Debit,Discretionary,547,good
513,2023-05-31,Credit,Salary,2136,good
513,2023-06-02,Debit,UPI_Lending_App,334,good
513,2023-06-15,Debit,Discretionary,533,good
514,2023-01-01,Credit,Salary,2002,good
514,2023-01-15,Debit,Discretionary,503,good
514,2023-01-31,Credit,Salary,1810,good
514,2023-02-10,Debit,Discretionary,504,good
514,2023-03-02,Credit,Salary,1904,good
514,2023-03-19,Debit,Discretionary,547,good
514,2023-04-01,Credit,Salary,1929,good
514,2023-04-16,Debit,Discretionary,544,good
514,2023-05-01,Credit,Salary,1826,good
514,2023-05-07,Debit,Discretionary,500,good
514,2023-05-31,Credit,Salary,1845,good
514,2023-06-06,Debit,Discretionary,464,good
515,2023-01-01,Credit,Salary,1834,good
515,2023-01-11,Debit,Discretionary,460,good
515,2023-01-31,Credit,Salary,1825,good
515,2023-02-20,Debit,Discretionary,491,good
515,2023-03-02,Credit,Salary,1915,good
515,2023-03-09,Debit,Discretionary,524,good
515,2023-04-01,Credit,Salary,2048,good
515,2023-04-25,Debit,Discretionary,523,good
515,2023-05-01,Credit,Salary,1927,good
515,2023-05-24,Debit,Discretionary,495,good
515,2023-05-31,Credit,Salary,1812,good
515,2023-06-15,Debit,Discretionary,487,good
516,2023-01-01,Credit,Salary,2093,good
516,2023-01-09,Debit,Discretionary,452,good
516,2023-01-31,Credit,Salary,2053,good
516,2023-02-19,Debit,Discretionary,464,good
516,2023-03-02,Credit,Salary,1907,good
516,2023-03-22,Debit,Discretionary,500,good
516,2023-04-01,Credit,Salary,2058,good
516,2023-04-24,Debit,Discretionary,536,good
516,2023-05-01,Credit,Salary,1886,good
516,2023-05-17,Debit,Discretionary,527,good
516,2023-05-31,Credit,Salary,1861,good
516,2023-06-10,Debit,Discretionary,525,good
517,2023-01-01,Credit,Salary,2068,bad
517,2023-01-02,Debit,UPI_Lending_App,350,bad
517,2023-01-05,Debit,UPI_Lending_App,171,bad
517,2023-01-08,Debit,UPI_Lending_App,330,bad
517,2023-01-11,Debit,UPI_Lending_App,418,bad
517,2023-01-14,Debit,Discretionary,472,bad
517,2023-01-31,Credit,Salary,1857,bad
517,2023-02-05,Debit,UPI_Lending_App,343,bad
517,2023-02-05,Debit,UPI_Lending_App,377,bad
517,2023-02-14,Debit,UPI_Lending_App,239,bad
517,2023-02-17,Debit,Discretionary,500,bad
517,2023-03-02,Credit,Salary,2007,bad
517,2023-03-08,Debit,UPI_Lending_App,310,bad
517,2023-03-10,Debit,Discretionary,516,bad
517,2023-03-12,Debit,UPI_Lending_App,149,bad
517,2023-03-26,Debit,UPI_Lending_App,88,bad
517,2023-04-01,Credit,Salary,1926,bad
517,2023-04-10,Debit,UPI_Lending_App,464,bad
517,2023-04-17,Debit,UPI_Lending_App,87,bad
517,2023-04-19,Debit,UPI_Lending_App,312,bad
517,2023-04-25,Debit,UPI_Lending_App,461,bad
517,2023-04-26,Debit,Discretionary,459,bad
517,2023-04-29,Debit,UPI_Lending_App,111,bad
517,2023-05-01,Credit,Salary,2125,bad
517,2023-05-07,Debit,UPI_Lending_App,247,bad
517,2023-05-11,Debit,Discretionary,129,bad
517,2023-05-25,Debit,UPI_Lending_App,325,bad
517,2023-05-28,Debit,UPI_Lending_App,230,bad
517,2023-06-05,Credit,Salary,2029,bad
517,2023-06-05,Debit,Discretionary,111,bad
517,2023-06-25,Debit,UPI_Lending_App,498,bad
518,2023-01-01,Credit,Salary,1978,good
518,2023-01-09,Debit,Discretionary,535,good
518,2023-01-31,Credit,Salary,1952,good
518,2023-02-20,Debit,Discretionary,476,good
518,2023-03-02,Credit,Salary,2171,good
518,2023-03-15,Debit,Discretionary,489,good
518,2023-04-01,Credit,Salary,2079,good
518,2023-04-17,Debit,Discretionary,532,good
518,2023-05-01,Credit,Salary,1999,good
518,2023-05-25,Debit,Discretionary,505,good
518,2023-05-31,Credit,Salary,1806,good
518,2023-06-11,Debit,Discretionary,490,good
519,2023-01-01,Credit,Salary,1830,good
519,2023-01-20,Debit,Discretionary,522,good
519,2023-01-31,Credit,Salary,2153,good
519,2023-02-17,Debit,Discretionary,502,good
519,2023-03-02,Credit,Salary,2113,good
519,2023-03-14,Debit,Discretionary,484,good
519,2023-04-01,Credit,Salary,2024,good
519,2023-04-14,Debit,Discretionary,525,good
519,2023-05-01,Credit,Salary,2123,good
519,2023-05-21,Debit,Discretionary,484,good
519,2023-05-31,Credit,Salary,1924,good
519,2023-06-06,Debit,Discretionary,537,good
520,2023-01-01,Credit,Salary,2186,good
520,2023-01-13,Debit,Discretionary,500,good
520,2023-01-31,Credit,Salary,1825,good
520,2023-02-07,Debit,Discretionary,517,good
520,2023-03-02,Credit,Salary,2044,good
520,2023-03-10,Debit,Discretionary,463,good
520,2023-04-01,Credit,Salary,2089,good
520,2023-04-24,Debit,Discretionary,454,good
520,2023-05-01,Credit,Salary,1902,good
520,2023-05-17,Debit,Discretionary,527,good
520,2023-05-31,Credit,Salary,1857,good
520,2023-06-15,Debit,Discretionary,533,good
521,2023-01-01,Credit,Salary,2017,bad
521,2023-01-09,Debit,UPI_Lending_App,349,bad
521,2023-01-18,Debit,Discretionary,497,bad
521,2023-01-21,Debit,UPI_Lending_App,193,bad
521,2023-01-28,Debit,UPI_Lending_App,224,bad
521,2023-01-31,Credit,Salary,1914,bad
521,2023-02-09,Debit,Discretionary,542,bad
521,2023-02-17,Debit,UPI_Lending_App,302,bad
521,2023-02-21,Debit,UPI_Lending_App,282,bad
521,2023-03-02,Credit,Salary,2072,bad
521,2023-03-03,Debit,UPI_Lending_App,169,bad
521,2023-03-13,Debit,Discretionary,516,bad
521,2023-03-16,Debit,UPI_Lending_App,255,bad
521,2023-03-25,Debit,UPI_Lending_App,248,bad
521,2023-04-01,Credit,Salary,1887,bad
521,2023-04-10,Debit,UPI_Lending_App,358,bad
521,2023-04-18,Debit,UPI_Lending_App,164,bad
521,2023-04-21,Debit,UPI_Lending_App,122,bad
521,2023-04-21,Debit,Discretionary,493,bad
521,2023-05-01,Credit,Salary,2130,bad
521,2023-05-08,Debit,UPI_Lending_App,361,bad
521,2023-05-08,Debit,UPI_Lending_App,124,bad
521,2023-05-12,Debit,Discretionary,119,bad
521,2023-05-14,Debit,UPI_Lending_App,492,bad
521,2023-05-17,Debit,UPI_Lending_App,104,bad
521,2023-05-26,Debit,UPI_Lending_App,191,bad
521,2023-06-04,Credit,Salary,2138,bad
521,2023-06-15,Debit,UPI_Lending_App,322,bad
521,2023-06-24,Debit,Discretionary,58,bad
521,2023-06-25,Debit,UPI_Lending_App,327,bad
521,2023-06-26,Debit,UPI_Lending_App,255,bad
521,2023-06-27,Debit,UPI_Lending_App,463,bad
521,2023-06-28,Debit,UPI_Lending_App,103,bad
522,2023-01-01,Credit,Salary,2083,bad
522,2023-01-08,Debit,UPI_Lending_App,139,bad
522,2023-01-09,Debit,UPI_Lending_App,374,bad
522,2023-01-15,Debit,Discretionary,478,bad
522,2023-01-31,Credit,Salary,2087,bad
522,2023-02-02,Debit,UPI_Lending_App,101,bad
522,2023-02-08,Debit,UPI_Lending_App,167,bad
522,2023-02-09,Debit,Discretionary,548,bad
522,2023-02-11,Debit,UPI_Lending_App,306,bad
522,2023-03-02,Credit,Salary,1986,bad
522,2023-03-05,Debit,UPI_Lending_App,130,bad
522,2023-03-12,Debit,Discretionary,547,bad
522,2023-03-15,Debit,UPI_Lending_App,119,bad
522,2023-03-15,Debit,UPI_Lending_App,258,bad
522,2023-03-21,Debit,UPI_Lending_App,333,bad
522,2023-04-01,Credit,Salary,2152,bad
522,2023-04-03,Debit,UPI_Lending_App,171,bad
522,2023-04-04,Debit,UPI_Lending_App,290,bad
522,2023-04-07,Debit,UPI_Lending_App,441,bad
522,2023-04-14,Debit,Discretionary,464,bad
522,2023-04-16,Debit,UPI_Lending_App,394,bad
522,2023-04-27,Debit,UPI_Lending_App,445,bad
522,2023-05-01,Credit,Salary,2082,bad
522,2023-05-12,Debit,UPI_Lending_App,435,bad
522,2023-05-16,Debit,Discretionary,140,bad
522,2023-06-06,Credit,Salary,1832,bad
522,2023-06-19,Debit,Discretionary,109,bad
522,2023-06-21,Debit,UPI_Lending_App,470,bad
522,2023-06-23,Debit,UPI_Lending_App,170,bad
523,2023-01-01,Credit,Salary,1936,good
523,2023-01-24,Debit,Discretionary,499,good
523,2023-01-31,Credit,Salary,1996,good
523,2023-02-17,Debit,Discretionary,538,good
523,2023-03-02,Credit,Salary,1816,good
523,2023-03-24,Debit,Discretionary,493,good
523,2023-04-01,Credit,Salary,1902,good
523,2023-04-19,Debit,Discretionary,455,good
523,2023-05-01,Credit,Salary,1891,good
523,2023-05-20,Debit,Discretionary,548,good
523,2023-05-31,Credit,Salary,1914,good
523,2023-06-25,Debit,Discretionary,480,good
524,2023-01-01,Credit,Salary,2161,good
524,2023-01-08,Debit,Discretionary,493,good
524,2023-01-31,Credit,Salary,1826,good
524,2023-02-07,Debit,Discretionary,486,good
524,2023-03-02,Credit,Salary,1870,good
524,2023-03-24,Debit,Discretionary,517,good
524,2023-04-01,Credit,Salary,1889,good
524,2023-04-07,Debit,Discretionary,515,good
524,2023-05-01,Credit,Salary,1984,good
524,2023-05-24,Debit,Discretionary,502,good
524,2023-05-31,Credit,Salary,1826,good
524,2023-06-05,Debit,Discretionary,502,good
525,2023-01-01,Credit,Salary,1843,good
525,2023-01-08,Debit,Discretionary,491,good
525,2023-01-31,Credit,Salary,2060,good
525,2023-02-24,Debit,Discretionary,510,good
525,2023-03-02,Credit,Salary,2115,good
525,2023-03-23,Debit,Discretionary,517,good
525,2023-04-01,Credit,Salary,2187,good
525,2023-04-07,Debit,Discretionary,502,good
525,2023-05-01,Credit,Salary,1982,good
525,2023-05-06,Debit,Discretionary,531,good
525,2023-05-31,Credit,Salary,1993,good
525,2023-06-22,Debit,Discretionary,526,good
526,2023-01-01,Credit,Salary,1969,good
526,2023-01-25,Debit,Discretionary,521,good
526,2023-01-31,Credit,Salary,1823,good
526,2023-02-23,Debit,Discretionary,464,good
526,2023-03-02,Credit,Salary,2192,good
526,2023-03-19,Debit,Discretionary,461,good
526,2023-04-01,Credit,Salary,2010,good
526,2023-04-18,Debit,Discretionary,502,good
526,2023-05-01,Credit,Salary,2108,good
526,2023-05-10,Debit,Discretionary,500,good
526,2023-05-31,Credit,Salary,1928,good
526,2023-06-12,Debit,Discretionary,506,good
527,2023-01-01,Credit,Salary,2087,good
527,2023-01-15,Debit,Discretionary,455,good
527,2023-01-31,Credit,Salary,1995,good
527,2023-02-18,Debit,Discretionary,505,good
527,2023-03-02,Credit,Salary,2087,good
527,2023-03-16,Debit,Discretionary,497,good
527,2023-04-01,Credit,Salary,2119,good
527,2023-04-13,Debit,UPI_Lending_App,303,good
527,2023-04-19,Debit,Discretionary,456,good
527,2023-05-01,Credit,Salary,2109,good
527,2023-05-06,Debit,Discretionary,499,good
527,2023-05-31,Credit,Salary,1815,good
527,2023-06-09,Debit,Discretionary,543,good
528,2023-01-01,Credit,Salary,2006,bad
528,2023-01-02,Debit,UPI_Lending_App,247,bad
528,2023-01-11,Debit,UPI_Lending_App,329,bad
528,2023-01-12,Debit,Discretionary,464,bad
528,2023-01-13,Debit,UPI_Lending_App,285,bad
528,2023-01-15,Debit,UPI_Lending_App,411,bad
528,2023-01-26,Debit,UPI_Lending_App,270,bad
528,2023-01-31,Credit,Salary,1909,bad
528,2023-02-04,Debit,UPI_Lending_App,149,bad
528,2023-02-14,Debit,Discretionary,479,bad
528,2023-02-22,Debit,UPI_Lending_App,133,bad
528,2023-03-02,Credit,Salary,2065,bad
528,2023-03-07,Debit,UPI_Lending_App,387,bad
528,2023-03-18,Debit,UPI_Lending_App,229,bad
528,2023-03-26,Debit,Discretionary,522,bad
528,2023-03-27,Debit,UPI_Lending_App,258,bad
528,2023-04-01,Credit,Salary,2153,bad
528,2023-04-02,Debit,UPI_Lending_App,420,bad
528,2023-04-03,Debit,UPI_Lending_App,121,bad
528,2023-04-06,Debit,UPI_Lending_App,263,bad
528,2023-04-17,Debit,UPI_Lending_App,295,bad
528,2023-04-20,Debit,UPI_Lending_App,127,bad
528,2023-04-24,Debit,Discretionary,474,bad
528,2023-05-04,Credit,Salary,1827,bad
528,2023-05-10,Debit,UPI_Lending_App,415,bad
528,2023-05-14,Debit,UPI_Lending_App,230,bad
528,2023-05-15,Debit,Discretionary,62,bad
528,2023-05-17,Debit,UPI_Lending_App,163,bad
528,2023-05-22,Debit,UPI_Lending_App,114,bad
528,2023-05-26,Debit,UPI_Lending_App,207,bad
528,2023-06-03,Debit,UPI_Lending_App,439,bad
528,2023-06-06,Credit,Salary,1850,bad
528,2023-06-16,Debit,UPI_Lending_App,227,bad
528,2023-06-23,Debit,UPI_Lending_App,405,bad
528,2023-06-25,Debit,UPI_Lending_App,196,bad
528,2023-06-25,Debit,Discretionary,138,bad
529,2023-01-01,Credit,Salary,1872,good
529,2023-01-10,Debit,Discretionary,451,good
529,2023-01-31,Credit,Salary,1937,good
529,2023-02-18,Debit,UPI_Lending_App,401,good
529,2023-02-22,Debit,Discretionary,461,good
529,2023-03-02,Credit,Salary,1869,good
529,2023-03-20,Debit,Discretionary,521,good
529,2023-04-01,Credit,Salary,2088,good
529,2023-04-20,Debit,Discretionary,457,good
529,2023-05-01,Credit,Salary,2122,good
529,2023-05-09,Debit,Discretionary,529,good
529,2023-05-31,Credit,Salary,2087,good
529,2023-06-05,Debit,Discretionary,511,good
530,2023-01-01,Credit,Salary,1963,good
530,2023-01-14,Debit,Discretionary,485,good
530,2023-01-31,Credit,Salary,1986,good
530,2023-02-19,Debit,Discretionary,515,good
530,2023-03-02,Credit,Salary,1842,good
530,2023-03-20,Debit,Discretionary,469,good
530,2023-04-01,Credit,Salary,1975,good
530,2023-04-16,Debit,Discretionary,477,good
530,2023-05-01,Credit,Salary,1943,good
530,2023-05-11,Debit,Discretionary,503,good
530,2023-05-31,Credit,Salary,1892,good
530,2023-06-20,Debit,Discretionary,538,good
531,2023-01-01,Credit,Salary,2021,bad
531,2023-01-03,Debit,UPI_Lending_App,336,bad
531,2023-01-09,Debit,UPI_Lending_App,291,bad
531,2023-01-24,Debit,Discretionary,532,bad
531,2023-01-26,Debit,UPI_Lending_App,81,bad
531,2023-01-29,Debit,UPI_Lending_App,316,bad
531,2023-01-31,Credit,Salary,1938,bad
531,2023-02-05,Debit,Discretionary,524,bad
531,2023-02-18,Debit,UPI_Lending_App,259,bad
531,2023-02-22,Debit,UPI_Lending_App,489,bad
531,2023-03-02,Credit,Salary,2141,bad
531,2023-03-03,Debit,UPI_Lending_App,420,bad
531,2023-03-05,Debit,UPI_Lending_App,373,bad
531,2023-03-06,Debit,UPI_Lending_App,202,bad
531,2023-03-19,Debit,Discretionary,452,bad
531,2023-03-25,Debit,UPI_Lending_App,442,bad
531,2023-04-01,Credit,Salary,1990,bad
531,2023-04-02,Debit,UPI_Lending_App,198,bad
531,2023-04-06,Debit,UPI_Lending_App,138,bad
531,2023-04-10,Debit,Discretionary,537,bad
531,2023-04-18,Debit,UPI_Lending_App,52,bad
531,2023-05-06,Debit,UPI_Lending_App,473,bad
531,2023-05-08,Credit,Salary,1891,bad
531,2023-05-13,Debit,Discretionary,113,bad
531,2023-05-25,Debit,UPI_Lending_App,128,bad
531,2023-05-31,Credit,Salary,2016,bad
531,2023-06-16,Debit,Discretionary,123,bad
531,2023-06-23,Debit,UPI_Lending_App,335,bad
532,2023-01-01,Credit,Salary,1929,good
532,2023-01-20,Debit,Discretionary,528,good
532,2023-01-31,Credit,Salary,1937,good
532,2023-02-15,Debit,Discretionary,472,good
532,2023-03-02,Credit,Salary,2031,good
532,2023-03-10,Debit,UPI_Lending_App,236,good
532,2023-03-13,Debit,Discretionary,462,good
532,2023-04-01,Credit,Salary,2193,good
532,2023-04-15,Debit,Discretionary,506,good
532,2023-05-01,Credit,Salary,2194,good
532,2023-05-17,Debit,Discretionary,506,good
532,2023-05-31,Credit,Salary,1946,good
532,2023-06-06,Debit,Discretionary,474,good
533,2023-01-01,Credit,Salary,1808,good
533,2023-01-25,Debit,Discretionary,486,good
533,2023-01-31,Credit,Salary,2176,good
533,2023-02-06,Debit,Discretionary,494,good
533,2023-03-02,Credit,Salary,1993,good
533,2023-03-18,Debit,UPI_Lending_App,177,good
533,2023-03-27,Debit,Discretionary,537,good
533,2023-04-01,Credit,Salary,2180,good
533,2023-04-15,Debit,Discretionary,522,good
533,2023-05-01,Credit,Salary,2026,good
533,2023-05-25,Debit,Discretionary,455,good
533,2023-05-31,Credit,Salary,1839,good
533,2023-06-05,Debit,Discretionary,498,good
534,2023-01-01,Credit,Salary,2054,good
534,2023-01-18,Debit,Discretionary,504,good
534,2023-01-31,Credit,Salary,2059,good
534,2023-02-19,Debit,Discretionary,517,good
534,2023-03-02,Credit,Salary,2039,good
534,2023-03-14,Debit,Discretionary,462,good
534,2023-04-01,Credit,Salary,2073,good
534,2023-04-08,Debit,Discretionary,515,good
534,2023-05-01,Credit,Salary,2055,good
534,2023-05-17,Debit,UPI_Lending_App,435,good
534,2023-05-24,Debit,Discretionary,488,good
534,2023-05-31,Credit,Salary,2029,good
534,2023-06-24,Debit,Discretionary,466,good
535,2023-01-01,Credit,Salary,2019,bad
535,2023-01-08,Debit,UPI_Lending_App,337,bad
535,2023-01-13,Debit,Discretionary,545,bad
535,2023-01-16,Debit,UPI_Lending_App,195,bad
535,2023-01-23,Debit,UPI_Lending_App,151,bad
535,2023-01-24,Debit,UPI_Lending_App,330,bad
535,2023-01-31,Credit,Salary,2098,bad
535,2023-02-14,Debit,UPI_Lending_App,121,bad
535,2023-02-18,Debit,Discretionary,457,bad
535,2023-03-02,Credit,Salary,2152,bad
535,2023-03-03,Debit,UPI_Lending_App,320,bad
535,2023-03-16,Debit,UPI_Lending_App,337,bad
535,2023-03-16,Debit,Discretionary,506,bad
535,2023-03-18,Debit,UPI_Lending_App,79,bad
535,2023-03-23,Debit,UPI_Lending_App,484,bad
535,2023-03-24,Debit,UPI_Lending_App,453,bad
535,2023-04-01,Credit,Salary,2092,bad
535,2023-04-12,Debit,Discretionary,463,bad
535,2023-04-27,Debit,UPI_Lending_App,112,bad
535,2023-05-07,Credit,Salary,2038,bad
535,2023-05-13,Debit,UPI_Lending_App,366,bad
535,2023-05-17,Debit,UPI_Lending_App,386,bad
535,2023-05-22,Debit,UPI_Lending_App,486,bad
535,2023-05-23,Debit,Discretionary,73,bad
535,2023-06-03,Debit,UPI_Lending_App,189,bad
535,2023-06-06,Credit,Salary,2141,bad
535,2023-06-15,Debit,Discretionary,112,bad
535,2023-06-28,Debit,UPI_Lending_App,196,bad
536,2023-01-01,Credit,Salary,2167,good
536,2023-01-26,Debit,Discretionary,485,good
536,2023-01-31,Credit,Salary,2189,good
536,2023-02-12,Debit,Discretionary,453,good
536,2023-03-02,Credit,Salary,1883,good
536,2023-03-13,Debit,Discretionary,537,good
536,2023-04-01,Credit,Salary,1860,good
536,2023-04-06,Debit,Discretionary,476,good
536,2023-05-01,Credit,Salary,1848,good
536,2023-05-16,Debit,Discretionary,485,good
536,2023-05-31,Credit,Salary,2126,good
536,2023-06-14,Debit,Discretionary,456,good
537,2023-01-01,Credit,Salary,2111,good
537,2023-01-10,Debit,Discretionary,457,good
537,2023-01-31,Credit,Salary,1891,good
537,2023-02-20,Debit,Discretionary,470,good
537,2023-03-02,Credit,Salary,1951,good
537,2023-03-16,Debit,Discretionary,546,good
537,2023-04-01,Credit,Salary,1809,good
537,2023-04-22,Debit,Discretionary,532,good
537,2023-05-01,Credit,Salary,2093,good
537,2023-05-24,Debit,Discretionary,514,good
537,2023-05-31,Credit,Salary,1875,good
537,2023-06-10,Debit,Discretionary,492,good
538,2023-01-01,Credit,Salary,1963,bad
538,2023-01-04,Debit,UPI_Lending_App,286,bad
538,2023-01-05,Debit,UPI_Lending_App,269,bad
538,2023-01-14,Debit,UPI_Lending_App,294,bad
538,2023-01-15,Debit,UPI_Lending_App,136,bad
538,2023-01-16,Debit,UPI_Lending_App,258,bad
538,2023-01-19,Debit,Discretionary,457,bad
538,2023-01-31,Credit,Salary,1857,bad
538,2023-02-07,Debit,UPI_Lending_App,169,bad
538,2023-02-08,Debit,UPI_Lending_App,391,bad
538,2023-02-08,Debit,UPI_Lending_App,142,bad
538,2023-02-08,Debit,UPI_Lending_App,64,bad
538,2023-02-11,Debit,UPI_Lending_App,133,bad
538,2023-02-11,Debit,Discretionary,485,bad
538,2023-03-02,Credit,Salary,1966,bad
538,2023-03-06,Debit,UPI_Lending_App,291,bad
538,2023-03-08,Debit,UPI_Lending_App,244,bad
538,2023-03-13,Debit,UPI_Lending_App,253,bad
538,2023-03-13,Debit,UPI_Lending_App,233,bad
538,2023-03-14,Debit,Discretionary,462,bad
538,2023-04-01,Credit,Salary,2096,bad
538,2023-04-06,Debit,UPI_Lending_App,58,bad
538,2023-04-14,Debit,UPI_Lending_App,215,bad
538,2023-04-18,Debit,Discretionary,547,bad
538,2023-05-03,Debit,UPI_Lending_App,326,bad
538,2023-05-04,Credit,Salary,1977,bad
538,2023-05-21,Debit,Discretionary,140,bad
538,2023-05-31,Credit,Salary,1852,bad
538,2023-06-08,Debit,UPI_Lending_App,453,bad
538,2023-06-15,Debit,Discretionary,112,bad
539,2023-01-01,Credit,Salary,2150,good
539,2023-01-12,Debit,UPI_Lending_App,498,good
539,2023-01-21,Debit,Discretionary,487,good
539,2023-01-31,Credit,Salary,2092,good
539,2023-02-12,Debit,Discretionary,545,good
539,2023-03-02,Credit,Salary,1866,good
539,2023-03-18,Debit,Discretionary,517,good
539,2023-04-01,Credit,Salary,1943,good
539,2023-04-08,Debit,Discretionary,531,good
539,2023-05-01,Credit,Salary,1904,good
539,2023-05-10,Debit,Discretionary,536,good
539,2023-05-31,Credit,Salary,1981,good
539,2023-06-15,Debit,Discretionary,472,good
540,2023-01-01,Credit,Salary,2046,bad
540,2023-01-06,Debit,UPI_Lending_App,310,bad
540,2023-01-12,Debit,UPI_Lending_App,246,bad
540,2023-01-17,Debit,Discretionary,546,bad
540,2023-01-22,Debit,UPI_Lending_App,331,bad
540,2023-01-31,Credit,Salary,1905,bad
540,2023-02-03,Debit,UPI_Lending_App,321,bad
540,2023-02-05,Debit,UPI_Lending_App,439,bad
540,2023-02-07,Debit,UPI_Lending_App,286,bad
540,2023-02-20,Debit,UPI_Lending_App,291,bad
540,2023-02-22,Debit,Discretionary,484,bad
540,2023-02-24,Debit,UPI_Lending_App,90,bad
540,2023-03-02,Credit,Salary,2096,bad
540,2023-03-13,Debit,Discretionary,531,bad
540,2023-03-14,Debit,UPI_Lending_App,444,bad
540,2023-03-26,Debit,UPI_Lending_App,397,bad
540,2023-03-28,Debit,UPI_Lending_App,458,bad
540,2023-03-30,Debit,UPI_Lending_App,327,bad
540,2023-04-01,Credit,Salary,2060,bad
540,2023-04-02,Debit,UPI_Lending_App,96,bad
540,2023-04-16,Debit,Discretionary,509,bad
540,2023-05-08,Credit,Salary,1959,bad
540,2023-05-17,Debit,UPI_Lending_App,444,bad
540,2023-05-22,Debit,Discretionary,64,bad
540,2023-05-26,Debit,UPI_Lending_App,242,bad
540,2023-05-28,Debit,UPI_Lending_App,237,bad
540,2023-06-06,Credit,Salary,2116,bad
540,2023-06-12,Debit,UPI_Lending_App,412,bad
540,2023-06-18,Debit,Discretionary,146,bad
540,2023-06-19,Debit,UPI_Lending_App,243,bad
541,2023-01-01,Credit,Salary,1969,good
541,2023-01-16,Debit,Discretionary,524,good
541,2023-01-31,Credit,Salary,1993,good
541,2023-02-22,Debit,Discretionary,458,good
541,2023-03-02,Credit,Salary,1933,good
541,2023-03-15,Debit,Discretionary,506,good
541,2023-04-01,Credit,Salary,2090,good
541,2023-04-09,Debit,Discretionary,534,good
541,2023-05-01,Credit,Salary,1994,good
541,2023-05-06,Debit,Discretionary,474,good
541,2023-05-31,Credit,Salary,1932,good
541,2023-06-13,Debit,Discretionary,459,good
542,2023-01-01,Credit,Salary,2039,bad
542,2023-01-08,Debit,UPI_Lending_App,453,bad
542,2023-01-19,Debit,Discretionary,482,bad
542,2023-01-25,Debit,UPI_Lending_App,473,bad
542,2023-01-31,Credit,Salary,1969,bad
542,2023-02-08,Debit,Discretionary,539,bad
542,2023-02-16,Debit,UPI_Lending_App,145,bad
542,2023-02-18,Debit,UPI_Lending_App,447,bad
542,2023-02-19,Debit,UPI_Lending_App,305,bad
542,2023-02-20,Debit,UPI_Lending_App,97,bad
542,2023-03-02,Credit,Salary,1892,bad
542,2023-03-03,Debit,UPI_Lending_App,300,bad
542,2023-03-05,Debit,UPI_Lending_App,339,bad
542,2023-03-22,Debit,Discretionary,528,bad
542,2023-03-27,Debit,UPI_Lending_App,153,bad
542,2023-04-01,Credit,Salary,2180,bad
542,2023-04-02,Debit,UPI_Lending_App,207,bad
542,2023-04-09,Debit,UPI_Lending_App,463,bad
542,2023-04-10,Debit,Discretionary,476,bad
542,2023-04-15,Debit,UPI_Lending_App,302,bad
542,2023-04-27,Debit,UPI_Lending_App,356,bad
542,2023-05-01,Credit,Salary,2175,bad
542,2023-05-04,Debit,UPI_Lending_App,223,bad
542,2023-05-06,Debit,UPI_Lending_App,270,bad
542,2023-05-06,Debit,Discretionary,110,bad
542,2023-05-26,Debit,UPI_Lending_App,412,bad
542,2023-05-28,Debit,UPI_Lending_App,215,bad
542,2023-05-28,Debit,UPI_Lending_App,198,bad
542,2023-05-31,Credit,Salary,2033,bad
542,2023-06-04,Debit,UPI_Lending_App,60,bad
542,2023-06-08,Debit,Discretionary,99,bad
542,2023-06-11,Debit,UPI_Lending_App,58,bad
542,2023-06-17,Debit,UPI_Lending_App,167,bad
542,2023-06-28,Debit,UPI_Lending_App,364,bad
543,2023-01-01,Credit,Salary,1827,bad
543,2023-01-13,Debit,UPI_Lending_App,121,bad
543,2023-01-17,Debit,Discretionary,519,bad
543,2023-01-31,Credit,Salary,1868,bad
543,2023-02-03,Debit,UPI_Lending_App,216,bad
543,2023-02-05,Debit,Discretionary,466,bad
543,2023-02-22,Debit,UPI_Lending_App,247,bad
543,2023-02-22,Debit,UPI_Lending_App,289,bad
543,2023-03-02,Credit,Salary,2072,bad
543,2023-03-22,Debit,Discretionary,517,bad
543,2023-03-23,Debit,UPI_Lending_App,173,bad
543,2023-03-24,Debit,UPI_Lending_App,359,bad
543,2023-04-01,Credit,Salary,1883,bad
543,2023-04-07,Debit,Discretionary,459,bad
543,2023-04-11,Debit,UPI_Lending_App,296,bad
543,2023-04-13,Debit,UPI_Lending_App,213,bad
543,2023-04-19,Debit,UPI_Lending_App,223,bad
543,2023-04-20,Debit,UPI_Lending_App,77,bad
543,2023-04-29,Debit,UPI_Lending_App,216,bad
543,2023-05-02,Debit,UPI_Lending_App,120,bad
543,2023-05-05,Credit,Salary,2072,bad
543,2023-05-17,Debit,UPI_Lending_App,294,bad
543,2023-05-23,Debit,UPI_Lending_App,102,bad
543,2023-05-25,Debit,Discretionary,130,bad
543,2023-06-04,Credit,Salary,2112,bad
543,2023-06-10,Debit,UPI_Lending_App,418,bad
543,2023-06-24,Debit,Discretionary,121,bad
544,2023-01-01,Credit,Salary,2138,good
544,2023-01-16,Debit,Discretionary,504,good
544,2023-01-31,Credit,Salary,1872,good
544,2023-02-23,Debit,Discretionary,549,good
544,2023-03-02,Credit,Salary,1997,good
544,2023-03-22,Debit,Discretionary,527,good
544,2023-04-01,Credit,Salary,1843,good
544,2023-04-18,Debit,Discretionary,531,good
544,2023-05-01,Credit,Salary,2170,good
544,2023-05-18,Debit,Discretionary,527,good
544,2023-05-31,Credit,Salary,2013,good
544,2023-06-20,Debit,Discretionary,470,good
545,2023-01-01,Credit,Salary,2103,bad
545,2023-01-04,Debit,UPI_Lending_App,71,bad
545,2023-01-07,Debit,Discretionary,485,bad
545,2023-01-11,Debit,UPI_Lending_App,436,bad
545,2023-01-18,Debit,UPI_Lending_App,188,bad
545,2023-01-27,Debit,UPI_Lending_App,236,bad
545,2023-01-28,Debit,UPI_Lending_App,450,bad
545,2023-01-31,Credit,Salary,1886,bad
545,2023-02-05,Debit,UPI_Lending_App,58,bad
545,2023-02-07,Debit,UPI_Lending_App,178,bad
545,2023-02-09,Debit,Discretionary,545,bad
545,2023-02-17,Debit,UPI_Lending_App,93,bad
545,2023-02-18,Debit,UPI_Lending_App,269,bad
545,2023-02-20,Debit,UPI_Lending_App,332,bad
545,2023-03-02,Credit,Salary,2193,bad
545,2023-03-07,Debit,UPI_Lending_App,123,bad
545,2023-03-09,Debit,UPI_Lending_App,257,bad
545,2023-03-21,Debit,Discretionary,489,bad
545,2023-03-29,Debit,UPI_Lending_App,85,bad
545,2023-04-01,Credit,Salary,2176,bad
545,2023-04-06,Debit,UPI_Lending_App,334,bad
545,2023-04-07,Debit,Discretionary,495,bad
545,2023-04-10,Debit,UPI_Lending_App,321,bad
545,2023-04-15,Debit,UPI_Lending_App,476,bad
545,2023-05-01,Credit,Salary,1941,bad
545,2023-05-22,Debit,UPI_Lending_App,201,bad
545,2023-05-25,Debit,Discretionary,85,bad
545,2023-06-05,Credit,Salary,2096,bad
545,2023-06-07,Debit,UPI_Lending_App,498,bad
545,2023-06-12,Debit,UPI_Lending_App,332,bad
545,2023-06-17,Debit,Discretionary,137,bad
545,2023-06-18,Debit,UPI_Lending_App,485,bad
546,2023-01-01,Credit,Salary,2109,good
546,2023-01-07,Debit,Discretionary,482,good
546,2023-01-31,Credit,Salary,2188,good
546,2023-02-09,Debit,Discretionary,484,good
546,2023-03-02,Credit,Salary,1950,good
546,2023-03-24,Debit,Discretionary,533,good
546,2023-04-01,Credit,Salary,1908,good
546,2023-04-26,Debit,Discretionary,535,good
546,2023-05-01,Credit,Salary,1819,good
546,2023-05-24,Debit,UPI_Lending_App,148,good
546,2023-05-26,Debit,Discretionary,519,good
546,2023-05-31,Credit,Salary,2002,good
546,2023-06-12,Debit,Discretionary,494,good
547,2023-01-01,Credit,Salary,2085,good
547,2023-01-17,Debit,Discretionary,493,good
547,2023-01-25,Debit,UPI_Lending_App,218,good
547,2023-01-31,Credit,Salary,2199,good
547,2023-02-15,Debit,Discretionary,458,good
547,2023-03-02,Credit,Salary,2131,good
547,2023-03-11,Debit,Discretionary,517,good
547,2023-04-01,Credit,Salary,1869,good
547,2023-04-10,Debit,Discretionary,539,good
547,2023-05-01,Credit,Salary,1832,good
547,2023-05-13,Debit,Discretionary,481,good
547,2023-05-31,Credit,Salary,2127,good
547,2023-06-18,Debit,Discretionary,465,good
548,2023-01-01,Credit,Salary,1988,bad
548,2023-01-02,Debit,UPI_Lending_App,81,bad
548,2023-01-05,Debit,UPI_Lending_App,169,bad
548,2023-01-16,Debit,Discretionary,533,bad
548,2023-01-20,Debit,UPI_Lending_App,367,bad
548,2023-01-31,Credit,Salary,1976,bad
548,2023-02-05,Debit,UPI_Lending_App,452,bad
548,2023-02-08,Debit,UPI_Lending_App,92,bad
548,2023-02-14,Debit,Discretionary,498,bad
548,2023-03-02,Credit,Salary,1812,bad
548,2023-03-05,Debit,UPI_Lending_App,244,bad
548,2023-03-19,Debit,UPI_Lending_App,201,bad
548,2023-03-19,Debit,Discretionary,492,bad
548,2023-03-20,Debit,UPI_Lending_App,202,bad
548,2023-04-01,Credit,Salary,2191,bad
548,2023-04-06,Debit,Discretionary,543,bad
548,2023-04-09,Debit,UPI_Lending_App,206,bad
548,2023-04-15,Debit,UPI_Lending_App,406,bad
548,2023-04-22,Debit,UPI_Lending_App,58,bad
548,2023-04-23,Debit,UPI_Lending_App,467,bad
548,2023-05-03,Debit,UPI_Lending_App,385,bad
548,2023-05-08,Credit,Salary,2116,bad
548,2023-05-23,Debit,UPI_Lending_App,441,bad
548,2023-05-23,Debit,Discretionary,96,bad
548,2023-05-31,Credit,Salary,1854,bad
548,2023-06-01,Debit,UPI_Lending_App,440,bad
548,2023-06-01,Debit,UPI_Lending_App,465,bad
548,2023-06-24,Debit,Discretionary,127,bad
549,2023-01-01,Credit,Salary,2113,good
549,2023-01-22,Debit,Discretionary,467,good
549,2023-01-31,Credit,Salary,1849,good
549,2023-02-24,Debit,Discretionary,467,good
549,2023-03-02,Credit,Salary,2123,good
549,2023-03-17,Debit,Discretionary,517,good
549,2023-04-01,Credit,Salary,1962,good
549,2023-04-11,Debit,Discretionary,511,good
549,2023-05-01,Credit,Salary,1928,good
549,2023-05-13,Debit,Discretionary,521,good
549,2023-05-31,Credit,Salary,2124,good
549,2023-06-11,Debit,Discretionary,526,good
550,2023-01-01,Credit,Salary,1953,good
550,2023-01-20,Debit,UPI_Lending_App,154,good
550,2023-01-26,Debit,Discretionary,535,good
550,2023-01-31,Credit,Salary,2198,good
550,2023-02-15,Debit,Discretionary,519,good
550,2023-03-02,Credit,Salary,1819,good
550,2023-03-15,Debit,Discretionary,485,good
550,2023-04-01,Credit,Salary,1989,good
550,2023-04-07,Debit,Discretionary,502,good
550,2023-05-01,Credit,Salary,1990,good
550,2023-05-11,Debit,Discretionary,516,good
550,2023-05-31,Credit,Salary,1801,good
550,2023-06-24,Debit,Discretionary,479,good
551,2023-01-01,Credit,Salary,2013,good
551,2023-01-22,Debit,Discretionary,533,good
551,2023-01-26,Debit,UPI_Lending_App,333,good
551,2023-01-31,Credit,Salary,2006,good
551,2023-02-15,Debit,Discretionary,505,good
551,2023-03-02,Credit,Salary,1998,good
551,2023-03-15,Debit,Discretionary,493,good
551,2023-04-01,Credit,Salary,1953,good
551,2023-04-22,Debit,Discretionary,513,good
551,2023-05-01,Credit,Salary,2098,good
551,2023-05-26,Debit,Discretionary,473,good
551,2023-05-31,Credit,Salary,2179,good
551,2023-06-21,Debit,Discretionary,478,good
552,2023-01-01,Credit,Salary,1832,bad
552,2023-01-09,Debit,UPI_Lending_App,154,bad
552,2023-01-10,Debit,Discretionary,456,bad
552,2023-01-24,Debit,UPI_Lending_App,207,bad
552,2023-01-25,Debit,UPI_Lending_App,401,bad
552,2023-01-31,Credit,Salary,2037,bad
552,2023-02-01,Debit,UPI_Lending_App,472,bad
552,2023-02-10,Debit,UPI_Lending_App,211,bad
552,2023-02-12,Debit,UPI_Lending_App,360,bad
552,2023-02-13,Debit,UPI_Lending_App,400,bad
552,2023-02-22,Debit,UPI_Lending_App,179,bad
552,2023-02-24,Debit,Discretionary,458,bad
552,2023-03-02,Credit,Salary,2129,bad
552,2023-03-07,Debit,UPI_Lending_App,129,bad
552,2023-03-10,Debit,Discretionary,512,bad
552,2023-04-01,Credit,Salary,2055,bad
552,2023-04-06,Debit,UPI_Lending_App,303,bad
552,2023-04-18,Debit,UPI_Lending_App,324,bad
552,2023-04-18,Debit,UPI_Lending_App,85,bad
552,2023-04-21,Debit,Discretionary,457,bad
552,2023-04-23,Debit,UPI_Lending_App,179,bad
552,2023-04-27,Debit,UPI_Lending_App,212,bad
552,2023-05-05,Credit,Salary,2140,bad
552,2023-05-10,Debit,UPI_Lending_App,454,bad
552,2023-05-13,Debit,Discretionary,94,bad
552,2023-05-15,Debit,UPI_Lending_App,279,bad
552,2023-05-16,Debit,UPI_Lending_App,248,bad
552,2023-05-28,Debit,UPI_Lending_App,56,bad
552,2023-05-28,Debit,UPI_Lending_App,478,bad
552,2023-05-31,Credit,Salary,2062,bad
552,2023-06-09,Debit,UPI_Lending_App,327,bad
552,2023-06-12,Debit,UPI_Lending_App,319,bad
552,2023-06-18,Debit,Discretionary,62,bad
553,2023-01-01,Credit,Salary,2157,good
553,2023-01-11,Debit,Discretionary,542,good
553,2023-01-31,Credit,Salary,1828,good
553,2023-02-23,Debit,Discretionary,509,good
553,2023-03-02,Credit,Salary,2074,good
553,2023-03-23,Debit,Discretionary,463,good
553,2023-04-01,Credit,Salary,2118,good
553,2023-04-16,Debit,Discretionary,530,good
553,2023-05-01,Credit,Salary,1968,good
553,2023-05-19,Debit,Discretionary,491,good
553,2023-05-31,Credit,Salary,1933,good
553,2023-06-22,Debit,Discretionary,517,good
554,2023-01-01,Credit,Salary,2065,good
554,2023-01-24,Debit,Discretionary,470,good
554,2023-01-31,Credit,Salary,2180,good
554,2023-02-07,Debit,Discretionary,450,good
554,2023-03-02,Credit,Salary,2117,good
554,2023-03-17,Debit,Discretionary,542,good
554,2023-04-01,Credit,Salary,1979,good
554,2023-04-15,Debit,Discretionary,489,good
554,2023-05-01,Credit,Salary,1981,good
554,2023-05-21,Debit,Discretionary,534,good
554,2023-05-31,Credit,Salary,2183,good
554,2023-06-08,Debit,Discretionary,483,good
555,2023-01-01,Credit,Salary,2177,bad
555,2023-01-02,Debit,UPI_Lending_App,294,bad
555,2023-01-08,Debit,UPI_Lending_App,217,bad
555,2023-01-21,Debit,UPI_Lending_App,320,bad
555,2023-01-25,Debit,Discretionary,549,bad
555,2023-01-31,Credit,Salary,1859,bad
555,2023-02-11,Debit,Discretionary,549,bad
555,2023-02-12,Debit,UPI_Lending_App,336,bad
555,2023-02-17,Debit,UPI_Lending_App,302,bad
555,2023-02-20,Debit,UPI_Lending_App,123,bad
555,2023-02-24,Debit,UPI_Lending_App,248,bad
555,2023-02-26,Debit,UPI_Lending_App,184,bad
555,2023-03-02,Credit,Salary,1948,bad
555,2023-03-14,Debit,UPI_Lending_App,434,bad
555,2023-03-25,Debit,Discretionary,456,bad
555,2023-04-01,Credit,Salary,2001,bad
555,2023-04-06,Debit,UPI_Lending_App,305,bad
555,2023-04-09,Debit,Discretionary,471,bad
555,2023-04-21,Debit,UPI_Lending_App,313,bad
555,2023-04-24,Debit,UPI_Lending_App,199,bad
555,2023-04-29,Debit,UPI_Lending_App,221,bad
555,2023-05-08,Credit,Salary,1806,bad
555,2023-05-15,Debit,Discretionary,115,bad
555,2023-05-17,Debit,UPI_Lending_App,255,bad
555,2023-05-20,Debit,UPI_Lending_App,318,bad
555,2023-05-24,Debit,UPI_Lending_App,202,bad
555,2023-05-31,Credit,Salary,2002,bad
555,2023-06-19,Debit,Discretionary,82,bad
555,2023-06-20,Debit,UPI_Lending_App,341,bad
556,2023-01-01,Credit,Salary,2074,bad
556,2023-01-11,Debit,UPI_Lending_App,129,bad
556,2023-01-14,Debit,UPI_Lending_App,231,bad
556,2023-01-17,Debit,UPI_Lending_App,210,bad
556,2023-01-19,Debit,Discretionary,531,bad
556,2023-01-21,Debit,UPI_Lending_App,368,bad
556,2023-01-23,Debit,UPI_Lending_App,450,bad
556,2023-01-31,Credit,Salary,1931,bad
556,2023-02-03,Debit,UPI_Lending_App,289,bad
556,2023-02-03,Debit,UPI_Lending_App,479,bad
556,2023-02-21,Debit,UPI_Lending_App,473,bad
556,2023-02-23,Debit,Discretionary,489,bad
556,2023-02-28,Debit,UPI_Lending_App,56,bad
556,2023-03-02,Credit,Salary,1987,bad
556,2023-03-03,Debit,UPI_Lending_App,355,bad
556,2023-03-09,Debit,Discretionary,493,bad
556,2023-03-13,Debit,UPI_Lending_App,114,bad
556,2023-03-29,Debit,UPI_Lending_App,422,bad
556,2023-04-01,Credit,Salary,1849,bad
556,2023-04-10,Debit,UPI_Lending_App,212,bad
556,2023-04-17,Debit,Discretionary,462,bad
556,2023-05-03,Debit,UPI_Lending_App,157,bad
556,2023-05-07,Credit,Salary,2076,bad
556,2023-05-12,Debit,UPI_Lending_App,57,bad
556,2023-05-12,Debit,Discretionary,63,bad
556,2023-05-23,Debit,UPI_Lending_App,358,bad
556,2023-05-31,Credit,Salary,1829,bad
556,2023-06-05,Debit,UPI_Lending_App,424,bad
556,2023-06-08,Debit,UPI_Lending_App,226,bad
556,2023-06-22,Debit,Discretionary,82,bad
556,2023-06-23,Debit,UPI_Lending_App,243,bad
556,2023-06-25,Debit,UPI_Lending_App,286,bad
557,2023-01-01,Credit,Salary,2100,bad
557,2023-01-12,Debit,UPI_Lending_App,267,bad
557,2023-01-22,Debit,Discretionary,536,bad
557,2023-01-31,Credit,Salary,2055,bad
557,2023-02-03,Debit,UPI_Lending_App,128,bad
557,2023-02-18,Debit,Discretionary,512,bad
557,2023-02-27,Debit,UPI_Lending_App,250,bad
557,2023-03-02,Credit,Salary,1813,bad
557,2023-03-09,Debit,Discretionary,451,bad
557,2023-03-13,Debit,UPI_Lending_App,209,bad
557,2023-04-01,Credit,Salary,1821,bad
557,2023-04-06,Debit,UPI_Lending_App,298,bad
557,2023-04-16,Debit,UPI_Lending_App,371,bad
557,2023-04-23,Debit,UPI_Lending_App,123,bad
557,2023-04-25,Debit,UPI_Lending_App,113,bad
557,2023-04-25,Debit,Discretionary,546,bad
557,2023-05-01,Credit,Salary,1883,bad
557,2023-05-06,Debit,UPI_Lending_App,189,bad
557,2023-05-11,Debit,UPI_Lending_App,191,bad
557,2023-05-19,Debit,Discretionary,93,bad
557,2023-05-20,Debit,UPI_Lending_App,182,bad
557,2023-05-31,Credit,Salary,2026,bad
557,2023-06-08,Debit,Discretionary,53,bad
557,2023-06-26,Debit,UPI_Lending_App,114,bad
558,2023-01-01,Credit,Salary,2145,bad
558,2023-01-02,Debit,UPI_Lending_App,108,bad
558,2023-01-03,Debit,UPI_Lending_App,149,bad
558,2023-01-13,Debit,UPI_Lending_App,57,bad
558,2023-01-19,Debit,Discretionary,515,bad
558,2023-01-28,Debit,UPI_Lending_App,358,bad
558,2023-01-31,Credit,Salary,2154,bad
558,2023-02-03,Debit,UPI_Lending_App,290,bad
558,2023-02-19,Debit,UPI_Lending_App,194,bad
558,2023-02-19,Debit,Discretionary,543,bad
558,2023-02-21,Debit,UPI_Lending_App,255,bad
558,2023-03-02,Credit,Salary,2001,bad
558,2023-03-15,Debit,UPI_Lending_App,125,bad
558,2023-03-20,Debit,UPI_Lending_App,385,bad
558,2023-03-21,Debit,UPI_Lending_App,496,bad
558,2023-03-22,Debit,Discretionary,485,bad
558,2023-03-29,Debit,UPI_Lending_App,264,bad
558,2023-04-01,Credit,Salary,1824,bad
558,2023-04-06,Debit,Discretionary,472,bad
558,2023-04-12,Debit,UPI_Lending_App,347,bad
558,2023-04-14,Debit,UPI_Lending_App,232,bad
558,2023-04-22,Debit,UPI_Lending_App,211,bad
558,2023-05-02,Debit,UPI_Lending_App,384,bad
558,2023-05-06,Credit,Salary,1829,bad
558,2023-05-11,Debit,Discretionary,131,bad
558,2023-05-31,Credit,Salary,1876,bad
558,2023-06-05,Debit,UPI_Lending_App,355,bad
558,2023-06-06,Debit,UPI_Lending_App,377,bad
558,2023-06-15,Debit,UPI_Lending_App,151,bad
558,2023-06-22,Debit,UPI_Lending_App,166,bad
558,2023-06-24,Debit,Discretionary,124,bad
559,2023-01-01,Credit,Salary,2001,bad
559,2023-01-03,Debit,UPI_Lending_App,359,bad
559,2023-01-09,Debit,Discretionary,538,bad
559,2023-01-12,Debit,UPI_Lending_App,65,bad
559,2023-01-25,Debit,UPI_Lending_App,187,bad
559,2023-01-29,Debit,UPI_Lending_App,139,bad
559,2023-01-31,Credit,Salary,2131,bad
559,2023-02-05,Debit,UPI_Lending_App,322,bad
559,2023-02-08,Debit,UPI_Lending_App,309,bad
559,2023-02-19,Debit,UPI_Lending_App,59,bad
559,2023-02-21,Debit,Discretionary,451,bad
559,2023-03-02,Credit,Salary,1830,bad
559,2023-03-03,Debit,UPI_Lending_App,395,bad
559,2023-03-03,Debit,UPI_Lending_App,272,bad
559,2023-03-14,Debit,Discretionary,470,bad
559,2023-03-24,Debit,UPI_Lending_App,406,bad
559,2023-04-01,Credit,Salary,2073,bad
559,2023-04-11,Debit,Discretionary,474,bad
559,2023-04-23,Debit,UPI_Lending_App,287,bad
559,2023-04-24,Debit,UPI_Lending_App,100,bad
559,2023-04-25,Debit,UPI_Lending_App,246,bad
559,2023-04-26,Debit,UPI_Lending_App,230,bad
559,2023-04-27,Debit,UPI_Lending_App,464,bad
559,2023-05-04,Credit,Salary,1980,bad
559,2023-05-18,Debit,UPI_Lending_App,172,bad
559,2023-05-20,Debit,UPI_Lending_App,58,bad
559,2023-05-22,Debit,Discretionary,82,bad
559,2023-05-28,Debit,UPI_Lending_App,356,bad
559,2023-06-03,Credit,Salary,1969,bad
559,2023-06-03,Debit,UPI_Lending_App,103,bad
559,2023-06-13,Debit,Discretionary,104,bad
559,2023-06-15,Debit,UPI_Lending_App,244,bad
560,2023-01-01,Credit,Salary,1828,good
560,2023-01-18,Debit,Discretionary,491,good
560,2023-01-31,Credit,Salary,1964,good
560,2023-02-23,Debit,Discretionary,490,good
560,2023-03-02,Credit,Salary,2164,good
560,2023-03-20,Debit,Discretionary,526,good
560,2023-04-01,Credit,Salary,2091,good
560,2023-04-05,Debit,UPI_Lending_App,96,good
560,2023-04-13,Debit,Discretionary,498,good
560,2023-05-01,Credit,Salary,2189,good
560,2023-05-09,Debit,Discretionary,550,good
560,2023-05-31,Credit,Salary,1840,good
560,2023-06-10,Debit,Discretionary,523,good
561,2023-01-01,Credit,Salary,1963,bad
561,2023-01-04,Debit,UPI_Lending_App,327,bad
561,2023-01-26,Debit,Discretionary,540,bad
561,2023-01-31,Credit,Salary,2175,bad
561,2023-02-05,Debit,UPI_Lending_App,458,bad
561,2023-02-06,Debit,UPI_Lending_App,190,bad
561,2023-02-10,Debit,Discretionary,451,bad
561,2023-02-11,Debit,UPI_Lending_App,472,bad
561,2023-02-20,Debit,UPI_Lending_App,119,bad
561,2023-03-02,Credit,Salary,2157,bad
561,2023-03-04,Debit,UPI_Lending_App,408,bad
561,2023-03-09,Debit,UPI_Lending_App,389,bad
561,2023-03-24,Debit,Discretionary,532,bad
561,2023-03-25,Debit,UPI_Lending_App,142,bad
561,2023-03-25,Debit,UPI_Lending_App,235,bad
561,2023-03-28,Debit,UPI_Lending_App,328,bad
561,2023-04-01,Credit,Salary,1889,bad
561,2023-04-07,Debit,UPI_Lending_App,211,bad
561,2023-04-07,Debit,UPI_Lending_App,74,bad
561,2023-04-12,Debit,Discretionary,479,bad
561,2023-04-18,Debit,UPI_Lending_App,436,bad
561,2023-05-01,Credit,Salary,2138,bad
561,2023-05-08,Debit,UPI_Lending_App,255,bad
561,2023-05-09,Debit,UPI_Lending_App,394,bad
561,2023-05-10,Debit,Discretionary,125,bad
561,2023-05-17,Debit,UPI_Lending_App,360,bad
561,2023-05-25,Debit,UPI_Lending_App,167,bad
561,2023-05-31,Credit,Salary,2096,bad
561,2023-06-24,Debit,Discretionary,98,bad
561,2023-06-26,Debit,UPI_Lending_App,51,bad
562,2023-01-01,Credit,Salary,2074,good
562,2023-01-10,Debit,Discretionary,488,good
562,2023-01-31,Credit,Salary,1958,good
562,2023-02-17,Debit,Discretionary,519,good
562,2023-03-02,Credit,Salary,1914,good
562,2023-03-07,Debit,Discretionary,539,good
562,2023-04-01,Credit,Salary,2054,good
562,2023-04-26,Debit,Discretionary,452,good
562,2023-05-01,Credit,Salary,1917,good
562,2023-05-19,Debit,Discretionary,547,good
562,2023-05-31,Credit,Salary,2152,good
562,2023-06-25,Debit,Discretionary,459,good
563,2023-01-01,Credit,Salary,1970,bad
563,2023-01-06,Debit,UPI_Lending_App,188,bad
563,2023-01-07,Debit,Discretionary,494,bad
563,2023-01-16,Debit,UPI_Lending_App,480,bad
563,2023-01-19,Debit,UPI_Lending_App,235,bad
563,2023-01-27,Debit,UPI_Lending_App,110,bad
563,2023-01-29,Debit,UPI_Lending_App,252,bad
563,2023-01-31,Credit,Salary,2122,bad
563,2023-02-07,Debit,UPI_Lending_App,222,bad
563,2023-02-07,Debit,UPI_Lending_App,89,bad
563,2023-02-13,Debit,UPI_Lending_App,124,bad
563,2023-02-17,Debit,UPI_Lending_App,156,bad
563,2023-02-22,Debit,Discretionary,465,bad
563,2023-02-28,Debit,UPI_Lending_App,500,bad
563,2023-03-02,Credit,Salary,2008,bad
563,2023-03-10,Debit,UPI_Lending_App,301,bad
563,2023-03-11,Debit,UPI_Lending_App,259,bad
563,2023-03-26,Debit,Discretionary,459,bad
563,2023-04-01,Credit,Salary,2008,bad
563,2023-04-24,Debit,Discretionary,502,bad
563,2023-04-27,Debit,UPI_Lending_App,439,bad
563,2023-05-08,Credit,Salary,2148,bad
563,2023-05-10,Debit,Discretionary,85,bad
563,2023-05-17,Debit,UPI_Lending_App,180,bad
563,2023-06-03,Credit,Salary,1805,bad
563,2023-06-04,Debit,UPI_Lending_App,229,bad
563,2023-06-13,Debit,UPI_Lending_App,98,bad
563,2023-06-23,Debit,UPI_Lending_App,60,bad
563,2023-06-23,Debit,Discretionary,145,bad
563,2023-06-25,Debit,UPI_Lending_App,128,bad
563,2023-06-28,Debit,UPI_Lending_App,229,bad
564,2023-01-01,Credit,Salary,2095,good
564,2023-01-20,Debit,Discretionary,475,good
564,2023-01-31,Credit,Salary,1930,good
564,2023-02-08,Debit,Discretionary,521,good
564,2023-03-02,Credit,Salary,1865,good
564,2023-03-23,Debit,Discretionary,527,good
564,2023-04-01,Credit,Salary,2122,good
564,2023-04-11,Debit,Discretionary,490,good
564,2023-05-01,Credit,Salary,2191,good
564,2023-05-25,Debit,Discretionary,488,good
564,2023-05-31,Credit,Salary,2087,good
564,2023-06-05,Debit,Discretionary,451,good
565,2023-01-01,Credit,Salary,1918,good
565,2023-01-10,Debit,Discretionary,501,good
565,2023-01-31,Credit,Salary,2074,good
565,2023-02-15,Debit,Discretionary,543,good
565,2023-03-02,Credit,Salary,2064,good
565,2023-03-17,Debit,Discretionary,501,good
565,2023-04-01,Credit,Salary,2088,good
565,2023-04-17,Debit,Discretionary,463,good
565,2023-05-01,Credit,Salary,1956,good
565,2023-05-06,Debit,Discretionary,550,good
565,2023-05-31,Credit,Salary,1805,good
565,2023-06-23,Debit,Discretionary,493,good
566,2023-01-01,Credit,Salary,2097,bad
566,2023-01-13,Debit,UPI_Lending_App,65,bad
566,2023-01-16,Debit,UPI_Lending_App,344,bad
566,2023-01-17,Debit,UPI_Lending_App,223,bad
566,2023-01-17,Debit,Discretionary,456,bad
566,2023-01-31,Credit,Salary,1997,bad
566,2023-02-03,Debit,UPI_Lending_App,300,bad
566,2023-02-03,Debit,UPI_Lending_App,223,bad
566,2023-02-05,Debit,UPI_Lending_App,237,bad
566,2023-02-14,Debit,Discretionary,535,bad
566,2023-02-24,Debit,UPI_Lending_App,348,bad
566,2023-03-02,Credit,Salary,2115,bad
566,2023-03-08,Debit,UPI_Lending_App,274,bad
566,2023-03-09,Debit,UPI_Lending_App,443,bad
566,2023-03-25,Debit,Discretionary,538,bad
566,2023-04-01,Credit,Salary,2050,bad
566,2023-04-08,Debit,UPI_Lending_App,371,bad
566,2023-04-13,Debit,UPI_Lending_App,299,bad
566,2023-04-24,Debit,Discretionary,520,bad
566,2023-04-27,Debit,UPI_Lending_App,470,bad
566,2023-05-01,Credit,Salary,2128,bad
566,2023-05-11,Debit,UPI_Lending_App,56,bad
566,2023-05-20,Debit,UPI_Lending_App,495,bad
566,2023-05-21,Debit,Discretionary,60,bad
566,2023-06-04,Credit,Salary,1808,bad
566,2023-06-10,Debit,UPI_Lending_App,454,bad
566,2023-06-21,Debit,UPI_Lending_App,71,bad
566,2023-06-24,Debit,Discretionary,67,bad
567,2023-01-01,Credit,Salary,2086,good
567,2023-01-17,Debit,Discretionary,508,good
567,2023-01-31,Credit,Salary,1914,good
567,2023-02-15,Debit,Discretionary,478,good
567,2023-03-02,Credit,Salary,1887,good
567,2023-03-11,Debit,Discretionary,550,good
567,2023-04-01,Credit,Salary,2193,good
567,2023-04-06,Debit,Discretionary,486,good
567,2023-05-01,Credit,Salary,1806,good
567,2023-05-12,Debit,Discretionary,492,good
567,2023-05-31,Credit,Salary,2172,good
567,2023-06-18,Debit,Discretionary,511,good
568,2023-01-01,Credit,Salary,1984,good
568,2023-01-07,Debit,Discretionary,506,good
568,2023-01-31,Credit,Salary,1817,good
568,2023-02-16,Debit,Discretionary,480,good
568,2023-03-02,Credit,Salary,2115,good
568,2023-03-15,Debit,Discretionary,466,good
568,2023-03-17,Debit,UPI_Lending_App,495,good
568,2023-04-01,Credit,Salary,1838,good
568,2023-04-20,Debit,UPI_Lending_App,401,good
568,2023-04-26,Debit,Discretionary,501,good
568,2023-05-01,Credit,Salary,1842,good
568,2023-05-20,Debit,Discretionary,488,good
568,2023-05-31,Credit,Salary,1970,good
568,2023-06-12,Debit,Discretionary,515,good
569,2023-01-01,Credit,Salary,2026,bad
569,2023-01-09,Debit,UPI_Lending_App,309,bad
569,2023-01-09,Debit,UPI_Lending_App,85,bad
569,2023-01-13,Debit,UPI_Lending_App,109,bad
569,2023-01-13,Debit,Discretionary,550,bad
569,2023-01-31,Credit,Salary,2087,bad
569,2023-02-09,Debit,UPI_Lending_App,478,bad
569,2023-02-15,Debit,Discretionary,487,bad
569,2023-03-02,Credit,Salary,1977,bad
569,2023-03-08,Debit,UPI_Lending_App,363,bad
569,2023-03-16,Debit,Discretionary,485,bad
569,2023-03-20,Debit,UPI_Lending_App,221,bad
569,2023-03-26,Debit,UPI_Lending_App,229,bad
569,2023-03-26,Debit,UPI_Lending_App,201,bad
569,2023-04-01,Credit,Salary,2030,bad
569,2023-04-10,Debit,UPI_Lending_App,135,bad
569,2023-04-18,Debit,UPI_Lending_App,286,bad
569,2023-04-19,Debit,UPI_Lending_App,239,bad
569,2023-04-25,Debit,Discretionary,477,bad
569,2023-04-26,Debit,UPI_Lending_App,449,bad
569,2023-04-27,Debit,UPI_Lending_App,62,bad
569,2023-05-01,Credit,Salary,1814,bad
569,2023-05-20,Debit,UPI_Lending_App,302,bad
569,2023-05-22,Debit,Discretionary,113,bad
569,2023-06-06,Credit,Salary,2002,bad
569,2023-06-18,Debit,UPI_Lending_App,214,bad
569,2023-06-18,Debit,Discretionary,105,bad
570,2023-01-01,Credit,Salary,1917,bad
570,2023-01-05,Debit,UPI_Lending_App,409,bad
570,2023-01-07,Debit,Discretionary,463,bad
570,2023-01-14,Debit,UPI_Lending_App,106,bad
570,2023-01-19,Debit,UPI_Lending_App,428,bad
570,2023-01-31,Credit,Salary,2029,bad
570,2023-02-06,Debit,UPI_Lending_App,244,bad
570,2023-02-10,Debit,UPI_Lending_App,203,bad
570,2023-02-11,Debit,UPI_Lending_App,70,bad
570,2023-02-17,Debit,Discretionary,454,bad
570,2023-03-02,Credit,Salary,2075,bad
570,2023-03-04,Debit,UPI_Lending_App,324,bad
570,2023-03-13,Debit,UPI_Lending_App,304,bad
570,2023-03-27,Debit,Discretionary,461,bad
570,2023-03-30,Debit,UPI_Lending_App,340,bad
570,2023-04-01,Credit,Salary,1820,bad
570,2023-04-06,Debit,Discretionary,454,bad
570,2023-04-20,Debit,UPI_Lending_App,495,bad
570,2023-04-20,Debit,UPI_Lending_App,174,bad
570,2023-04-29,Debit,UPI_Lending_App,65,bad
570,2023-05-01,Credit,Salary,2026,bad
570,2023-05-16,Debit,UPI_Lending_App,304,bad
570,2023-05-21,Debit,Discretionary,90,bad
570,2023-06-07,Credit,Salary,2042,bad
570,2023-06-10,Debit,Discretionary,91,bad
570,2023-06-14,Debit,UPI_Lending_App,83,bad
570,2023-06-20,Debit,UPI_Lending_App,199,bad
570,2023-06-27,Debit,UPI_Lending_App,360,bad
571,2023-01-01,Credit,Salary,2190,good
571,2023-01-14,Debit,Discretionary,503,good
571,2023-01-31,Credit,Salary,1962,good
571,2023-02-05,Debit,Discretionary,467,good
571,2023-03-02,Credit,Salary,2028,good
571,2023-03-10,Debit,Discretionary,467,good
571,2023-04-01,Credit,Salary,2140,good
571,2023-04-16,Debit,Discretionary,472,good
571,2023-05-01,Credit,Salary,2180,good
571,2023-05-26,Debit,Discretionary,524,good
571,2023-05-31,Credit,Salary,1850,good
571,2023-06-09,Debit,Discretionary,451,good
572,2023-01-01,Credit,Salary,2166,good
572,2023-01-19,Debit,UPI_Lending_App,367,good
572,2023-01-24,Debit,Discretionary,484,good
572,2023-01-31,Credit,Salary,1962,good
572,2023-02-25,Debit,Discretionary,519,good
572,2023-03-02,Credit,Salary,2120,good
572,2023-03-08,Debit,Discretionary,533,good
572,2023-04-01,Credit,Salary,2090,good
572,2023-04-07,Debit,Discretionary,541,good
572,2023-05-01,Credit,Salary,1830,good
572,2023-05-16,Debit,Discretionary,516,good
572,2023-05-31,Credit,Salary,1961,good
572,2023-06-08,Debit,Discretionary,500,good
573,2023-01-01,Credit,Salary,2033,good
573,2023-01-24,Debit,Discretionary,488,good
573,2023-01-31,Credit,Salary,1995,good
573,2023-02-06,Debit,Discretionary,546,good
573,2023-03-02,Credit,Salary,2175,good
573,2023-03-16,Debit,Discretionary,490,good
573,2023-04-01,Credit,Salary,1951,good
573,2023-04-12,Debit,Discretionary,514,good
573,2023-05-01,Credit,Salary,1873,good
573,2023-05-14,Debit,Discretionary,493,good
573,2023-05-31,Credit,Salary,1847,good
573,2023-06-06,Debit,Discretionary,474,good
574,2023-01-01,Credit,Salary,2033,good
574,2023-01-26,Debit,Discretionary,478,good
574,2023-01-31,Credit,Salary,1818,good
574,2023-02-25,Debit,Discretionary,502,good
574,2023-03-02,Credit,Salary,1855,good
574,2023-03-27,Debit,Discretionary,457,good
574,2023-04-01,Credit,Salary,1947,good
574,2023-04-16,Debit,Discretionary,525,good
574,2023-05-01,Credit,Salary,1933,good
574,2023-05-06,Debit,Discretionary,478,good
574,2023-05-31,Credit,Salary,2193,good
574,2023-06-14,Debit,Discretionary,454,good
575,2023-01-01,Credit,Salary,2070,good
575,2023-01-26,Debit,Discretionary,481,good
575,2023-01-31,Credit,Salary,1897,good
575,2023-02-15,Debit,Discretionary,458,good
575,2023-03-02,Credit,Salary,1867,good
575,2023-03-10,Debit,Discretionary,516,good
575,2023-04-01,Credit,Salary,2062,good
575,2023-04-08,Debit,Discretionary,468,good
575,2023-05-01,Credit,Salary,2035,good
575,2023-05-16,Debit,Discretionary,539,good
575,2023-05-31,Credit,Salary,1843,good
575,2023-06-14,Debit,Discretionary,461,good
576,2023-01-01,Credit,Salary,2058,good
576,2023-01-08,Debit,Discretionary,538,good
576,2023-01-31,Credit,Salary,1978,good
576,2023-02-05,Debit,Discretionary,485,good
576,2023-03-02,Credit,Salary,1913,good
576,2023-03-15,Debit,Discretionary,522,good
576,2023-04-01,Credit,Salary,1828,good
576,2023-04-10,Debit,Discretionary,519,good
576,2023-05-01,Credit,Salary,1838,good
576,2023-05-22,Debit,Discretionary,465,good
576,2023-05-31,Credit,Salary,2023,good
576,2023-06-01,Debit,UPI_Lending_App,481,good
576,2023-06-25,Debit,Discretionary,452,good
577,2023-01-01,Credit,Salary,1828,good
577,2023-01-10,Debit,Discretionary,464,good
577,2023-01-31,Credit,Salary,2129,good
577,2023-02-25,Debit,Discretionary,453,good
577,2023-03-02,Credit,Salary,2087,good
577,2023-03-07,Debit,Discretionary,482,good
577,2023-04-01,Credit,Salary,1893,good
577,2023-04-18,Debit,Discretionary,469,good
577,2023-05-01,Credit,Salary,1976,good
577,2023-05-14,Debit,UPI_Lending_App,91,good
577,2023-05-26,Debit,Discretionary,501,good
577,2023-05-31,Credit,Salary,1816,good
577,2023-06-08,Debit,UPI_Lending_App,297,good
577,2023-06-08,Debit,Discretionary,459,good
578,2023-01-01,Credit,Salary,1934,bad
578,2023-01-13,Debit,UPI_Lending_App,132,bad
578,2023-01-13,Debit,Discretionary,476,bad
578,2023-01-18,Debit,UPI_Lending_App,471,bad
578,2023-01-28,Debit,UPI_Lending_App,163,bad
578,2023-01-28,Debit,UPI_Lending_App,147,bad
578,2023-01-31,Credit,Salary,2162,bad
578,2023-02-01,Debit,UPI_Lending_App,165,bad
578,2023-02-03,Debit,UPI_Lending_App,239,bad
578,2023-02-10,Debit,Discretionary,454,bad
578,2023-02-15,Debit,UPI_Lending_App,55,bad
578,2023-03-02,Credit,Salary,1879,bad
578,2023-03-13,Debit,Discretionary,528,bad
578,2023-03-27,Debit,UPI_Lending_App,282,bad
578,2023-03-28,Debit,UPI_Lending_App,257,bad
578,2023-04-01,Credit,Salary,2149,bad
578,2023-04-06,Debit,UPI_Lending_App,122,bad
578,2023-04-08,Debit,Discretionary,520,bad
578,2023-04-16,Debit,UPI_Lending_App,187,bad
578,2023-04-16,Debit,UPI_Lending_App,219,bad
578,2023-04-21,Debit,UPI_Lending_App,307,bad
578,2023-04-28,Debit,UPI_Lending_App,348,bad
578,2023-05-02,Debit,UPI_Lending_App,277,bad
578,2023-05-04,Debit,UPI_Lending_App,445,bad
578,2023-05-05,Credit,Salary,1993,bad
578,2023-05-12,Debit,UPI_Lending_App,453,bad
578,2023-05-16,Debit,UPI_Lending_App,368,bad
578,2023-05-21,Debit,Discretionary,118,bad
578,2023-05-25,Debit,UPI_Lending_App,124,bad
578,2023-05-31,Credit,Salary,2077,bad
578,2023-06-01,Debit,UPI_Lending_App,448,bad
578,2023-06-06,Debit,UPI_Lending_App,450,bad
578,2023-06-10,Debit,Discretionary,63,bad
578,2023-06-11,Debit,UPI_Lending_App,447,bad
578,2023-06-25,Debit,UPI_Lending_App,150,bad
579,2023-01-01,Credit,Salary,1932,good
579,2023-01-09,Debit,Discretionary,488,good
579,2023-01-31,Credit,Salary,1828,good
579,2023-02-15,Debit,Discretionary,529,good
579,2023-03-02,Credit,Salary,2164,good
579,2023-03-08,Debit,UPI_Lending_App,346,good
579,2023-03-17,Debit,Discretionary,453,good
579,2023-04-01,Credit,Salary,1881,good
579,2023-04-16,Debit,Discretionary,519,good
579,2023-05-01,Credit,Salary,2070,good
579,2023-05-14,Debit,Discretionary,536,good
579,2023-05-31,Credit,Salary,1882,good
579,2023-06-20,Debit,Discretionary,509,good
580,2023-01-01,Credit,Salary,1854,bad
580,2023-01-04,Debit,UPI_Lending_App,84,bad
580,2023-01-08,Debit,Discretionary,537,bad
580,2023-01-12,Debit,UPI_Lending_App,89,bad
580,2023-01-31,Credit,Salary,1831,bad
580,2023-02-06,Debit,Discretionary,505,bad
580,2023-02-13,Debit,UPI_Lending_App,136,bad
580,2023-02-15,Debit,UPI_Lending_App,447,bad
580,2023-02-16,Debit,UPI_Lending_App,174,bad
580,2023-03-02,Credit,Salary,2090,bad
580,2023-03-13,Debit,UPI_Lending_App,262,bad
580,2023-03-13,Debit,UPI_Lending_App,394,bad
580,2023-03-19,Debit,UPI_Lending_App,375,bad
580,2023-03-22,Debit,Discretionary,510,bad
580,2023-03-27,Debit,UPI_Lending_App,51,bad
580,2023-04-01,Credit,Salary,2032,bad
580,2023-04-11,Debit,UPI_Lending_App,367,bad
580,2023-04-15,Debit,UPI_Lending_App,151,bad
580,2023-04-18,Debit,Discretionary,542,bad
580,2023-04-23,Debit,UPI_Lending_App,367,bad
580,2023-05-01,Credit,Salary,1882,bad
580,2023-05-06,Debit,Discretionary,140,bad
580,2023-05-17,Debit,UPI_Lending_App,130,bad
580,2023-06-07,Credit,Salary,2159,bad
580,2023-06-19,Debit,UPI_Lending_App,161,bad
580,2023-06-23,Debit,Discretionary,89,bad
581,2023-01-01,Credit,Salary,1885,good
581,2023-01-10,Debit,Discretionary,537,good
581,2023-01-31,Credit,Salary,2170,good
581,2023-02-06,Debit,Discretionary,517,good
581,2023-03-02,Credit,Salary,2088,good
581,2023-03-23,Debit,Discretionary,543,good
581,2023-04-01,Credit,Salary,1945,good
581,2023-04-22,Debit,Discretionary,524,good
581,2023-05-01,Credit,Salary,1896,good
581,2023-05-12,Debit,Discretionary,505,good
581,2023-05-31,Credit,Salary,2099,good
581,2023-06-09,Debit,Discretionary,526,good
582,2023-01-01,Credit,Salary,2099,good
582,2023-01-08,Debit,UPI_Lending_App,342,good
582,2023-01-11,Debit,Discretionary,548,good
582,2023-01-31,Credit,Salary,2133,good
582,2023-02-07,Debit,Discretionary,505,good
582,2023-03-02,Credit,Salary,1897,good
582,2023-03-25,Debit,Discretionary,452,good
582,2023-04-01,Credit,Salary,2075,good
582,2023-04-11,Debit,Discretionary,535,good
582,2023-05-01,Credit,Salary,1970,good
582,2023-05-09,Debit,Discretionary,547,good
582,2023-05-31,Credit,Salary,2093,good
582,2023-06-20,Debit,Discretionary,464,good
583,2023-01-01,Credit,Salary,2148,bad
583,2023-01-08,Debit,Discretionary,461,bad
583,2023-01-21,Debit,UPI_Lending_App,82,bad
583,2023-01-23,Debit,UPI_Lending_App,79,bad
583,2023-01-24,Debit,UPI_Lending_App,352,bad
583,2023-01-31,Credit,Salary,1970,bad
583,2023-02-01,Debit,UPI_Lending_App,412,bad
583,2023-02-02,Debit,UPI_Lending_App,312,bad
583,2023-02-03,Debit,UPI_Lending_App,286,bad
583,2023-02-14,Debit,UPI_Lending_App,329,bad
583,2023-02-25,Debit,Discretionary,471,bad
583,2023-02-26,Debit,UPI_Lending_App,191,bad
583,2023-03-02,Credit,Salary,1901,bad
583,2023-03-21,Debit,UPI_Lending_App,115,bad
583,2023-03-26,Debit,UPI_Lending_App,168,bad
583,2023-03-27,Debit,Discretionary,520,bad
583,2023-04-01,Credit,Salary,2163,bad
583,2023-04-04,Debit,UPI_Lending_App,461,bad
583,2023-04-06,Debit,Discretionary,509,bad
583,2023-04-17,Debit,UPI_Lending_App,116,bad
583,2023-05-06,Credit,Salary,2026,bad
583,2023-05-08,Debit,UPI_Lending_App,216,bad
583,2023-05-18,Debit,UPI_Lending_App,158,bad
583,2023-05-22,Debit,Discretionary,59,bad
583,2023-05-31,Credit,Salary,1844,bad
583,2023-06-10,Debit,Discretionary,84,bad
583,2023-06-12,Debit,UPI_Lending_App,364,bad
583,2023-06-17,Debit,UPI_Lending_App,428,bad
584,2023-01-01,Credit,Salary,1899,good
584,2023-01-07,Debit,Discretionary,518,good
584,2023-01-10,Debit,UPI_Lending_App,179,good
584,2023-01-31,Credit,Salary,2081,good
584,2023-02-19,Debit,Discretionary,465,good
584,2023-03-02,Credit,Salary,1850,good
584,2023-03-13,Debit,Discretionary,506,good
584,2023-04-01,Credit,Salary,1922,good
584,2023-04-09,Debit,Discretionary,474,good
584,2023-05-01,Credit,Salary,1921,good
584,2023-05-17,Debit,Discretionary,546,good
584,2023-05-31,Credit,Salary,1976,good
584,2023-06-20,Debit,Discretionary,516,good
585,2023-01-01,Credit,Salary,2154,bad
585,2023-01-08,Debit,UPI_Lending_App,86,bad
585,2023-01-16,Debit,Discretionary,534,bad
585,2023-01-31,Credit,Salary,1995,bad
585,2023-02-10,Debit,UPI_Lending_App,376,bad
585,2023-02-21,Debit,Discretionary,500,bad
585,2023-02-24,Debit,UPI_Lending_App,127,bad
585,2023-03-02,Credit,Salary,2145,bad
585,2023-03-05,Debit,UPI_Lending_App,478,bad
585,2023-03-16,Debit,UPI_Lending_App,343,bad
585,2023-03-18,Debit,UPI_Lending_App,478,bad
585,2023-03-20,Debit,Discretionary,520,bad
585,2023-03-27,Debit,UPI_Lending_App,493,bad
585,2023-04-01,Credit,Salary,1852,bad
585,2023-04-15,Debit,Discretionary,525,bad
585,2023-04-29,Debit,UPI_Lending_App,342,bad
585,2023-05-03,Debit,UPI_Lending_App,350,bad
585,2023-05-07,Credit,Salary,2031,bad
585,2023-05-08,Debit,Discretionary,91,bad
585,2023-05-09,Debit,UPI_Lending_App,136,bad
585,2023-05-11,Debit,UPI_Lending_App,387,bad
585,2023-05-25,Debit,UPI_Lending_App,480,bad
585,2023-06-02,Debit,UPI_Lending_App,500,bad
585,2023-06-06,Credit,Salary,2080,bad
585,2023-06-06,Debit,UPI_Lending_App,392,bad
585,2023-06-19,Debit,UPI_Lending_App,286,bad
585,2023-06-21,Debit,Discretionary,103,bad
585,2023-06-22,Debit,UPI_Lending_App,91,bad
585,2023-06-25,Debit,UPI_Lending_App,128,bad
586,2023-01-01,Credit,Salary,1932,good
586,2023-01-17,Debit,Discretionary,539,good
586,2023-01-31,Credit,Salary,2009,good
586,2023-02-20,Debit,Discretionary,465,good
586,2023-03-02,Credit,Salary,1975,good
586,2023-03-12,Debit,Discretionary,547,good
586,2023-04-01,Credit,Salary,2182,good
586,2023-04-21,Debit,Discretionary,472,good
586,2023-05-01,Credit,Salary,2142,good
586,2023-05-10,Debit,Discretionary,470,good
586,2023-05-31,Credit,Salary,2126,good
586,2023-06-12,Debit,Discretionary,534,good
587,2023-01-01,Credit,Salary,1952,good
587,2023-01-15,Debit,Discretionary,494,good
587,2023-01-20,Debit,UPI_Lending_App,393,good
587,2023-01-31,Credit,Salary,2148,good
587,2023-02-21,Debit,Discretionary,514,good
587,2023-03-02,Credit,Salary,1929,good
587,2023-03-19,Debit,Discretionary,454,good
587,2023-04-01,Credit,Salary,2055,good
587,2023-04-11,Debit,Discretionary,539,good
587,2023-05-01,Credit,Salary,2125,good
587,2023-05-12,Debit,Discretionary,456,good
587,2023-05-31,Credit,Salary,2150,good
587,2023-06-17,Debit,Discretionary,526,good
588,2023-01-01,Credit,Salary,1849,bad
588,2023-01-07,Debit,Discretionary,507,bad
588,2023-01-13,Debit,UPI_Lending_App,327,bad
588,2023-01-31,Credit,Salary,1993,bad
588,2023-02-01,Debit,UPI_Lending_App,146,bad
588,2023-02-05,Debit,Discretionary,545,bad
588,2023-02-11,Debit,UPI_Lending_App,390,bad
588,2023-02-20,Debit,UPI_Lending_App,237,bad
588,2023-02-26,Debit,UPI_Lending_App,403,bad
588,2023-02-26,Debit,UPI_Lending_App,129,bad
588,2023-03-02,Credit,Salary,2050,bad
588,2023-03-05,Debit,UPI_Lending_App,172,bad
588,2023-03-15,Debit,UPI_Lending_App,269,bad
588,2023-03-26,Debit,Discretionary,460,bad
588,2023-03-27,Debit,UPI_Lending_App,465,bad
588,2023-04-01,Credit,Salary,2069,bad
588,2023-04-03,Debit,UPI_Lending_App,356,bad
588,2023-04-05,Debit,UPI_Lending_App,336,bad
588,2023-04-13,Debit,UPI_Lending_App,279,bad
588,2023-04-15,Debit,UPI_Lending_App,66,bad
588,2023-04-23,Debit,UPI_Lending_App,143,bad
588,2023-04-23,Debit,Discretionary,501,bad
588,2023-05-07,Debit,Discretionary,148,bad
588,2023-05-08,Credit,Salary,1967,bad
588,2023-05-12,Debit,UPI_Lending_App,122,bad
588,2023-05-20,Debit,UPI_Lending_App,84,bad
588,2023-06-06,Debit,Discretionary,114,bad
588,2023-06-07,Credit,Salary,1922,bad
588,2023-06-21,Debit,UPI_Lending_App,423,bad
589,2023-01-01,Credit,Salary,2099,bad
589,2023-01-07,Debit,Discretionary,451,bad
589,2023-01-12,Debit,UPI_Lending_App,214,bad
589,2023-01-17,Debit,UPI_Lending_App,268,bad
589,2023-01-18,Debit,UPI_Lending_App,280,bad
589,2023-01-26,Debit,UPI_Lending_App,439,bad
589,2023-01-27,Debit,UPI_Lending_App,348,bad
589,2023-01-31,Credit,Salary,2161,bad
589,2023-02-03,Debit,UPI_Lending_App,76,bad
589,2023-02-06,Debit,UPI_Lending_App,146,bad
589,2023-02-11,Debit,Discretionary,492,bad
589,2023-02-12,Debit,UPI_Lending_App,348,bad
589,2023-02-22,Debit,UPI_Lending_App,125,bad
589,2023-03-02,Credit,Salary,2181,bad
589,2023-03-03,Debit,UPI_Lending_App,274,bad
589,2023-03-03,Debit,UPI_Lending_App,239,bad
589,2023-03-12,Debit,UPI_Lending_App,80,bad
589,2023-03-18,Debit,Discretionary,450,bad
589,2023-03-28,Debit,UPI_Lending_App,202,bad
589,2023-03-29,Debit,UPI_Lending_App,298,bad
589,2023-04-01,Credit,Salary,2200,bad
589,2023-04-04,Debit,UPI_Lending_App,428,bad
589,2023-04-05,Debit,UPI_Lending_App,266,bad
589,2023-04-07,Debit,UPI_Lending_App,306,bad
589,2023-04-14,Debit,Discretionary,546,bad
589,2023-04-19,Debit,UPI_Lending_App,294,bad
589,2023-05-01,Credit,Salary,1915,bad
589,2023-05-02,Debit,UPI_Lending_App,91,bad
589,2023-05-07,Debit,UPI_Lending_App,353,bad
589,2023-05-10,Debit,Discretionary,107,bad
589,2023-05-14,Debit,UPI_Lending_App,72,bad
589,2023-05-15,Debit,UPI_Lending_App,50,bad
589,2023-05-22,Debit,UPI_Lending_App,227,bad
589,2023-06-02,Debit,UPI_Lending_App,221,bad
589,2023-06-03,Credit,Salary,1842,bad
589,2023-06-15,Debit,Discretionary,114,bad
589,2023-06-21,Debit,UPI_Lending_App,243,bad
590,2023-01-01,Credit,Salary,2073,good
590,2023-01-17,Debit,Discretionary,472,good
590,2023-01-31,Credit,Salary,2046,good
590,2023-02-24,Debit,Discretionary,543,good
590,2023-03-02,Credit,Salary,2085,good
590,2023-03-20,Debit,Discretionary,525,good
590,2023-04-01,Credit,Salary,2184,good
590,2023-04-18,Debit,Discretionary,503,good
590,2023-05-01,Credit,Salary,2017,good
590,2023-05-18,Debit,Discretionary,530,good
590,2023-05-31,Credit,Salary,2130,good
590,2023-06-10,Debit,Discretionary,494,good
591,2023-01-01,Credit,Salary,1851,good
591,2023-01-13,Debit,Discretionary,502,good
591,2023-01-31,Credit,Salary,1883,good
591,2023-02-07,Debit,UPI_Lending_App,53,good
591,2023-02-13,Debit,Discretionary,463,good
591,2023-03-02,Credit,Salary,1992,good
591,2023-03-19,Debit,Discretionary,467,good
591,2023-04-01,Credit,Salary,2029,good
591,2023-04-07,Debit,Discretionary,509,good
591,2023-05-01,Credit,Salary,2128,good
591,2023-05-06,Debit,Discretionary,533,good
591,2023-05-31,Credit,Salary,2084,good
591,2023-06-19,Debit,Discretionary,510,good
592,2023-01-01,Credit,Salary,1905,good
592,2023-01-19,Debit,Discretionary,517,good
592,2023-01-31,Credit,Salary,2012,good
592,2023-02-08,Debit,Discretionary,467,good
592,2023-03-02,Credit,Salary,1975,good
592,2023-03-09,Debit,Discretionary,471,good
592,2023-04-01,Credit,Salary,1910,good
592,2023-04-23,Debit,Discretionary,519,good
592,2023-05-01,Credit,Salary,1868,good
592,2023-05-16,Debit,Discretionary,531,good
592,2023-05-31,Credit,Salary,1881,good
592,2023-06-20,Debit,Discretionary,492,good
593,2023-01-01,Credit,Salary,1891,bad
593,2023-01-14,Debit,Discretionary,532,bad
593,2023-01-15,Debit,UPI_Lending_App,433,bad
593,2023-01-27,Debit,UPI_Lending_App,480,bad
593,2023-01-31,Credit,Salary,1987,bad
593,2023-02-09,Debit,UPI_Lending_App,95,bad
593,2023-02-12,Debit,UPI_Lending_App,477,bad
593,2023-02-13,Debit,UPI_Lending_App,474,bad
593,2023-02-19,Debit,UPI_Lending_App,286,bad
593,2023-02-25,Debit,Discretionary,464,bad
593,2023-03-02,Credit,Salary,1960,bad
593,2023-03-11,Debit,Discretionary,514,bad
593,2023-03-20,Debit,UPI_Lending_App,488,bad
593,2023-03-27,Debit,UPI_Lending_App,236,bad
593,2023-04-01,Credit,Salary,2042,bad
593,2023-04-06,Debit,UPI_Lending_App,53,bad
593,2023-04-08,Debit,UPI_Lending_App,464,bad
593,2023-04-10,Debit,UPI_Lending_App,464,bad
593,2023-04-12,Debit,UPI_Lending_App,214,bad
593,2023-04-16,Debit,Discretionary,500,bad
593,2023-04-21,Debit,UPI_Lending_App,71,bad
593,2023-05-04,Credit,Salary,2088,bad
593,2023-05-17,Debit,UPI_Lending_App,477,bad
593,2023-05-21,Debit,Discretionary,149,bad
593,2023-06-03,Credit,Salary,1834,bad
593,2023-06-03,Debit,UPI_Lending_App,397,bad
593,2023-06-09,Debit,UPI_Lending_App,261,bad
593,2023-06-12,Debit,Discretionary,149,bad
593,2023-06-19,Debit,UPI_Lending_App,326,bad
593,2023-06-22,Debit,UPI_Lending_App,264,bad
594,2023-01-01,Credit,Salary,2072,bad
594,2023-01-10,Debit,Discretionary,479,bad
594,2023-01-25,Debit,UPI_Lending_App,488,bad
594,2023-01-31,Credit,Salary,2077,bad
594,2023-02-06,Debit,Discretionary,532,bad
594,2023-02-15,Debit,UPI_Lending_App,125,bad
594,2023-02-25,Debit,UPI_Lending_App,307,bad
594,2023-03-02,Credit,Salary,1863,bad
594,2023-03-21,Debit,UPI_Lending_App,292,bad
594,2023-03-21,Debit,UPI_Lending_App,429,bad
594,2023-03-23,Debit,UPI_Lending_App,193,bad
594,2023-03-24,Debit,UPI_Lending_App,382,bad
594,2023-03-27,Debit,Discretionary,488,bad
594,2023-03-30,Debit,UPI_Lending_App,403,bad
594,2023-04-01,Credit,Salary,2023,bad
594,2023-04-06,Debit,UPI_Lending_App,105,bad
594,2023-04-07,Debit,UPI_Lending_App,297,bad
594,2023-04-07,Debit,Discretionary,543,bad
594,2023-04-12,Debit,UPI_Lending_App,465,bad
594,2023-05-08,Credit,Salary,2112,bad
594,2023-05-16,Debit,UPI_Lending_App,286,bad
594,2023-05-22,Debit,Discretionary,84,bad
594,2023-05-25,Debit,UPI_Lending_App,295,bad
594,2023-06-03,Debit,UPI_Lending_App,493,bad
594,2023-06-04,Credit,Salary,2068,bad
594,2023-06-04,Debit,UPI_Lending_App,402,bad
594,2023-06-05,Debit,Discretionary,131,bad
594,2023-06-07,Debit,UPI_Lending_App,105,bad
594,2023-06-15,Debit,UPI_Lending_App,462,bad
595,2023-01-01,Credit,Salary,2041,bad
595,2023-01-09,Debit,UPI_Lending_App,248,bad
595,2023-01-12,Debit,Discretionary,460,bad
595,2023-01-13,Debit,UPI_Lending_App,410,bad
595,2023-01-24,Debit,UPI_Lending_App,302,bad
595,2023-01-29,Debit,UPI_Lending_App,339,bad
595,2023-01-31,Credit,Salary,2189,bad
595,2023-02-14,Debit,UPI_Lending_App,304,bad
595,2023-02-17,Debit,Discretionary,517,bad
595,2023-03-02,Credit,Salary,2083,bad
595,2023-03-08,Debit,UPI_Lending_App,402,bad
595,2023-03-21,Debit,UPI_Lending_App,268,bad
595,2023-03-27,Debit,Discretionary,543,bad
595,2023-04-01,Credit,Salary,1945,bad
595,2023-04-07,Debit,UPI_Lending_App,198,bad
595,2023-04-07,Debit,UPI_Lending_App,410,bad
595,2023-04-26,Debit,Discretionary,526,bad
595,2023-05-01,Credit,Salary,1946,bad
595,2023-05-09,Debit,Discretionary,125,bad
595,2023-05-16,Debit,UPI_Lending_App,490,bad
595,2023-05-19,Debit,UPI_Lending_App,201,bad
595,2023-05-25,Debit,UPI_Lending_App,345,bad
595,2023-05-29,Debit,UPI_Lending_App,397,bad
595,2023-06-01,Debit,UPI_Lending_App,111,bad
595,2023-06-04,Credit,Salary,1843,bad
595,2023-06-16,Debit,UPI_Lending_App,486,bad
595,2023-06-19,Debit,UPI_Lending_App,166,bad
595,2023-06-22,Debit,Discretionary,88,bad
595,2023-06-27,Debit,UPI_Lending_App,311,bad
596,2023-01-01,Credit,Salary,1962,bad
596,2023-01-03,Debit,UPI_Lending_App,80,bad
596,2023-01-06,Debit,UPI_Lending_App,86,bad
596,2023-01-12,Debit,UPI_Lending_App,204,bad
596,2023-01-17,Debit,UPI_Lending_App,226,bad
596,2023-01-22,Debit,Discretionary,484,bad
596,2023-01-31,Credit,Salary,2036,bad
596,2023-02-02,Debit,UPI_Lending_App,150,bad
596,2023-02-05,Debit,UPI_Lending_App,247,bad
596,2023-02-05,Debit,Discretionary,489,bad
596,2023-02-09,Debit,UPI_Lending_App,118,bad
596,2023-02-10,Debit,UPI_Lending_App,383,bad
596,2023-03-02,Credit,Salary,2036,bad
596,2023-03-05,Debit,UPI_Lending_App,409,bad
596,2023-03-15,Debit,Discretionary,508,bad
596,2023-03-18,Debit,UPI_Lending_App,238,bad
596,2023-03-25,Debit,UPI_Lending_App,375,bad
596,2023-03-28,Debit,UPI_Lending_App,493,bad
596,2023-04-01,Credit,Salary,2188,bad
596,2023-04-04,Debit,UPI_Lending_App,123,bad
596,2023-04-11,Debit,UPI_Lending_App,118,bad
596,2023-04-22,Debit,UPI_Lending_App,167,bad
596,2023-04-24,Debit,Discretionary,517,bad
596,2023-05-01,Credit,Salary,2121,bad
596,2023-05-12,Debit,Discretionary,107,bad
596,2023-05-21,Debit,UPI_Lending_App,353,bad
596,2023-05-26,Debit,UPI_Lending_App,288,bad
596,2023-06-03,Credit,Salary,1831,bad
596,2023-06-11,Debit,Discretionary,126,bad
596,2023-06-19,Debit,UPI_Lending_App,444,bad
596,2023-06-21,Debit,UPI_Lending_App,175,bad
597,2023-01-01,Credit,Salary,2028,bad
597,2023-01-06,Debit,UPI_Lending_App,413,bad
597,2023-01-06,Debit,Discretionary,451,bad
597,2023-01-18,Debit,UPI_Lending_App,360,bad
597,2023-01-21,Debit,UPI_Lending_App,267,bad
597,2023-01-24,Debit,UPI_Lending_App,231,bad
597,2023-01-28,Debit,UPI_Lending_App,154,bad
597,2023-01-31,Credit,Salary,1955,bad
597,2023-02-03,Debit,UPI_Lending_App,244,bad
597,2023-02-07,Debit,UPI_Lending_App,459,bad
597,2023-02-10,Debit,UPI_Lending_App,418,bad
597,2023-02-20,Debit,Discretionary,519,bad
597,2023-03-02,Credit,Salary,1919,bad
597,2023-03-10,Debit,UPI_Lending_App,443,bad
597,2023-03-18,Debit,UPI_Lending_App,170,bad
597,2023-03-19,Debit,UPI_Lending_App,379,bad
597,2023-03-19,Debit,UPI_Lending_App,193,bad
597,2023-03-26,Debit,Discretionary,501,bad
597,2023-04-01,Credit,Salary,1840,bad
597,2023-04-05,Debit,UPI_Lending_App,496,bad
597,2023-04-05,Debit,UPI_Lending_App,282,bad
597,2023-04-07,Debit,UPI_Lending_App,129,bad
597,2023-04-07,Debit,UPI_Lending_App,94,bad
597,2023-04-16,Debit,UPI_Lending_App,364,bad
597,2023-04-20,Debit,Discretionary,489,bad
597,2023-05-08,Credit,Salary,2028,bad
597,2023-05-12,Debit,UPI_Lending_App,378,bad
597,2023-05-16,Debit,UPI_Lending_App,85,bad
597,2023-05-26,Debit,Discretionary,129,bad
597,2023-06-05,Credit,Salary,1982,bad
597,2023-06-08,Debit,UPI_Lending_App,297,bad
597,2023-06-11,Debit,UPI_Lending_App,135,bad
597,2023-06-21,Debit,Discretionary,79,bad
597,2023-06-26,Debit,UPI_Lending_App,444,bad
598,2023-01-01,Credit,Salary,2006,bad
598,2023-01-09,Debit,UPI_Lending_App,209,bad
598,2023-01-10,Debit,UPI_Lending_App,270,bad
598,2023-01-13,Debit,Discretionary,476,bad
598,2023-01-31,Credit,Salary,2004,bad
598,2023-02-07,Debit,Discretionary,507,bad
598,2023-02-22,Debit,UPI_Lending_App,294,bad
598,2023-02-24,Debit,UPI_Lending_App,380,bad
598,2023-03-02,Credit,Salary,1905,bad
598,2023-03-08,Debit,UPI_Lending_App,456,bad
598,2023-03-12,Debit,UPI_Lending_App,155,bad
598,2023-03-20,Debit,UPI_Lending_App,69,bad
598,2023-03-25,Debit,Discretionary,494,bad
598,2023-04-01,Credit,Salary,1965,bad
598,2023-04-07,Debit,UPI_Lending_App,317,bad
598,2023-04-09,Debit,UPI_Lending_App,336,bad
598,2023-04-15,Debit,Discretionary,466,bad
598,2023-04-27,Debit,UPI_Lending_App,401,bad
598,2023-05-01,Credit,Salary,2075,bad
598,2023-05-05,Debit,UPI_Lending_App,291,bad
598,2023-05-09,Debit,Discretionary,66,bad
598,2023-06-05,Credit,Salary,1932,bad
598,2023-06-08,Debit,UPI_Lending_App,207,bad
598,2023-06-09,Debit,Discretionary,94,bad
598,2023-06-13,Debit,UPI_Lending_App,295,bad
598,2023-06-21,Debit,UPI_Lending_App,360,bad
598,2023-06-25,Debit,UPI_Lending_App,302,bad
599,2023-01-01,Credit,Salary,2075,good
599,2023-01-21,Debit,Discretionary,460,good
599,2023-01-31,Credit,Salary,1978,good
599,2023-02-10,Debit,Discretionary,515,good
599,2023-03-02,Credit,Salary,2169,good
599,2023-03-09,Debit,Discretionary,470,good
599,2023-04-01,Credit,Salary,1878,good
599,2023-04-09,Debit,Discretionary,543,good
599,2023-05-01,Credit,Salary,1891,good
599,2023-05-14,Debit,Discretionary,473,good
599,2023-05-31,Credit,Salary,2111,good
599,2023-06-24,Debit,Discretionary,482,good
600,2023-01-01,Credit,Salary,1841,good
600,2023-01-18,Debit,Discretionary,530,good
600,2023-01-31,Credit,Salary,2069,good
600,2023-02-06,Debit,Discretionary,512,good
600,2023-03-02,Credit,Salary,1804,good
600,2023-03-12,Debit,Discretionary,520,good
600,2023-04-01,Credit,Salary,1817,good
600,2023-04-21,Debit,Discretionary,524,good
600,2023-05-01,Credit,Salary,1946,good
600,2023-05-26,Debit,Discretionary,471,good
600,2023-05-31,Credit,Salary,1975,good
600,2023-06-15,Debit,Discretionary,509,good
601,2023-01-01,Credit,Salary,1938,bad
601,2023-01-07,Debit,UPI_Lending_App,240,bad
601,2023-01-13,Debit,UPI_Lending_App,73,bad
601,2023-01-26,Debit,Discretionary,450,bad
601,2023-01-31,Credit,Salary,2139,bad
601,2023-02-02,Debit,UPI_Lending_App,251,bad
601,2023-02-07,Debit,UPI_Lending_App,158,bad
601,2023-02-10,Debit,Discretionary,454,bad
601,2023-02-13,Debit,UPI_Lending_App,178,bad
601,2023-02-24,Debit,UPI_Lending_App,387,bad
601,2023-03-02,Credit,Salary,2157,bad
601,2023-03-14,Debit,UPI_Lending_App,316,bad
601,2023-03-17,Debit,UPI_Lending_App,234,bad
601,2023-03-19,Debit,Discretionary,524,bad
601,2023-04-01,Credit,Salary,2041,bad
601,2023-04-06,Debit,UPI_Lending_App,78,bad
601,2023-04-12,Debit,UPI_Lending_App,51,bad
601,2023-04-16,Debit,Discretionary,544,bad
601,2023-04-24,Debit,UPI_Lending_App,243,bad
601,2023-05-04,Credit,Salary,2052,bad
601,2023-05-07,Debit,UPI_Lending_App,490,bad
601,2023-05-09,Debit,UPI_Lending_App,206,bad
601,2023-05-15,Debit,Discretionary,56,bad
601,2023-05-17,Debit,UPI_Lending_App,104,bad
601,2023-05-17,Debit,UPI_Lending_App,207,bad
601,2023-05-31,Credit,Salary,1959,bad
601,2023-06-13,Debit,Discretionary,115,bad
601,2023-06-14,Debit,UPI_Lending_App,249,bad
601,2023-06-19,Debit,UPI_Lending_App,271,bad
601,2023-06-20,Debit,UPI_Lending_App,361,bad
601,2023-06-25,Debit,UPI_Lending_App,336,bad
601,2023-06-27,Debit,UPI_Lending_App,443,bad
602,2023-01-01,Credit,Salary,2070,bad
602,2023-01-11,Debit,UPI_Lending_App,311,bad
602,2023-01-13,Debit,Discretionary,503,bad
602,2023-01-23,Debit,UPI_Lending_App,461,bad
602,2023-01-27,Debit,UPI_Lending_App,222,bad
602,2023-01-29,Debit,UPI_Lending_App,273,bad
602,2023-01-31,Credit,Salary,2108,bad
602,2023-02-03,Debit,UPI_Lending_App,468,bad
602,2023-02-09,Debit,UPI_Lending_App,391,bad
602,2023-02-19,Debit,Discretionary,496,bad
602,2023-02-27,Debit,UPI_Lending_App,403,bad
602,2023-02-28,Debit,UPI_Lending_App,268,bad
602,2023-03-02,Credit,Salary,2010,bad
602,2023-03-10,Debit,UPI_Lending_App,329,bad
602,2023-03-14,Debit,UPI_Lending_App,336,bad
602,2023-03-18,Debit,UPI_Lending_App,472,bad
602,2023-03-19,Debit,UPI_Lending_App,127,bad
602,2023-03-23,Debit,Discretionary,454,bad
602,2023-03-29,Debit,UPI_Lending_App,207,bad
602,2023-04-01,Credit,Salary,2050,bad
602,2023-04-12,Debit,UPI_Lending_App,192,bad
602,2023-04-12,Debit,UPI_Lending_App,55,bad
602,2023-04-15,Debit,UPI_Lending_App,265,bad
602,2023-04-20,Debit,Discretionary,485,bad
602,2023-05-01,Credit,Salary,2151,bad
602,2023-05-10,Debit,Discretionary,136,bad
602,2023-05-12,Debit,UPI_Lending_App,133,bad
602,2023-05-15,Debit,UPI_Lending_App,391,bad
602,2023-05-20,Debit,UPI_Lending_App,109,bad
602,2023-06-05,Credit,Salary,2042,bad
602,2023-06-05,Debit,UPI_Lending_App,192,bad
602,2023-06-09,Debit,UPI_Lending_App,331,bad
602,2023-06-10,Debit,UPI_Lending_App,315,bad
602,2023-06-14,Debit,Discretionary,58,bad
602,2023-06-28,Debit,UPI_Lending_App,445,bad
603,2023-01-01,Credit,Salary,2034,bad
603,2023-01-11,Debit,UPI_Lending_App,116,bad
603,2023-01-12,Debit,Discretionary,518,bad
603,2023-01-31,Credit,Salary,1800,bad
603,2023-02-04,Debit,UPI_Lending_App,262,bad
603,2023-02-10,Debit,UPI_Lending_App,430,bad
603,2023-02-12,Debit,Discretionary,465,bad
603,2023-02-16,Debit,UPI_Lending_App,116,bad
603,2023-03-02,Credit,Salary,2065,bad
603,2023-03-10,Debit,UPI_Lending_App,83,bad
603,2023-03-19,Debit,Discretionary,464,bad
603,2023-03-21,Debit,UPI_Lending_App,277,bad
603,2023-03-28,Debit,UPI_Lending_App,134,bad
603,2023-03-29,Debit,UPI_Lending_App,214,bad
603,2023-04-01,Credit,Salary,1825,bad
603,2023-04-02,Debit,UPI_Lending_App,268,bad
603,2023-04-21,Debit,Discretionary,540,bad
603,2023-04-28,Debit,UPI_Lending_App,106,bad
603,2023-05-03,Debit,UPI_Lending_App,361,bad
603,2023-05-04,Credit,Salary,2151,bad
603,2023-05-06,Debit,UPI_Lending_App,202,bad
603,2023-05-11,Debit,UPI_Lending_App,80,bad
603,2023-05-12,Debit,UPI_Lending_App,363,bad
603,2023-05-15,Debit,UPI_Lending_App,95,bad
603,2023-05-20,Debit,Discretionary,94,bad
603,2023-06-03,Credit,Salary,2004,bad
603,2023-06-13,Debit,Discretionary,93,bad
603,2023-06-22,Debit,UPI_Lending_App,275,bad
604,2023-01-01,Credit,Salary,2034,good
604,2023-01-16,Debit,Discretionary,524,good
604,2023-01-31,Credit,Salary,1992,good
604,2023-02-18,Debit,Discretionary,467,good
604,2023-03-02,Credit,Salary,2182,good
604,2023-03-20,Debit,Discretionary,488,good
604,2023-04-01,Credit,Salary,2048,good
604,2023-04-11,Debit,Discretionary,451,good
604,2023-05-01,Credit,Salary,1842,good
604,2023-05-21,Debit,Discretionary,463,good
604,2023-05-26,Debit,UPI_Lending_App,325,good
604,2023-05-31,Credit,Salary,2022,good
604,2023-06-17,Debit,Discretionary,473,good
605,2023-01-01,Credit,Salary,2008,good
605,2023-01-06,Debit,Discretionary,525,good
605,2023-01-31,Credit,Salary,2100,good
605,2023-02-11,Debit,Discretionary,545,good
605,2023-03-02,Credit,Salary,2065,good
605,2023-03-10,Debit,Discretionary,530,good
605,2023-04-01,Credit,Salary,2101,good
605,2023-04-23,Debit,Discretionary,534,good
605,2023-05-01,Credit,Salary,1818,good
605,2023-05-25,Debit,Discretionary,474,good
605,2023-05-31,Credit,Salary,1990,good
605,2023-06-24,Debit,Discretionary,524,good
606,2023-01-01,Credit,Salary,2179,good
606,2023-01-19,Debit,Discretionary,483,good
606,2023-01-31,Credit,Salary,2175,good
606,2023-02-15,Debit,Discretionary,461,good
606,2023-03-02,Credit,Salary,1917,good
606,2023-03-23,Debit,Discretionary,498,good
606,2023-04-01,Credit,Salary,2194,good
606,2023-04-14,Debit,Discretionary,519,good
606,2023-05-01,Credit,Salary,2108,good
606,2023-05-23,Debit,Discretionary,463,good
606,2023-05-31,Credit,Salary,1945,good
606,2023-06-18,Debit,Discretionary,520,good
607,2023-01-01,Credit,Salary,1843,bad
607,2023-01-11,Debit,UPI_Lending_App,367,bad
607,2023-01-12,Debit,Discretionary,523,bad
607,2023-01-21,Debit,UPI_Lending_App,378,bad
607,2023-01-31,Credit,Salary,2061,bad
607,2023-02-05,Debit,UPI_Lending_App,437,bad
607,2023-02-10,Debit,UPI_Lending_App,140,bad
607,2023-02-24,Debit,Discretionary,517,bad
607,2023-03-02,Credit,Salary,2069,bad
607,2023-03-12,Debit,UPI_Lending_App,368,bad
607,2023-03-19,Debit,UPI_Lending_App,323,bad
607,2023-03-26,Debit,Discretionary,458,bad
607,2023-04-01,Credit,Salary,1850,bad
607,2023-04-10,Debit,UPI_Lending_App,454,bad
607,2023-04-17,Debit,UPI_Lending_App,295,bad
607,2023-04-18,Debit,UPI_Lending_App,400,bad
607,2023-04-23,Debit,UPI_Lending_App,195,bad
607,2023-04-24,Debit,Discretionary,498,bad
607,2023-04-25,Debit,UPI_Lending_App,493,bad
607,2023-05-04,Credit,Salary,1942,bad
607,2023-05-20,Debit,Discretionary,93,bad
607,2023-05-28,Debit,UPI_Lending_App,299,bad
607,2023-05-31,Credit,Salary,1980,bad
607,2023-06-03,Debit,UPI_Lending_App,459,bad
607,2023-06-04,Debit,UPI_Lending_App,450,bad
607,2023-06-11,Debit,UPI_Lending_App,168,bad
607,2023-06-17,Debit,Discretionary,143,bad
607,2023-06-20,Debit,UPI_Lending_App,438,bad
607,2023-06-28,Debit,UPI_Lending_App,208,bad
608,2023-01-01,Credit,Salary,2122,good
608,2023-01-19,Debit,Discretionary,542,good
608,2023-01-31,Credit,Salary,1813,good
608,2023-02-18,Debit,Discretionary,487,good
608,2023-03-02,Credit,Salary,2126,good
608,2023-03-11,Debit,Discretionary,450,good
608,2023-04-01,Credit,Salary,2050,good
608,2023-04-08,Debit,Discretionary,488,good
608,2023-05-01,Credit,Salary,1888,good
608,2023-05-14,Debit,Discretionary,540,good
608,2023-05-31,Credit,Salary,2039,good
608,2023-06-19,Debit,Discretionary,496,good
609,2023-01-01,Credit,Salary,1836,good
609,2023-01-08,Debit,Discretionary,484,good
609,2023-01-31,Credit,Salary,1885,good
609,2023-02-16,Debit,Discretionary,524,good
609,2023-03-02,Credit,Salary,2039,good
609,2023-03-25,Debit,Discretionary,465,good
609,2023-04-01,Credit,Salary,1967,good
609,2023-04-20,Debit,Discretionary,472,good
609,2023-05-01,Credit,Salary,1812,good
609,2023-05-11,Debit,Discretionary,496,good
609,2023-05-31,Credit,Salary,1979,good
609,2023-06-08,Debit,Discretionary,458,good
610,2023-01-01,Credit,Salary,2154,bad
610,2023-01-04,Debit,UPI_Lending_App,75,bad
610,2023-01-12,Debit,UPI_Lending_App,81,bad
610,2023-01-25,Debit,Discretionary,494,bad
610,2023-01-31,Credit,Salary,2132,bad
610,2023-02-05,Debit,UPI_Lending_App,395,bad
610,2023-02-08,Debit,UPI_Lending_App,303,bad
610,2023-02-16,Debit,Discretionary,508,bad
610,2023-02-23,Debit,UPI_Lending_App,130,bad
610,2023-03-02,Credit,Salary,1898,bad
610,2023-03-27,Debit,UPI_Lending_App,346,bad
610,2023-03-27,Debit,Discretionary,451,bad
610,2023-04-01,Credit,Salary,1892,bad
610,2023-04-02,Debit,UPI_Lending_App,327,bad
610,2023-04-04,Debit,UPI_Lending_App,388,bad
610,2023-04-16,Debit,Discretionary,474,bad
610,2023-04-21,Debit,UPI_Lending_App,319,bad
610,2023-04-27,Debit,UPI_Lending_App,218,bad
610,2023-05-08,Credit,Salary,2155,bad
610,2023-05-14,Debit,Discretionary,83,bad
610,2023-05-18,Debit,UPI_Lending_App,443,bad
610,2023-05-18,Debit,UPI_Lending_App,476,bad
610,2023-05-19,Debit,UPI_Lending_App,291,bad
610,2023-06-04,Credit,Salary,1864,bad
610,2023-06-04,Debit,UPI_Lending_App,302,bad
610,2023-06-12,Debit,Discretionary,53,bad
610,2023-06-14,Debit,UPI_Lending_App,227,bad
610,2023-06-27,Debit,UPI_Lending_App,478,bad
611,2023-01-01,Credit,Salary,2029,bad
611,2023-01-09,Debit,UPI_Lending_App,87,bad
611,2023-01-13,Debit,Discretionary,473,bad
611,2023-01-14,Debit,UPI_Lending_App,295,bad
611,2023-01-18,Debit,UPI_Lending_App,444,bad
611,2023-01-26,Debit,UPI_Lending_App,307,bad
611,2023-01-31,Credit,Salary,1838,bad
611,2023-02-03,Debit,UPI_Lending_App,349,bad
611,2023-02-04,Debit,UPI_Lending_App,129,bad
611,2023-02-12,Debit,UPI_Lending_App,417,bad
611,2023-02-13,Debit,UPI_Lending_App,444,bad
611,2023-02-19,Debit,Discretionary,521,bad
611,2023-02-21,Debit,UPI_Lending_App,396,bad
611,2023-03-02,Credit,Salary,2144,bad
611,2023-03-03,Debit,UPI_Lending_App,147,bad
611,2023-03-05,Debit,UPI_Lending_App,53,bad
611,2023-03-08,Debit,UPI_Lending_App,70,bad
611,2023-03-25,Debit,Discretionary,481,bad
611,2023-03-26,Debit,UPI_Lending_App,458,bad
611,2023-03-28,Debit,UPI_Lending_App,467,bad
611,2023-04-01,Credit,Salary,2103,bad
611,2023-04-05,Debit,UPI_Lending_App,466,bad
611,2023-04-09,Debit,UPI_Lending_App,103,bad
611,2023-04-17,Debit,UPI_Lending_App,457,bad
611,2023-04-25,Debit,UPI_Lending_App,430,bad
611,2023-04-26,Debit,UPI_Lending_App,56,bad
611,2023-04-26,Debit,Discretionary,547,bad
611,2023-05-01,Credit,Salary,1978,bad
611,2023-05-05,Debit,UPI_Lending_App,167,bad
611,2023-05-05,Debit,UPI_Lending_App,436,bad
611,2023-05-13,Debit,UPI_Lending_App,347,bad
611,2023-05-21,Debit,Discretionary,144,bad
611,2023-05-29,Debit,UPI_Lending_App,414,bad
611,2023-06-05,Credit,Salary,1844,bad
611,2023-06-05,Debit,UPI_Lending_App,396,bad
611,2023-06-07,Debit,UPI_Lending_App,240,bad
611,2023-06-07,Debit,UPI_Lending_App,319,bad
611,2023-06-20,Debit,UPI_Lending_App,412,bad
611,2023-06-23,Debit,Discretionary,76,bad
611,2023-06-27,Debit,UPI_Lending_App,223,bad
612,2023-01-01,Credit,Salary,2042,good
612,2023-01-15,Debit,Discretionary,550,good
612,2023-01-31,Credit,Salary,1812,good
612,2023-02-20,Debit,Discretionary,523,good
612,2023-03-02,Credit,Salary,2116,good
612,2023-03-25,Debit,Discretionary,548,good
612,2023-04-01,Credit,Salary,1975,good
612,2023-04-25,Debit,Discretionary,487,good
612,2023-05-01,Credit,Salary,1977,good
612,2023-05-22,Debit,Discretionary,473,good
612,2023-05-31,Credit,Salary,2018,good
612,2023-06-06,Debit,Discretionary,466,good
613,2023-01-01,Credit,Salary,2034,good
613,2023-01-21,Debit,Discretionary,512,good
613,2023-01-31,Credit,Salary,1979,good
613,2023-02-13,Debit,Discretionary,535,good
613,2023-03-02,Credit,Salary,2164,good
613,2023-03-12,Debit,Discretionary,505,good
613,2023-04-01,Credit,Salary,2050,good
613,2023-04-07,Debit,Discretionary,531,good
613,2023-05-01,Credit,Salary,2094,good
613,2023-05-17,Debit,Discretionary,500,good
613,2023-05-31,Credit,Salary,2114,good
613,2023-06-15,Debit,Discretionary,453,good
614,2023-01-01,Credit,Salary,1960,bad
614,2023-01-03,Debit,UPI_Lending_App,219,bad
614,2023-01-04,Debit,UPI_Lending_App,336,bad
614,2023-01-11,Debit,Discretionary,532,bad
614,2023-01-20,Debit,UPI_Lending_App,315,bad
614,2023-01-22,Debit,UPI_Lending_App,106,bad
614,2023-01-27,Debit,UPI_Lending_App,481,bad
614,2023-01-31,Credit,Salary,1858,bad
614,2023-02-09,Debit,UPI_Lending_App,300,bad
614,2023-02-09,Debit,UPI_Lending_App,124,bad
614,2023-02-12,Debit,UPI_Lending_App,170,bad
614,2023-02-20,Debit,Discretionary,544,bad
614,2023-02-27,Debit,UPI_Lending_App,434,bad
614,2023-03-02,Credit,Salary,1862,bad
614,2023-03-07,Debit,Discretionary,531,bad
614,2023-03-13,Debit,UPI_Lending_App,215,bad
614,2023-03-15,Debit,UPI_Lending_App,198,bad
614,2023-04-01,Credit,Salary,1874,bad
614,2023-04-04,Debit,UPI_Lending_App,332,bad
614,2023-04-17,Debit,UPI_Lending_App,380,bad
614,2023-04-18,Debit,UPI_Lending_App,199,bad
614,2023-04-20,Debit,UPI_Lending_App,154,bad
614,2023-04-20,Debit,Discretionary,545,bad
614,2023-04-29,Debit,UPI_Lending_App,125,bad
614,2023-05-01,Credit,Salary,2030,bad
614,2023-05-11,Debit,UPI_Lending_App,276,bad
614,2023-05-12,Debit,UPI_Lending_App,224,bad
614,2023-05-15,Debit,Discretionary,82,bad
614,2023-05-24,Debit,UPI_Lending_App,422,bad
614,2023-06-07,Credit,Salary,1947,bad
614,2023-06-07,Debit,UPI_Lending_App,438,bad
614,2023-06-10,Debit,UPI_Lending_App,386,bad
614,2023-06-12,Debit,UPI_Lending_App,459,bad
614,2023-06-21,Debit,Discretionary,58,bad
614,2023-06-23,Debit,UPI_Lending_App,189,bad
615,2023-01-01,Credit,Salary,1932,good
615,2023-01-07,Debit,Discretionary,541,good
615,2023-01-10,Debit,UPI_Lending_App,304,good
615,2023-01-31,Credit,Salary,1987,good
615,2023-02-19,Debit,Discretionary,476,good
615,2023-03-02,Credit,Salary,2116,good
615,2023-03-26,Debit,Discretionary,541,good
615,2023-04-01,Credit,Salary,2190,good
615,2023-04-22,Debit,Discretionary,459,good
615,2023-05-01,Credit,Salary,1814,good
615,2023-05-22,Debit,Discretionary,479,good
615,2023-05-31,Credit,Salary,1970,good
615,2023-06-15,Debit,Discretionary,472,good
616,2023-01-01,Credit,Salary,2083,good
616,2023-01-13,Debit,Discretionary,528,good
616,2023-01-31,Credit,Salary,1800,good
616,2023-02-05,Debit,Discretionary,521,good
616,2023-03-02,Credit,Salary,1934,good
616,2023-03-10,Debit,Discretionary,474,good
616,2023-03-17,Debit,UPI_Lending_App,73,good
616,2023-04-01,Credit,Salary,1960,good
616,2023-04-10,Debit,Discretionary,474,good
616,2023-05-01,Credit,Salary,1977,good
616,2023-05-17,Debit,Discretionary,452,good
616,2023-05-31,Credit,Salary,1933,good
616,2023-06-06,Debit,Discretionary,490,good
616,2023-06-23,Debit,UPI_Lending_App,313,good
617,2023-01-01,Credit,Salary,1996,good
617,2023-01-20,Debit,Discretionary,537,good
617,2023-01-31,Credit,Salary,2189,good
617,2023-02-23,Debit,Discretionary,529,good
617,2023-03-02,Credit,Salary,2044,good
617,2023-03-07,Debit,UPI_Lending_App,50,good
617,2023-03-15,Debit,Discretionary,499,good
617,2023-04-01,Credit,Salary,1944,good
617,2023-04-12,Debit,Discretionary,515,good
617,2023-05-01,Credit,Salary,2152,good
617,2023-05-14,Debit,Discretionary,455,good
617,2023-05-31,Credit,Salary,2137,good
617,2023-06-17,Debit,Discretionary,483,good
618,2023-01-01,Credit,Salary,1801,bad
618,2023-01-14,Debit,UPI_Lending_App,177,bad
618,2023-01-24,Debit,Discretionary,521,bad
618,2023-01-25,Debit,UPI_Lending_App,344,bad
618,2023-01-28,Debit,UPI_Lending_App,454,bad
618,2023-01-29,Debit,UPI_Lending_App,228,bad
618,2023-01-31,Credit,Salary,2064,bad
618,2023-02-10,Debit,UPI_Lending_App,149,bad
618,2023-02-22,Debit,Discretionary,476,bad
618,2023-03-02,Credit,Salary,2172,bad
618,2023-03-03,Debit,UPI_Lending_App,65,bad
618,2023-03-16,Debit,Discretionary,536,bad
618,2023-03-20,Debit,UPI_Lending_App,427,bad
618,2023-04-01,Credit,Salary,1882,bad
618,2023-04-03,Debit,UPI_Lending_App,251,bad
618,2023-04-09,Debit,Discretionary,467,bad
618,2023-04-21,Debit,UPI_Lending_App,453,bad
618,2023-04-27,Debit,UPI_Lending_App,212,bad
618,2023-05-01,Credit,Salary,1848,bad
618,2023-05-16,Debit,Discretionary,102,bad
618,2023-05-19,Debit,UPI_Lending_App,363,bad
618,2023-05-27,Debit,UPI_Lending_App,357,bad
618,2023-06-04,Debit,UPI_Lending_App,372,bad
618,2023-06-06,Credit,Salary,2077,bad
618,2023-06-08,Debit,UPI_Lending_App,289,bad
618,2023-06-10,Debit,UPI_Lending_App,307,bad
618,2023-06-17,Debit,UPI_Lending_App,200,bad
618,2023-06-18,Debit,Discretionary,87,bad
618,2023-06-27,Debit,UPI_Lending_App,165,bad
619,2023-01-01,Credit,Salary,1928,good
619,2023-01-20,Debit,Discretionary,467,good
619,2023-01-31,Credit,Salary,2186,good
619,2023-02-05,Debit,Discretionary,512,good
619,2023-03-02,Credit,Salary,2118,good
619,2023-03-20,Debit,Discretionary,550,good
619,2023-04-01,Credit,Salary,1817,good
619,2023-04-25,Debit,Discretionary,476,good
619,2023-05-01,Credit,Salary,1841,good
619,2023-05-19,Debit,Discretionary,543,good
619,2023-05-31,Credit,Salary,1962,good
619,2023-06-13,Debit,Discretionary,520,good
620,2023-01-01,Credit,Salary,1869,good
620,2023-01-11,Debit,Discretionary,468,good
620,2023-01-31,Credit,Salary,1820,good
620,2023-02-18,Debit,Discretionary,482,good
620,2023-03-02,Credit,Salary,2043,good
620,2023-03-25,Debit,Discretionary,482,good
620,2023-04-01,Credit,Salary,2121,good
620,2023-04-15,Debit,Discretionary,534,good
620,2023-05-01,Credit,Salary,2014,good
620,2023-05-06,Debit,Discretionary,468,good
620,2023-05-31,Credit,Salary,1852,good
620,2023-06-11,Debit,Discretionary,527,good
621,2023-01-01,Credit,Salary,1836,bad
621,2023-01-02,Debit,UPI_Lending_App,182,bad
621,2023-01-03,Debit,UPI_Lending_App,149,bad
621,2023-01-09,Debit,Discretionary,545,bad
621,2023-01-11,Debit,UPI_Lending_App,482,bad
621,2023-01-14,Debit,UPI_Lending_App,263,bad
621,2023-01-31,Credit,Salary,2089,bad
621,2023-02-06,Debit,UPI_Lending_App,357,bad
621,2023-02-13,Debit,Discretionary,513,bad
621,2023-02-19,Debit,UPI_Lending_App,77,bad
621,2023-02-21,Debit,UPI_Lending_App,185,bad
621,2023-02-26,Debit,UPI_Lending_App,386,bad
621,2023-03-02,Credit,Salary,1915,bad
621,2023-03-13,Debit,UPI_Lending_App,207,bad
621,2023-03-13,Debit,Discretionary,457,bad
621,2023-03-25,Debit,UPI_Lending_App,415,bad
621,2023-03-27,Debit,UPI_Lending_App,410,bad
621,2023-03-30,Debit,UPI_Lending_App,248,bad
621,2023-04-01,Credit,Salary,2149,bad
621,2023-04-06,Debit,Discretionary,499,bad
621,2023-04-21,Debit,UPI_Lending_App,143,bad
621,2023-05-01,Credit,Salary,2114,bad
621,2023-05-05,Debit,UPI_Lending_App,462,bad
621,2023-05-14,Debit,UPI_Lending_App,274,bad
621,2023-05-16,Debit,Discretionary,107,bad
621,2023-05-18,Debit,UPI_Lending_App,124,bad
621,2023-05-20,Debit,UPI_Lending_App,444,bad
621,2023-05-29,Debit,UPI_Lending_App,373,bad
621,2023-06-04,Credit,Salary,2173,bad
621,2023-06-06,Debit,UPI_Lending_App,249,bad
621,2023-06-06,Debit,UPI_Lending_App,336,bad
621,2023-06-17,Debit,Discretionary,78,bad
621,2023-06-20,Debit,UPI_Lending_App,272,bad
621,2023-06-25,Debit,UPI_Lending_App,243,bad
622,2023-01-01,Credit,Salary,2111,bad
622,2023-01-04,Debit,UPI_Lending_App,193,bad
622,2023-01-04,Debit,UPI_Lending_App,193,bad
622,2023-01-19,Debit,UPI_Lending_App,148,bad
622,2023-01-25,Debit,Discretionary,521,bad
622,2023-01-28,Debit,UPI_Lending_App,477,bad
622,2023-01-29,Debit,UPI_Lending_App,122,bad
622,2023-01-31,Credit,Salary,1891,bad
622,2023-02-10,Debit,UPI_Lending_App,199,bad
622,2023-02-11,Debit,Discretionary,481,bad
622,2023-03-02,Credit,Salary,1986,bad
622,2023-03-09,Debit,UPI_Lending_App,248,bad
622,2023-03-14,Debit,Discretionary,501,bad
622,2023-03-17,Debit,UPI_Lending_App,500,bad
622,2023-03-17,Debit,UPI_Lending_App,440,bad
622,2023-03-19,Debit,UPI_Lending_App,177,bad
622,2023-04-01,Credit,Salary,1875,bad
622,2023-04-07,Debit,UPI_Lending_App,186,bad
622,2023-04-07,Debit,UPI_Lending_App,434,bad
622,2023-04-09,Debit,UPI_Lending_App,200,bad
622,2023-04-21,Debit,UPI_Lending_App,270,bad
622,2023-04-22,Debit,Discretionary,520,bad
622,2023-04-25,Debit,UPI_Lending_App,312,bad
622,2023-05-01,Credit,Salary,1946,bad
622,2023-05-16,Debit,Discretionary,150,bad
622,2023-05-19,Debit,UPI_Lending_App,458,bad
622,2023-05-27,Debit,UPI_Lending_App,320,bad
622,2023-05-28,Debit,UPI_Lending_App,243,bad
622,2023-05-31,Credit,Salary,1923,bad
622,2023-06-01,Debit,UPI_Lending_App,396,bad
622,2023-06-10,Debit,UPI_Lending_App,395,bad
622,2023-06-10,Debit,Discretionary,53,bad
622,2023-06-17,Debit,UPI_Lending_App,465,bad
622,2023-06-18,Debit,UPI_Lending_App,309,bad
622,2023-06-19,Debit,UPI_Lending_App,375,bad
623,2023-01-01,Credit,Salary,1955,good
623,2023-01-15,Debit,Discretionary,460,good
623,2023-01-31,Credit,Salary,1833,good
623,2023-02-19,Debit,Discretionary,539,good
623,2023-03-02,Credit,Salary,1979,good
623,2023-03-21,Debit,Discretionary,541,good
623,2023-04-01,Credit,Salary,2054,good
623,2023-04-13,Debit,Discretionary,509,good
623,2023-05-01,Credit,Salary,1803,good
623,2023-05-15,Debit,Discretionary,452,good
623,2023-05-31,Credit,Salary,2041,good
623,2023-06-15,Debit,Discretionary,474,good
624,2023-01-01,Credit,Salary,2000,bad
624,2023-01-08,Debit,UPI_Lending_App,309,bad
624,2023-01-09,Debit,UPI_Lending_App,205,bad
624,2023-01-14,Debit,UPI_Lending_App,325,bad
624,2023-01-14,Debit,Discretionary,520,bad
624,2023-01-23,Debit,UPI_Lending_App,490,bad
624,2023-01-27,Debit,UPI_Lending_App,341,bad
624,2023-01-31,Credit,Salary,1814,bad
624,2023-02-02,Debit,UPI_Lending_App,331,bad
624,2023-02-14,Debit,UPI_Lending_App,210,bad
624,2023-02-14,Debit,UPI_Lending_App,52,bad
624,2023-02-17,Debit,Discretionary,521,bad
624,2023-03-02,Credit,Salary,1897,bad
624,2023-03-12,Debit,UPI_Lending_App,135,bad
624,2023-03-12,Debit,Discretionary,530,bad
624,2023-03-14,Debit,UPI_Lending_App,301,bad
624,2023-03-19,Debit,UPI_Lending_App,161,bad
624,2023-04-01,Credit,Salary,1957,bad
624,2023-04-19,Debit,UPI_Lending_App,226,bad
624,2023-04-22,Debit,UPI_Lending_App,364,bad
624,2023-04-23,Debit,UPI_Lending_App,71,bad
624,2023-04-26,Debit,Discretionary,519,bad
624,2023-04-27,Debit,UPI_Lending_App,59,bad
624,2023-04-27,Debit,UPI_Lending_App,152,bad
624,2023-05-05,Credit,Salary,2046,bad
624,2023-05-09,Debit,UPI_Lending_App,255,bad
624,2023-05-11,Debit,Discretionary,72,bad
624,2023-05-21,Debit,UPI_Lending_App,481,bad
624,2023-05-26,Debit,UPI_Lending_App,344,bad
624,2023-05-29,Debit,UPI_Lending_App,385,bad
624,2023-06-04,Debit,UPI_Lending_App,154,bad
624,2023-06-05,Credit,Salary,2063,bad
624,2023-06-05,Debit,Discretionary,129,bad
624,2023-06-06,Debit,UPI_Lending_App,64,bad
624,2023-06-23,Debit,UPI_Lending_App,350,bad
624,2023-06-25,Debit,UPI_Lending_App,304,bad
625,2023-01-01,Credit,Salary,2120,good
625,2023-01-11,Debit,Discretionary,514,good
625,2023-01-31,Credit,Salary,2029,good
625,2023-02-15,Debit,Discretionary,491,good
625,2023-03-02,Credit,Salary,2188,good
625,2023-03-09,Debit,Discretionary,504,good
625,2023-04-01,Credit,Salary,2083,good
625,2023-04-11,Debit,Discretionary,528,good
625,2023-05-01,Credit,Salary,1848,good
625,2023-05-20,Debit,Discretionary,526,good
625,2023-05-31,Credit,Salary,1837,good
625,2023-06-19,Debit,Discretionary,521,good
626,2023-01-01,Credit,Salary,1944,good
626,2023-01-07,Debit,Discretionary,510,good
626,2023-01-31,Credit,Salary,2102,good
626,2023-02-14,Debit,Discretionary,534,good
626,2023-03-02,Credit,Salary,2136,good
626,2023-03-16,Debit,Discretionary,459,good
626,2023-04-01,Credit,Salary,2109,good
626,2023-04-21,Debit,Discretionary,518,good
626,2023-05-01,Credit,Salary,2177,good
626,2023-05-24,Debit,Discretionary,546,good
626,2023-05-31,Credit,Salary,1942,good
626,2023-06-18,Debit,Discretionary,482,good
627,2023-01-01,Credit,Salary,2125,bad
627,2023-01-03,Debit,UPI_Lending_App,471,bad
627,2023-01-09,Debit,UPI_Lending_App,254,bad
627,2023-01-10,Debit,UPI_Lending_App,156,bad
627,2023-01-15,Debit,UPI_Lending_App,320,bad
627,2023-01-19,Debit,UPI_Lending_App,499,bad
627,2023-01-23,Debit,Discretionary,546,bad
627,2023-01-31,Credit,Salary,1859,bad
627,2023-02-03,Debit,UPI_Lending_App,275,bad
627,2023-02-13,Debit,UPI_Lending_App,295,bad
627,2023-02-16,Debit,UPI_Lending_App,70,bad
627,2023-02-18,Debit,UPI_Lending_App,407,bad
627,2023-02-21,Debit,Discretionary,464,bad
627,2023-02-22,Debit,UPI_Lending_App,234,bad
627,2023-03-02,Credit,Salary,2198,bad
627,2023-03-04,Debit,UPI_Lending_App,489,bad
627,2023-03-08,Debit,UPI_Lending_App,407,bad
627,2023-03-12,Debit,UPI_Lending_App,363,bad
627,2023-03-13,Debit,UPI_Lending_App,50,bad
627,2023-03-17,Debit,UPI_Lending_App,344,bad
627,2023-03-25,Debit,Discretionary,484,bad
627,2023-04-01,Credit,Salary,2121,bad
627,2023-04-24,Debit,UPI_Lending_App,408,bad
627,2023-04-24,Debit,Discretionary,476,bad
627,2023-05-01,Credit,Salary,2092,bad
627,2023-05-02,Debit,UPI_Lending_App,398,bad
627,2023-05-04,Debit,UPI_Lending_App,122,bad
627,2023-05-11,Debit,UPI_Lending_App,379,bad
627,2023-05-20,Debit,Discretionary,133,bad
627,2023-05-22,Debit,UPI_Lending_App,71,bad
627,2023-05-29,Debit,UPI_Lending_App,134,bad
627,2023-05-31,Credit,Salary,1812,bad
627,2023-06-13,Debit,UPI_Lending_App,157,bad
627,2023-06-15,Debit,UPI_Lending_App,428,bad
627,2023-06-17,Debit,UPI_Lending_App,329,bad
627,2023-06-18,Debit,UPI_Lending_App,159,bad
627,2023-06-18,Debit,Discretionary,139,bad
627,2023-06-25,Debit,UPI_Lending_App,232,bad
628,2023-01-01,Credit,Salary,2165,good
628,2023-01-24,Debit,Discretionary,484,good
628,2023-01-31,Credit,Salary,2076,good
628,2023-02-23,Debit,Discretionary,495,good
628,2023-03-02,Credit,Salary,1970,good
628,2023-03-20,Debit,Discretionary,523,good
628,2023-04-01,Credit,Salary,1881,good
628,2023-04-26,Debit,Discretionary,451,good
628,2023-05-01,Credit,Salary,1891,good
628,2023-05-18,Debit,Discretionary,511,good
628,2023-05-31,Credit,Salary,2153,good
628,2023-06-10,Debit,Discretionary,517,good
629,2023-01-01,Credit,Salary,2042,good
629,2023-01-23,Debit,Discretionary,538,good
629,2023-01-31,Credit,Salary,1962,good
629,2023-02-21,Debit,Discretionary,475,good
629,2023-03-02,Credit,Salary,1847,good
629,2023-03-13,Debit,UPI_Lending_App,204,good
629,2023-03-13,Debit,Discretionary,528,good
629,2023-04-01,Credit,Salary,2058,good
629,2023-04-26,Debit,Discretionary,545,good
629,2023-05-01,Credit,Salary,2053,good
629,2023-05-21,Debit,Discretionary,535,good
629,2023-05-31,Credit,Salary,1912,good
629,2023-06-18,Debit,Discretionary,493,good
630,2023-01-01,Credit,Salary,2084,good
630,2023-01-23,Debit,Discretionary,454,good
630,2023-01-31,Credit,Salary,1807,good
630,2023-02-07,Debit,Discretionary,514,good
630,2023-02-26,Debit,UPI_Lending_App,433,good
630,2023-03-02,Credit,Salary,1928,good
630,2023-03-09,Debit,Discretionary,454,good
630,2023-03-16,Debit,UPI_Lending_App,175,good
630,2023-04-01,Credit,Salary,1939,good
630,2023-04-21,Debit,Discretionary,454,good
630,2023-05-01,Credit,Salary,1980,good
630,2023-05-26,Debit,Discretionary,546,good
630,2023-05-31,Credit,Salary,2116,good
630,2023-06-11,Debit,Discretionary,529,good
631,2023-01-01,Credit,Salary,1950,bad
631,2023-01-16,Debit,Discretionary,515,bad
631,2023-01-21,Debit,UPI_Lending_App,440,bad
631,2023-01-31,Credit,Salary,1853,bad
631,2023-02-08,Debit,UPI_Lending_App,282,bad
631,2023-02-12,Debit,Discretionary,517,bad
631,2023-02-22,Debit,UPI_Lending_App,156,bad
631,2023-03-02,Credit,Salary,2147,bad
631,2023-03-16,Debit,Discretionary,479,bad
631,2023-03-29,Debit,UPI_Lending_App,340,bad
631,2023-04-01,Credit,Salary,2137,bad
631,2023-04-02,Debit,UPI_Lending_App,55,bad
631,2023-04-07,Debit,UPI_Lending_App,308,bad
631,2023-04-07,Debit,UPI_Lending_App,170,bad
631,2023-04-09,Debit,UPI_Lending_App,149,bad
631,2023-04-14,Debit,UPI_Lending_App,220,bad
631,2023-04-25,Debit,Discretionary,501,bad
631,2023-05-01,Credit,Salary,1828,bad
631,2023-05-03,Debit,UPI_Lending_App,366,bad
631,2023-05-10,Debit,UPI_Lending_App,77,bad
631,2023-05-10,Debit,UPI_Lending_App,193,bad
631,2023-05-15,Debit,Discretionary,73,bad
631,2023-05-23,Debit,UPI_Lending_App,315,bad
631,2023-06-04,Credit,Salary,2029,bad
631,2023-06-07,Debit,UPI_Lending_App,437,bad
631,2023-06-19,Debit,Discretionary,72,bad
632,2023-01-01,Credit,Salary,1872,good
632,2023-01-10,Debit,Discretionary,495,good
632,2023-01-31,Credit,Salary,1934,good
632,2023-02-25,Debit,Discretionary,458,good
632,2023-03-02,Credit,Salary,2106,good
632,2023-03-26,Debit,Discretionary,507,good
632,2023-04-01,Credit,Salary,1959,good
632,2023-04-11,Debit,Discretionary,515,good
632,2023-05-01,Credit,Salary,1880,good
632,2023-05-19,Debit,Discretionary,502,good
632,2023-05-31,Credit,Salary,1993,good
632,2023-06-11,Debit,Discretionary,531,good
633,2023-01-01,Credit,Salary,1834,bad
633,2023-01-13,Debit,UPI_Lending_App,236,bad
633,2023-01-19,Debit,Discretionary,480,bad
633,2023-01-31,Credit,Salary,1939,bad
633,2023-02-07,Debit,UPI_Lending_App,224,bad
633,2023-02-12,Debit,UPI_Lending_App,434,bad
633,2023-02-24,Debit,Discretionary,502,bad
633,2023-03-02,Credit,Salary,2152,bad
633,2023-03-10,Debit,UPI_Lending_App,270,bad
633,2023-03-10,Debit,UPI_Lending_App,492,bad
633,2023-03-12,Debit,UPI_Lending_App,324,bad
633,2023-03-20,Debit,Discretionary,478,bad
633,2023-03-26,Debit,UPI_Lending_App,102,bad
633,2023-04-01,Credit,Salary,1887,bad
633,2023-04-10,Debit,Discretionary,550,bad
633,2023-04-17,Debit,UPI_Lending_App,239,bad
633,2023-04-20,Debit,UPI_Lending_App,226,bad
633,2023-04-20,Debit,UPI_Lending_App,195,bad
633,2023-04-24,Debit,UPI_Lending_App,400,bad
633,2023-04-26,Debit,UPI_Lending_App,242,bad
633,2023-05-08,Credit,Salary,2173,bad
633,2023-05-09,Debit,Discretionary,69,bad
633,2023-05-11,Debit,UPI_Lending_App,301,bad
633,2023-06-07,Credit,Salary,2191,bad
633,2023-06-08,Debit,UPI_Lending_App,138,bad
633,2023-06-19,Debit,UPI_Lending_App,75,bad
633,2023-06-20,Debit,Discretionary,57,bad
634,2023-01-01,Credit,Salary,1992,bad
634,2023-01-02,Debit,UPI_Lending_App,138,bad
634,2023-01-05,Debit,UPI_Lending_App,376,bad
634,2023-01-09,Debit,UPI_Lending_App,348,bad
634,2023-01-10,Debit,UPI_Lending_App,404,bad
634,2023-01-14,Debit,Discretionary,547,bad
634,2023-01-26,Debit,UPI_Lending_App,152,bad
634,2023-01-31,Credit,Salary,2111,bad
634,2023-02-13,Debit,UPI_Lending_App,114,bad
634,2023-02-20,Debit,UPI_Lending_App,98,bad
634,2023-02-23,Debit,Discretionary,526,bad
634,2023-03-02,Credit,Salary,1910,bad
634,2023-03-08,Debit,Discretionary,550,bad
634,2023-03-16,Debit,UPI_Lending_App,195,bad
634,2023-03-17,Debit,UPI_Lending_App,342,bad
634,2023-03-24,Debit,UPI_Lending_App,483,bad
634,2023-04-01,Credit,Salary,2051,bad
634,2023-04-07,Debit,UPI_Lending_App,104,bad
634,2023-04-23,Debit,Discretionary,499,bad
634,2023-04-28,Debit,UPI_Lending_App,199,bad
634,2023-05-01,Credit,Salary,2137,bad
634,2023-05-05,Debit,UPI_Lending_App,95,bad
634,2023-05-08,Debit,UPI_Lending_App,218,bad
634,2023-05-10,Debit,Discretionary,63,bad
634,2023-05-26,Debit,UPI_Lending_App,187,bad
634,2023-05-28,Debit,UPI_Lending_App,266,bad
634,2023-06-03,Credit,Salary,2108,bad
634,2023-06-06,Debit,Discretionary,84,bad
634,2023-06-25,Debit,UPI_Lending_App,465,bad
635,2023-01-01,Credit,Salary,2072,good
635,2023-01-12,Debit,Discretionary,468,good
635,2023-01-31,Credit,Salary,1830,good
635,2023-02-05,Debit,Discretionary,535,good
635,2023-03-02,Credit,Salary,2022,good
635,2023-03-22,Debit,Discretionary,458,good
635,2023-04-01,Credit,Salary,2188,good
635,2023-04-07,Debit,Discretionary,548,good
635,2023-05-01,Credit,Salary,2192,good
635,2023-05-10,Debit,Discretionary,481,good
635,2023-05-31,Credit,Salary,1825,good
635,2023-06-06,Debit,Discretionary,538,good
636,2023-01-01,Credit,Salary,1927,good
636,2023-01-18,Debit,Discretionary,482,good
636,2023-01-31,Credit,Salary,2039,good
636,2023-02-20,Debit,UPI_Lending_App,387,good
636,2023-02-25,Debit,Discretionary,523,good
636,2023-03-02,Credit,Salary,2138,good
636,2023-03-25,Debit,Discretionary,532,good
636,2023-04-01,Credit,Salary,2067,good
636,2023-04-06,Debit,Discretionary,458,good
636,2023-05-01,Credit,Salary,2175,good
636,2023-05-19,Debit,Discretionary,515,good
636,2023-05-31,Credit,Salary,1974,good
636,2023-06-15,Debit,Discretionary,458,good
637,2023-01-01,Credit,Salary,1824,good
637,2023-01-10,Debit,Discretionary,454,good
637,2023-01-31,Credit,Salary,1813,good
637,2023-02-10,Debit,Discretionary,494,good
637,2023-03-02,Credit,Salary,2024,good
637,2023-03-05,Debit,UPI_Lending_App,261,good
637,2023-03-26,Debit,Discretionary,535,good
637,2023-04-01,Credit,Salary,2124,good
637,2023-04-06,Debit,Discretionary,489,good
637,2023-05-01,Credit,Salary,1942,good
637,2023-05-13,Debit,Discretionary,491,good
637,2023-05-18,Debit,UPI_Lending_App,339,good
637,2023-05-31,Credit,Salary,2043,good
637,2023-06-13,Debit,Discretionary,520,good
638,2023-01-01,Credit,Salary,2014,good
638,2023-01-21,Debit,Discretionary,502,good
638,2023-01-31,Credit,Salary,1926,good
638,2023-02-22,Debit,Discretionary,464,good
638,2023-03-02,Credit,Salary,2152,good
638,2023-03-11,Debit,Discretionary,472,good
638,2023-04-01,Credit,Salary,1883,good
638,2023-04-07,Debit,Discretionary,523,good
638,2023-05-01,Credit,Salary,2109,good
638,2023-05-16,Debit,UPI_Lending_App,181,good
638,2023-05-22,Debit,Discretionary,472,good
638,2023-05-31,Credit,Salary,2199,good
638,2023-06-13,Debit,Discretionary,550,good
639,2023-01-01,Credit,Salary,2194,bad
639,2023-01-14,Debit,UPI_Lending_App,157,bad
639,2023-01-20,Debit,Discretionary,476,bad
639,2023-01-23,Debit,UPI_Lending_App,328,bad
639,2023-01-31,Credit,Salary,2185,bad
639,2023-02-07,Debit,Discretionary,543,bad
639,2023-02-23,Debit,UPI_Lending_App,227,bad
639,2023-03-02,Credit,Salary,2105,bad
639,2023-03-15,Debit,UPI_Lending_App,118,bad
639,2023-03-15,Debit,Discretionary,520,bad
639,2023-03-28,Debit,UPI_Lending_App,337,bad
639,2023-04-01,Credit,Salary,1812,bad
639,2023-04-04,Debit,UPI_Lending_App,438,bad
639,2023-04-09,Debit,Discretionary,511,bad
639,2023-04-17,Debit,UPI_Lending_App,325,bad
639,2023-05-01,Credit,Salary,1844,bad
639,2023-05-14,Debit,Discretionary,75,bad
639,2023-05-26,Debit,UPI_Lending_App,240,bad
639,2023-05-31,Credit,Salary,2075,bad
639,2023-06-02,Debit,UPI_Lending_App,278,bad
639,2023-06-06,Debit,Discretionary,92,bad
639,2023-06-10,Debit,UPI_Lending_App,488,bad
639,2023-06-10,Debit,UPI_Lending_App,171,bad
639,2023-06-23,Debit,UPI_Lending_App,252,bad
639,2023-06-26,Debit,UPI_Lending_App,438,bad
640,2023-01-01,Credit,Salary,1943,bad
640,2023-01-16,Debit,Discretionary,538,bad
640,2023-01-17,Debit,UPI_Lending_App,438,bad
640,2023-01-21,Debit,UPI_Lending_App,83,bad
640,2023-01-29,Debit,UPI_Lending_App,146,bad
640,2023-01-31,Credit,Salary,1837,bad
640,2023-02-12,Debit,UPI_Lending_App,86,bad
640,2023-02-17,Debit,Discretionary,453,bad
640,2023-03-02,Credit,Salary,1933,bad
640,2023-03-03,Debit,UPI_Lending_App,152,bad
640,2023-03-11,Debit,UPI_Lending_App,124,bad
640,2023-03-17,Debit,Discretionary,524,bad
640,2023-03-18,Debit,UPI_Lending_App,406,bad
640,2023-03-30,Debit,UPI_Lending_App,214,bad
640,2023-04-01,Credit,Salary,2062,bad
640,2023-04-06,Debit,UPI_Lending_App,481,bad
640,2023-04-08,Debit,UPI_Lending_App,381,bad
640,2023-04-23,Debit,Discretionary,536,bad
640,2023-04-27,Debit,UPI_Lending_App,133,bad
640,2023-05-01,Credit,Salary,2125,bad
640,2023-05-03,Debit,UPI_Lending_App,462,bad
640,2023-05-08,Debit,UPI_Lending_App,434,bad
640,2023-05-14,Debit,Discretionary,100,bad
640,2023-05-15,Debit,UPI_Lending_App,122,bad
640,2023-05-19,Debit,UPI_Lending_App,436,bad
640,2023-05-26,Debit,UPI_Lending_App,435,bad
640,2023-05-31,Credit,Salary,1885,bad
640,2023-06-04,Debit,UPI_Lending_App,475,bad
640,2023-06-15,Debit,UPI_Lending_App,326,bad
640,2023-06-21,Debit,UPI_Lending_App,141,bad
640,2023-06-21,Debit,Discretionary,59,bad
640,2023-06-28,Debit,UPI_Lending_App,208,bad
641,2023-01-01,Credit,Salary,2048,good
641,2023-01-13,Debit,UPI_Lending_App,472,good
641,2023-01-19,Debit,Discretionary,491,good
641,2023-01-31,Credit,Salary,1997,good
641,2023-02-19,Debit,Discretionary,528,good
641,2023-03-02,Credit,Salary,1812,good
641,2023-03-09,Debit,Discretionary,506,good
641,2023-04-01,Credit,Salary,1906,good
641,2023-04-16,Debit,Discretionary,516,good
641,2023-05-01,Credit,Salary,1875,good
641,2023-05-07,Debit,Discretionary,498,good
641,2023-05-31,Credit,Salary,1880,good
641,2023-06-23,Debit,Discretionary,487,good
642,2023-01-01,Credit,Salary,1976,bad
642,2023-01-12,Debit,UPI_Lending_App,75,bad
642,2023-01-12,Debit,Discretionary,535,bad
642,2023-01-13,Debit,UPI_Lending_App,416,bad
642,2023-01-18,Debit,UPI_Lending_App,213,bad
642,2023-01-19,Debit,UPI_Lending_App,91,bad
642,2023-01-24,Debit,UPI_Lending_App,337,bad
642,2023-01-31,Credit,Salary,2100,bad
642,2023-02-04,Debit,UPI_Lending_App,278,bad
642,2023-02-13,Debit,UPI_Lending_App,373,bad
642,2023-02-16,Debit,Discretionary,454,bad
642,2023-02-21,Debit,UPI_Lending_App,138,bad
642,2023-03-02,Credit,Salary,2041,bad
642,2023-03-15,Debit,Discretionary,518,bad
642,2023-03-16,Debit,UPI_Lending_App,490,bad
642,2023-03-23,Debit,UPI_Lending_App,421,bad
642,2023-03-24,Debit,UPI_Lending_App,183,bad
642,2023-03-27,Debit,UPI_Lending_App,333,bad
642,2023-03-29,Debit,UPI_Lending_App,341,bad
642,2023-04-01,Credit,Salary,1944,bad
642,2023-04-11,Debit,Discretionary,482,bad
642,2023-04-19,Debit,UPI_Lending_App,156,bad
642,2023-04-28,Debit,UPI_Lending_App,158,bad
642,2023-05-01,Credit,Salary,2024,bad
642,2023-05-03,Debit,UPI_Lending_App,208,bad
642,2023-05-10,Debit,UPI_Lending_App,455,bad
642,2023-05-24,Debit,Discretionary,55,bad
642,2023-05-31,Credit,Salary,2098,bad
642,2023-06-13,Debit,UPI_Lending_App,127,bad
642,2023-06-14,Debit,UPI_Lending_App,173,bad
642,2023-06-15,Debit,Discretionary,150,bad
642,2023-06-18,Debit,UPI_Lending_App,371,bad
642,2023-06-21,Debit,UPI_Lending_App,320,bad
643,2023-01-01,Credit,Salary,2200,good
643,2023-01-09,Debit,Discretionary,526,good
643,2023-01-20,Debit,UPI_Lending_App,342,good
643,2023-01-31,Credit,Salary,1906,good
643,2023-02-08,Debit,Discretionary,542,good
643,2023-03-02,Credit,Salary,2041,good
643,2023-03-16,Debit,Discretionary,528,good
643,2023-04-01,Credit,Salary,2053,good
643,2023-04-11,Debit,Discretionary,471,good
643,2023-04-20,Debit,UPI_Lending_App,411,good
643,2023-05-01,Credit,Salary,2007,good
643,2023-05-08,Debit,Discretionary,508,good
643,2023-05-31,Credit,Salary,2143,good
643,2023-06-09,Debit,Discretionary,526,good
644,2023-01-01,Credit,Salary,2065,good
644,2023-01-15,Debit,Discretionary,495,good
644,2023-01-31,Credit,Salary,1833,good
644,2023-02-13,Debit,Discretionary,501,good
644,2023-03-02,Credit,Salary,2053,good
644,2023-03-17,Debit,Discretionary,507,good
644,2023-03-28,Debit,UPI_Lending_App,437,good
644,2023-04-01,Credit,Salary,2131,good
644,2023-04-26,Debit,Discretionary,494,good
644,2023-05-01,Credit,Salary,2127,good
644,2023-05-14,Debit,Discretionary,469,good
644,2023-05-31,Credit,Salary,2010,good
644,2023-06-11,Debit,Discretionary,452,good
645,2023-01-01,Credit,Salary,2177,bad
645,2023-01-04,Debit,UPI_Lending_App,103,bad
645,2023-01-19,Debit,Discretionary,504,bad
645,2023-01-23,Debit,UPI_Lending_App,231,bad
645,2023-01-31,Credit,Salary,2132,bad
645,2023-02-03,Debit,UPI_Lending_App,77,bad
645,2023-02-05,Debit,Discretionary,480,bad
645,2023-03-02,Credit,Salary,1865,bad
645,2023-03-07,Debit,UPI_Lending_App,119,bad
645,2023-03-08,Debit,UPI_Lending_App,140,bad
645,2023-03-12,Debit,UPI_Lending_App,116,bad
645,2023-03-20,Debit,UPI_Lending_App,453,bad
645,2023-03-20,Debit,UPI_Lending_App,294,bad
645,2023-03-23,Debit,Discretionary,500,bad
645,2023-04-01,Credit,Salary,1928,bad
645,2023-04-07,Debit,UPI_Lending_App,178,bad
645,2023-04-11,Debit,UPI_Lending_App,208,bad
645,2023-04-15,Debit,UPI_Lending_App,398,bad
645,2023-04-17,Debit,UPI_Lending_App,303,bad
645,2023-04-17,Debit,Discretionary,461,bad
645,2023-05-01,Credit,Salary,2025,bad
645,2023-05-06,Debit,Discretionary,67,bad
645,2023-05-28,Debit,UPI_Lending_App,181,bad
645,2023-06-01,Debit,UPI_Lending_App,274,bad
645,2023-06-03,Debit,UPI_Lending_App,304,bad
645,2023-06-06,Credit,Salary,2199,bad
645,2023-06-12,Debit,UPI_Lending_App,224,bad
645,2023-06-12,Debit,Discretionary,75,bad
645,2023-06-21,Debit,UPI_Lending_App,151,bad
646,2023-01-01,Credit,Salary,2040,good
646,2023-01-25,Debit,Discretionary,477,good
646,2023-01-31,Credit,Salary,1952,good
646,2023-02-07,Debit,Discretionary,458,good
646,2023-03-02,Credit,Salary,2028,good
646,2023-03-16,Debit,Discretionary,539,good
646,2023-04-01,Credit,Salary,1984,good
646,2023-04-10,Debit,Discretionary,476,good
646,2023-05-01,Credit,Salary,2036,good
646,2023-05-14,Debit,Discretionary,513,good
646,2023-05-31,Credit,Salary,2006,good
646,2023-06-25,Debit,Discretionary,492,good
647,2023-01-01,Credit,Salary,2048,bad
647,2023-01-21,Debit,Discretionary,467,bad
647,2023-01-25,Debit,UPI_Lending_App,308,bad
647,2023-01-31,Credit,Salary,2117,bad
647,2023-02-12,Debit,Discretionary,536,bad
647,2023-02-14,Debit,UPI_Lending_App,148,bad
647,2023-02-19,Debit,UPI_Lending_App,361,bad
647,2023-03-02,Credit,Salary,2013,bad
647,2023-03-16,Debit,Discretionary,510,bad
647,2023-03-22,Debit,UPI_Lending_App,108,bad
647,2023-03-23,Debit,UPI_Lending_App,196,bad
647,2023-04-01,Credit,Salary,2081,bad
647,2023-04-23,Debit,UPI_Lending_App,495,bad
647,2023-04-26,Debit,Discretionary,465,bad
647,2023-05-06,Credit,Salary,1967,bad
647,2023-05-09,Debit,UPI_Lending_App,158,bad
647,2023-05-10,Debit,UPI_Lending_App,176,bad
647,2023-05-20,Debit,UPI_Lending_App,398,bad
647,2023-05-21,Debit,UPI_Lending_App,494,bad
647,2023-05-21,Debit,Discretionary,73,bad
647,2023-05-31,Credit,Salary,1976,bad
647,2023-06-01,Debit,UPI_Lending_App,445,bad
647,2023-06-08,Debit,Discretionary,62,bad
647,2023-06-11,Debit,UPI_Lending_App,373,bad
647,2023-06-13,Debit,UPI_Lending_App,289,bad
648,2023-01-01,Credit,Salary,2162,bad
648,2023-01-02,Debit,UPI_Lending_App,309,bad
648,2023-01-17,Debit,Discretionary,486,bad
648,2023-01-31,Credit,Salary,2067,bad
648,2023-02-18,Debit,UPI_Lending_App,346,bad
648,2023-02-23,Debit,Discretionary,521,bad
648,2023-03-02,Credit,Salary,2032,bad
648,2023-03-13,Debit,Discretionary,486,bad
648,2023-03-17,Debit,UPI_Lending_App,347,bad
648,2023-03-18,Debit,UPI_Lending_App,352,bad
648,2023-03-19,Debit,UPI_Lending_App,155,bad
648,2023-03-22,Debit,UPI_Lending_App,390,bad
648,2023-04-01,Credit,Salary,1901,bad
648,2023-04-12,Debit,UPI_Lending_App,197,bad
648,2023-04-17,Debit,Discretionary,526,bad
648,2023-05-01,Credit,Salary,2037,bad
648,2023-05-11,Debit,UPI_Lending_App,261,bad
648,2023-05-24,Debit,UPI_Lending_App,280,bad
648,2023-05-25,Debit,Discretionary,105,bad
648,2023-06-03,Debit,UPI_Lending_App,327,bad
648,2023-06-07,Credit,Salary,2081,bad
648,2023-06-15,Debit,UPI_Lending_App,145,bad
648,2023-06-18,Debit,UPI_Lending_App,92,bad
648,2023-06-25,Debit,Discretionary,103,bad
648,2023-06-27,Debit,UPI_Lending_App,241,bad
649,2023-01-01,Credit,Salary,2020,bad
649,2023-01-02,Debit,UPI_Lending_App,262,bad
649,2023-01-08,Debit,Discretionary,492,bad
649,2023-01-31,Credit,Salary,2097,bad
649,2023-02-19,Debit,UPI_Lending_App,377,bad
649,2023-02-23,Debit,Discretionary,526,bad
649,2023-03-02,Credit,Salary,1992,bad
649,2023-03-11,Debit,UPI_Lending_App,64,bad
649,2023-03-15,Debit,UPI_Lending_App,128,bad
649,2023-03-15,Debit,Discretionary,543,bad
649,2023-03-24,Debit,UPI_Lending_App,273,bad
649,2023-04-01,Credit,Salary,2120,bad
649,2023-04-02,Debit,UPI_Lending_App,334,bad
649,2023-04-16,Debit,Discretionary,487,bad
649,2023-05-03,Debit,UPI_Lending_App,408,bad
649,2023-05-04,Credit,Salary,2001,bad
649,2023-05-20,Debit,Discretionary,149,bad
649,2023-05-31,Credit,Salary,2098,bad
649,2023-06-09,Debit,UPI_Lending_App,299,bad
649,2023-06-17,Debit,Discretionary,139,bad
650,2023-01-01,Credit,Salary,2063,good
650,2023-01-08,Debit,UPI_Lending_App,286,good
650,2023-01-20,Debit,Discretionary,487,good
650,2023-01-31,Credit,Salary,2180,good
650,2023-02-22,Debit,Discretionary,499,good
650,2023-03-02,Credit,Salary,1940,good
650,2023-03-14,Debit,Discretionary,498,good
650,2023-04-01,Credit,Salary,2192,good
650,2023-04-23,Debit,Discretionary,499,good
650,2023-05-01,Credit,Salary,1960,good
650,2023-05-26,Debit,Discretionary,460,good
650,2023-05-31,Credit,Salary,2022,good
650,2023-06-15,Debit,Discretionary,461,good
651,2023-01-01,Credit,Salary,2008,bad
651,2023-01-02,Debit,UPI_Lending_App,103,bad
651,2023-01-06,Debit,UPI_Lending_App,112,bad
651,2023-01-24,Debit,Discretionary,510,bad
651,2023-01-31,Credit,Salary,1985,bad
651,2023-02-04,Debit,UPI_Lending_App,179,bad
651,2023-02-07,Debit,UPI_Lending_App,222,bad
651,2023-02-12,Debit,UPI_Lending_App,84,bad
651,2023-02-16,Debit,UPI_Lending_App,94,bad
651,2023-02-17,Debit,Discretionary,454,bad
651,2023-02-25,Debit,UPI_Lending_App,278,bad
651,2023-03-02,Credit,Salary,2072,bad
651,2023-03-09,Debit,Discretionary,531,bad
651,2023-03-29,Debit,UPI_Lending_App,360,bad
651,2023-04-01,Credit,Salary,1976,bad
651,2023-04-12,Debit,UPI_Lending_App,237,bad
651,2023-04-20,Debit,UPI_Lending_App,253,bad
651,2023-04-23,Debit,UPI_Lending_App,299,bad
651,2023-04-24,Debit,Discretionary,460,bad
651,2023-04-25,Debit,UPI_Lending_App,218,bad
651,2023-04-29,Debit,UPI_Lending_App,173,bad
651,2023-05-06,Credit,Salary,2174,bad
651,2023-05-12,Debit,UPI_Lending_App,56,bad
651,2023-05-14,Debit,UPI_Lending_App,254,bad
651,2023-05-22,Debit,Discretionary,142,bad
651,2023-05-25,Debit,UPI_Lending_App,444,bad
651,2023-05-25,Debit,UPI_Lending_App,184,bad
651,2023-05-31,Credit,Salary,1982,bad
651,2023-06-03,Debit,UPI_Lending_App,212,bad
651,2023-06-18,Debit,UPI_Lending_App,363,bad
651,2023-06-25,Debit,Discretionary,116,bad
652,2023-01-01,Credit,Salary,1908,bad
652,2023-01-08,Debit,UPI_Lending_App,443,bad
652,2023-01-14,Debit,UPI_Lending_App,366,bad
652,2023-01-14,Debit,Discretionary,517,bad
652,2023-01-15,Debit,UPI_Lending_App,362,bad
652,2023-01-25,Debit,UPI_Lending_App,61,bad
652,2023-01-27,Debit,UPI_Lending_App,490,bad
652,2023-01-31,Credit,Salary,2169,bad
652,2023-02-13,Debit,UPI_Lending_App,104,bad
652,2023-02-15,Debit,UPI_Lending_App,367,bad
652,2023-02-15,Debit,Discretionary,494,bad
652,2023-02-24,Debit,UPI_Lending_App,468,bad
652,2023-03-02,Credit,Salary,2085,bad
652,2023-03-06,Debit,UPI_Lending_App,319,bad
652,2023-03-09,Debit,UPI_Lending_App,367,bad
652,2023-03-22,Debit,Discretionary,531,bad
652,2023-04-01,Credit,Salary,1929,bad
652,2023-04-15,Debit,UPI_Lending_App,183,bad
652,2023-04-16,Debit,UPI_Lending_App,323,bad
652,2023-04-20,Debit,Discretionary,525,bad
652,2023-04-28,Debit,UPI_Lending_App,175,bad
652,2023-04-29,Debit,UPI_Lending_App,370,bad
652,2023-05-01,Credit,Salary,2198,bad
652,2023-05-08,Debit,Discretionary,109,bad
652,2023-05-16,Debit,UPI_Lending_App,146,bad
652,2023-05-21,Debit,UPI_Lending_App,478,bad
652,2023-05-31,Credit,Salary,2124,bad
652,2023-06-02,Debit,UPI_Lending_App,198,bad
652,2023-06-18,Debit,UPI_Lending_App,480,bad
652,2023-06-18,Debit,UPI_Lending_App,126,bad
652,2023-06-22,Debit,Discretionary,74,bad
653,2023-01-01,Credit,Salary,2022,bad
653,2023-01-06,Debit,UPI_Lending_App,100,bad
653,2023-01-13,Debit,Discretionary,469,bad
653,2023-01-19,Debit,UPI_Lending_App,437,bad
653,2023-01-31,Credit,Salary,2041,bad
653,2023-02-04,Debit,UPI_Lending_App,216,bad
653,2023-02-21,Debit,Discretionary,455,bad
653,2023-02-23,Debit,UPI_Lending_App,460,bad
653,2023-03-02,Credit,Salary,1894,bad
653,2023-03-12,Debit,UPI_Lending_App,330,bad
653,2023-03-13,Debit,UPI_Lending_App,398,bad
653,2023-03-13,Debit,UPI_Lending_App,493,bad
653,2023-03-26,Debit,Discretionary,466,bad
653,2023-04-01,Credit,Salary,2127,bad
653,2023-04-03,Debit,UPI_Lending_App,125,bad
653,2023-04-06,Debit,UPI_Lending_App,202,bad
653,2023-04-06,Debit,Discretionary,466,bad
653,2023-04-16,Debit,UPI_Lending_App,170,bad
653,2023-04-23,Debit,UPI_Lending_App,403,bad
653,2023-05-04,Credit,Salary,1981,bad
653,2023-05-09,Debit,UPI_Lending_App,353,bad
653,2023-05-14,Debit,UPI_Lending_App,295,bad
653,2023-05-24,Debit,UPI_Lending_App,133,bad
653,2023-05-24,Debit,Discretionary,128,bad
653,2023-05-29,Debit,UPI_Lending_App,451,bad
653,2023-06-01,Debit,UPI_Lending_App,320,bad
653,2023-06-04,Credit,Salary,2056,bad
653,2023-06-09,Debit,UPI_Lending_App,218,bad
653,2023-06-16,Debit,UPI_Lending_App,71,bad
653,2023-06-17,Debit,UPI_Lending_App,190,bad
653,2023-06-24,Debit,Discretionary,143,bad
653,2023-06-25,Debit,UPI_Lending_App,211,bad
654,2023-01-01,Credit,Salary,2145,good
654,2023-01-20,Debit,Discretionary,500,good
654,2023-01-31,Credit,Salary,2020,good
654,2023-02-20,Debit,Discretionary,549,good
654,2023-03-02,Credit,Salary,2035,good
654,2023-03-18,Debit,Discretionary,462,good
654,2023-04-01,Credit,Salary,2157,good
654,2023-04-21,Debit,Discretionary,519,good
654,2023-05-01,Credit,Salary,1996,good
654,2023-05-13,Debit,Discretionary,525,good
654,2023-05-31,Credit,Salary,1831,good
654,2023-06-08,Debit,Discretionary,458,good
655,2023-01-01,Credit,Salary,2048,good
655,2023-01-07,Debit,Discretionary,549,good
655,2023-01-31,Credit,Salary,1834,good
655,2023-02-13,Debit,Discretionary,504,good
655,2023-03-02,Credit,Salary,2120,good
655,2023-03-15,Debit,Discretionary,541,good
655,2023-03-16,Debit,UPI_Lending_App,305,good
655,2023-04-01,Credit,Salary,1811,good
655,2023-04-25,Debit,Discretionary,522,good
655,2023-05-01,Credit,Salary,1915,good
655,2023-05-25,Debit,Discretionary,523,good
655,2023-05-31,Credit,Salary,1858,good
655,2023-06-11,Debit,UPI_Lending_App,296,good
655,2023-06-13,Debit,Discretionary,477,good
656,2023-01-01,Credit,Salary,2134,bad
656,2023-01-06,Debit,UPI_Lending_App,483,bad
656,2023-01-08,Debit,UPI_Lending_App,281,bad
656,2023-01-13,Debit,UPI_Lending_App,488,bad
656,2023-01-13,Debit,Discretionary,531,bad
656,2023-01-28,Debit,UPI_Lending_App,267,bad
656,2023-01-31,Credit,Salary,1912,bad
656,2023-02-07,Debit,UPI_Lending_App,282,bad
656,2023-02-11,Debit,UPI_Lending_App,387,bad
656,2023-02-16,Debit,UPI_Lending_App,273,bad
656,2023-02-16,Debit,Discretionary,540,bad
656,2023-02-20,Debit,UPI_Lending_App,231,bad
656,2023-03-02,Credit,Salary,2171,bad
656,2023-03-16,Debit,UPI_Lending_App,306,bad
656,2023-03-16,Debit,Discretionary,550,bad
656,2023-04-01,Credit,Salary,1880,bad
656,2023-04-03,Debit,UPI_Lending_App,210,bad
656,2023-04-11,Debit,UPI_Lending_App,326,bad
656,2023-04-18,Debit,Discretionary,527,bad
656,2023-05-01,Credit,Salary,1810,bad
656,2023-05-03,Debit,UPI_Lending_App,433,bad
656,2023-05-07,Debit,Discretionary,107,bad
656,2023-05-23,Debit,UPI_Lending_App,242,bad
656,2023-05-25,Debit,UPI_Lending_App,189,bad
656,2023-06-01,Debit,UPI_Lending_App,69,bad
656,2023-06-04,Credit,Salary,1972,bad
656,2023-06-07,Debit,UPI_Lending_App,444,bad
656,2023-06-13,Debit,Discretionary,111,bad
657,2023-01-01,Credit,Salary,1905,good
657,2023-01-08,Debit,Discretionary,450,good
657,2023-01-31,Credit,Salary,1860,good
657,2023-02-16,Debit,UPI_Lending_App,61,good
657,2023-02-23,Debit,Discretionary,457,good
657,2023-03-02,Credit,Salary,2000,good
657,2023-03-08,Debit,Discretionary,526,good
657,2023-04-01,Credit,Salary,2146,good
657,2023-04-09,Debit,Discretionary,462,good
657,2023-05-01,Credit,Salary,2099,good
657,2023-05-23,Debit,Discretionary,521,good
657,2023-05-31,Credit,Salary,2111,good
657,2023-06-08,Debit,Discretionary,450,good
658,2023-01-01,Credit,Salary,1847,good
658,2023-01-06,Debit,Discretionary,540,good
658,2023-01-31,Credit,Salary,1997,good
658,2023-02-05,Debit,Discretionary,495,good
658,2023-02-20,Debit,UPI_Lending_App,244,good
658,2023-03-02,Credit,Salary,2044,good
658,2023-03-17,Debit,Discretionary,494,good
658,2023-04-01,Credit,Salary,2108,good
658,2023-04-15,Debit,Discretionary,500,good
658,2023-05-01,Credit,Salary,2155,good
658,2023-05-25,Debit,Discretionary,514,good
658,2023-05-31,Credit,Salary,2156,good
658,2023-06-05,Debit,UPI_Lending_App,209,good
658,2023-06-21,Debit,Discretionary,461,good
659,2023-01-01,Credit,Salary,1825,good
659,2023-01-09,Debit,Discretionary,475,good
659,2023-01-31,Credit,Salary,1951,good
659,2023-02-02,Debit,UPI_Lending_App,242,good
659,2023-02-05,Debit,Discretionary,501,good
659,2023-03-02,Credit,Salary,2177,good
659,2023-03-18,Debit,Discretionary,548,good
659,2023-04-01,Credit,Salary,1987,good
659,2023-04-25,Debit,Discretionary,494,good
659,2023-05-01,Credit,Salary,1801,good
659,2023-05-16,Debit,Discretionary,467,good
659,2023-05-31,Credit,Salary,1951,good
659,2023-06-24,Debit,Discretionary,493,good
660,2023-01-01,Credit,Salary,1965,good
660,2023-01-18,Debit,Discretionary,548,good
660,2023-01-31,Credit,Salary,2061,good
660,2023-02-12,Debit,Discretionary,458,good
660,2023-03-02,Credit,Salary,2044,good
660,2023-03-15,Debit,Discretionary,479,good
660,2023-04-01,Credit,Salary,1975,good
660,2023-04-25,Debit,Discretionary,538,good
660,2023-05-01,Credit,Salary,2079,good
660,2023-05-17,Debit,Discretionary,456,good
660,2023-05-31,Credit,Salary,1843,good
660,2023-06-20,Debit,Discretionary,533,good
661,2023-01-01,Credit,Salary,1967,bad
661,2023-01-20,Debit,UPI_Lending_App,174,bad
661,2023-01-25,Debit,Discretionary,490,bad
661,2023-01-31,Credit,Salary,2154,bad
661,2023-02-01,Debit,UPI_Lending_App,445,bad
661,2023-02-06,Debit,UPI_Lending_App,473,bad
661,2023-02-07,Debit,UPI_Lending_App,178,bad
661,2023-02-14,Debit,UPI_Lending_App,63,bad
661,2023-02-19,Debit,Discretionary,510,bad
661,2023-03-02,Credit,Salary,1829,bad
661,2023-03-05,Debit,UPI_Lending_App,251,bad
661,2023-03-13,Debit,Discretionary,514,bad
661,2023-03-18,Debit,UPI_Lending_App,342,bad
661,2023-03-22,Debit,UPI_Lending_App,197,bad
661,2023-04-01,Credit,Salary,2021,bad
661,2023-04-07,Debit,UPI_Lending_App,434,bad
661,2023-04-21,Debit,UPI_Lending_App,480,bad
661,2023-04-22,Debit,UPI_Lending_App,350,bad
661,2023-04-25,Debit,Discretionary,494,bad
661,2023-04-28,Debit,UPI_Lending_App,231,bad
661,2023-05-08,Credit,Salary,1871,bad
661,2023-05-11,Debit,UPI_Lending_App,127,bad
661,2023-05-11,Debit,Discretionary,63,bad
661,2023-05-25,Debit,UPI_Lending_App,185,bad
661,2023-05-27,Debit,UPI_Lending_App,460,bad
661,2023-06-06,Credit,Salary,1956,bad
661,2023-06-08,Debit,UPI_Lending_App,194,bad
661,2023-06-21,Debit,Discretionary,79,bad
662,2023-01-01,Credit,Salary,1901,good
662,2023-01-21,Debit,Discretionary,479,good
662,2023-01-31,Credit,Salary,2014,good
662,2023-02-18,Debit,Discretionary,535,good
662,2023-03-02,Credit,Salary,1969,good
662,2023-03-20,Debit,Discretionary,457,good
662,2023-04-01,Credit,Salary,1875,good
662,2023-04-09,Debit,Discretionary,480,good
662,2023-05-01,Credit,Salary,2081,good
662,2023-05-20,Debit,Discretionary,521,good
662,2023-05-31,Credit,Salary,2096,good
662,2023-06-18,Debit,Discretionary,520,good
663,2023-01-01,Credit,Salary,2004,good
663,2023-01-19,Debit,Discretionary,505,good
663,2023-01-31,Credit,Salary,2095,good
663,2023-02-08,Debit,Discretionary,468,good
663,2023-03-02,Credit,Salary,1834,good
663,2023-03-09,Debit,Discretionary,517,good
663,2023-04-01,Credit,Salary,1992,good
663,2023-04-16,Debit,Discretionary,500,good
663,2023-04-20,Debit,UPI_Lending_App,143,good
663,2023-05-01,Credit,Salary,2063,good
663,2023-05-10,Debit,Discretionary,481,good
663,2023-05-31,Credit,Salary,1955,good
663,2023-06-06,Debit,Discretionary,487,good
664,2023-01-01,Credit,Salary,1900,good
664,2023-01-18,Debit,Discretionary,483,good
664,2023-01-31,Credit,Salary,2156,good
664,2023-02-15,Debit,Discretionary,474,good
664,2023-03-02,Credit,Salary,2024,good
664,2023-03-16,Debit,Discretionary,450,good
664,2023-04-01,Credit,Salary,1839,good
664,2023-04-17,Debit,Discretionary,489,good
664,2023-05-01,Credit,Salary,1909,good
664,2023-05-19,Debit,Discretionary,460,good
664,2023-05-31,Credit,Salary,2018,good
664,2023-06-12,Debit,Discretionary,487,good
665,2023-01-01,Credit,Salary,1820,good
665,2023-01-07,Debit,Discretionary,524,good
665,2023-01-31,Credit,Salary,1825,good
665,2023-02-20,Debit,Discretionary,452,good
665,2023-03-02,Credit,Salary,1977,good
665,2023-03-10,Debit,Discretionary,479,good
665,2023-04-01,Credit,Salary,2018,good
665,2023-04-07,Debit,Discretionary,499,good
665,2023-05-01,Credit,Salary,1988,good
665,2023-05-13,Debit,Discretionary,483,good
665,2023-05-31,Credit,Salary,1917,good
665,2023-06-05,Debit,UPI_Lending_App,209,good
665,2023-06-21,Debit,Discretionary,478,good
666,2023-01-01,Credit,Salary,1895,good
666,2023-01-26,Debit,Discretionary,550,good
666,2023-01-31,Credit,Salary,2149,good
666,2023-02-17,Debit,Discretionary,482,good
666,2023-03-02,Credit,Salary,2050,good
666,2023-03-09,Debit,Discretionary,472,good
666,2023-04-01,Credit,Salary,1956,good
666,2023-04-10,Debit,Discretionary,508,good
666,2023-04-18,Debit,UPI_Lending_App,108,good
666,2023-05-01,Credit,Salary,1973,good
666,2023-05-08,Debit,Discretionary,514,good
666,2023-05-31,Credit,Salary,1898,good
666,2023-06-12,Debit,Discretionary,464,good
667,2023-01-01,Credit,Salary,1863,good
667,2023-01-20,Debit,Discretionary,472,good
667,2023-01-31,Credit,Salary,2091,good
667,2023-02-11,Debit,Discretionary,511,good
667,2023-03-02,Credit,Salary,1963,good
667,2023-03-21,Debit,Discretionary,473,good
667,2023-04-01,Credit,Salary,1809,good
667,2023-04-22,Debit,Discretionary,534,good
667,2023-05-01,Credit,Salary,1944,good
667,2023-05-18,Debit,Discretionary,511,good
667,2023-05-31,Credit,Salary,1821,good
667,2023-06-06,Debit,Discretionary,457,good
668,2023-01-01,Credit,Salary,2025,bad
668,2023-01-04,Debit,UPI_Lending_App,147,bad
668,2023-01-10,Debit,Discretionary,487,bad
668,2023-01-23,Debit,UPI_Lending_App,316,bad
668,2023-01-25,Debit,UPI_Lending_App,225,bad
668,2023-01-31,Credit,Salary,2013,bad
668,2023-02-05,Debit,Discretionary,530,bad
668,2023-02-10,Debit,UPI_Lending_App,99,bad
668,2023-02-11,Debit,UPI_Lending_App,97,bad
668,2023-02-13,Debit,UPI_Lending_App,441,bad
668,2023-02-21,Debit,UPI_Lending_App,85,bad
668,2023-02-23,Debit,UPI_Lending_App,493,bad
668,2023-03-02,Credit,Salary,2101,bad
668,2023-03-05,Debit,UPI_Lending_App,116,bad
668,2023-03-07,Debit,UPI_Lending_App,400,bad
668,2023-03-07,Debit,Discretionary,479,bad
668,2023-03-08,Debit,UPI_Lending_App,274,bad
668,2023-03-20,Debit,UPI_Lending_App,296,bad
668,2023-03-27,Debit,UPI_Lending_App,245,bad
668,2023-04-01,Credit,Salary,2006,bad
668,2023-04-04,Debit,UPI_Lending_App,197,bad
668,2023-04-15,Debit,Discretionary,459,bad
668,2023-05-01,Credit,Salary,2066,bad
668,2023-05-08,Debit,Discretionary,104,bad
668,2023-05-12,Debit,UPI_Lending_App,266,bad
668,2023-05-18,Debit,UPI_Lending_App,123,bad
668,2023-05-26,Debit,UPI_Lending_App,117,bad
668,2023-05-27,Debit,UPI_Lending_App,199,bad
668,2023-06-07,Credit,Salary,1878,bad
668,2023-06-11,Debit,UPI_Lending_App,368,bad
668,2023-06-18,Debit,Discretionary,150,bad
669,2023-01-01,Credit,Salary,2125,good
669,2023-01-05,Debit,UPI_Lending_App,475,good
669,2023-01-17,Debit,Discretionary,486,good
669,2023-01-31,Credit,Salary,1938,good
669,2023-02-25,Debit,Discretionary,507,good
669,2023-03-02,Credit,Salary,1859,good
669,2023-03-22,Debit,Discretionary,500,good
669,2023-04-01,Credit,Salary,2103,good
669,2023-04-10,Debit,Discretionary,490,good
669,2023-05-01,Credit,Salary,2063,good
669,2023-05-20,Debit,Discretionary,476,good
669,2023-05-31,Credit,Salary,1807,good
669,2023-06-21,Debit,Discretionary,491,good
670,2023-01-01,Credit,Salary,2173,good
670,2023-01-14,Debit,Discretionary,466,good
670,2023-01-31,Credit,Salary,2134,good
670,2023-02-12,Debit,Discretionary,535,good
670,2023-03-02,Credit,Salary,2177,good
670,2023-03-07,Debit,Discretionary,488,good
670,2023-04-01,Credit,Salary,2104,good
670,2023-04-11,Debit,Discretionary,544,good
670,2023-05-01,Credit,Salary,2057,good
670,2023-05-13,Debit,Discretionary,506,good
670,2023-05-31,Credit,Salary,2148,good
670,2023-06-08,Debit,Discretionary,525,good
671,2023-01-01,Credit,Salary,2046,good
671,2023-01-10,Debit,Discretionary,473,good
671,2023-01-31,Credit,Salary,1886,good
671,2023-02-23,Debit,Discretionary,477,good
671,2023-03-02,Credit,Salary,1854,good
671,2023-03-27,Debit,Discretionary,530,good
671,2023-04-01,Credit,Salary,2070,good
671,2023-04-14,Debit,Discretionary,526,good
671,2023-05-01,Credit,Salary,2183,good
671,2023-05-07,Debit,Discretionary,517,good
671,2023-05-31,Credit,Salary,1985,good
671,2023-06-18,Debit,Discretionary,498,good
672,2023-01-01,Credit,Salary,1992,good
672,2023-01-14,Debit,Discretionary,452,good
672,2023-01-20,Debit,UPI_Lending_App,357,good
672,2023-01-31,Credit,Salary,2042,good
672,2023-02-18,Debit,Discretionary,525,good
672,2023-03-02,Credit,Salary,2021,good
672,2023-03-11,Debit,Discretionary,544,good
672,2023-04-01,Credit,Salary,1932,good
672,2023-04-20,Debit,Discretionary,459,good
672,2023-05-01,Credit,Salary,2028,good
672,2023-05-16,Debit,Discretionary,469,good
672,2023-05-31,Credit,Salary,2057,good
672,2023-06-17,Debit,Discretionary,478,good
673,2023-01-01,Credit,Salary,1898,good
673,2023-01-23,Debit,Discretionary,545,good
673,2023-01-31,Credit,Salary,2019,good
673,2023-02-15,Debit,Discretionary,452,good
673,2023-02-20,Debit,UPI_Lending_App,127,good
673,2023-03-02,Credit,Salary,2060,good
673,2023-03-09,Debit,UPI_Lending_App,276,good
673,2023-03-15,Debit,Discretionary,456,good
673,2023-04-01,Credit,Salary,2105,good
673,2023-04-08,Debit,Discretionary,528,good
673,2023-05-01,Credit,Salary,2153,good
673,2023-05-09,Debit,Discretionary,499,good
673,2023-05-31,Credit,Salary,2162,good
673,2023-06-22,Debit,Discretionary,537,good
674,2023-01-01,Credit,Salary,2153,bad
674,2023-01-09,Debit,UPI_Lending_App,485,bad
674,2023-01-16,Debit,Discretionary,523,bad
674,2023-01-17,Debit,UPI_Lending_App,377,bad
674,2023-01-17,Debit,UPI_Lending_App,179,bad
674,2023-01-21,Debit,UPI_Lending_App,118,bad
674,2023-01-23,Debit,UPI_Lending_App,124,bad
674,2023-01-31,Credit,Salary,1890,bad
674,2023-02-03,Debit,UPI_Lending_App,393,bad
674,2023-02-07,Debit,Discretionary,470,bad
674,2023-03-02,Credit,Salary,2157,bad
674,2023-03-04,Debit,UPI_Lending_App,343,bad
674,2023-03-11,Debit,UPI_Lending_App,118,bad
674,2023-03-20,Debit,Discretionary,530,bad
674,2023-03-25,Debit,UPI_Lending_App,81,bad
674,2023-04-01,Credit,Salary,2091,bad
674,2023-04-03,Debit,UPI_Lending_App,391,bad
674,2023-04-03,Debit,UPI_Lending_App,403,bad
674,2023-04-15,Debit,UPI_Lending_App,367,bad
674,2023-04-22,Debit,UPI_Lending_App,308,bad
674,2023-04-23,Debit,Discretionary,514,bad
674,2023-04-28,Debit,UPI_Lending_App,122,bad
674,2023-05-03,Debit,UPI_Lending_App,121,bad
674,2023-05-05,Credit,Salary,2087,bad
674,2023-05-21,Debit,UPI_Lending_App,255,bad
674,2023-05-26,Debit,Discretionary,103,bad
674,2023-05-28,Debit,UPI_Lending_App,185,bad
674,2023-05-31,Credit,Salary,1816,bad
674,2023-06-06,Debit,Discretionary,98,bad
674,2023-06-23,Debit,UPI_Lending_App,301,bad
674,2023-06-24,Debit,UPI_Lending_App,72,bad
674,2023-06-27,Debit,UPI_Lending_App,76,bad
675,2023-01-01,Credit,Salary,1801,good
675,2023-01-14,Debit,Discretionary,501,good
675,2023-01-18,Debit,UPI_Lending_App,272,good
675,2023-01-31,Credit,Salary,1906,good
675,2023-02-09,Debit,Discretionary,518,good
675,2023-03-02,Credit,Salary,1972,good
675,2023-03-12,Debit,Discretionary,474,good
675,2023-04-01,Credit,Salary,1869,good
675,2023-04-11,Debit,Discretionary,511,good
675,2023-05-01,Credit,Salary,1853,good
675,2023-05-26,Debit,Discretionary,501,good
675,2023-05-31,Credit,Salary,2170,good
675,2023-06-23,Debit,Discretionary,533,good
675,2023-06-25,Debit,UPI_Lending_App,73,good
676,2023-01-01,Credit,Salary,1828,good
676,2023-01-21,Debit,Discretionary,471,good
676,2023-01-31,Credit,Salary,2121,good
676,2023-02-25,Debit,Discretionary,530,good
676,2023-03-02,Credit,Salary,2129,good
676,2023-03-14,Debit,Discretionary,509,good
676,2023-04-01,Credit,Salary,1950,good
676,2023-04-06,Debit,Discretionary,518,good
676,2023-05-01,Credit,Salary,2101,good
676,2023-05-19,Debit,Discretionary,478,good
676,2023-05-31,Credit,Salary,2171,good
676,2023-06-15,Debit,Discretionary,547,good
677,2023-01-01,Credit,Salary,1830,bad
677,2023-01-02,Debit,UPI_Lending_App,143,bad
677,2023-01-14,Debit,UPI_Lending_App,230,bad
677,2023-01-20,Debit,UPI_Lending_App,496,bad
677,2023-01-24,Debit,Discretionary,532,bad
677,2023-01-31,Credit,Salary,1808,bad
677,2023-02-02,Debit,UPI_Lending_App,449,bad
677,2023-02-04,Debit,UPI_Lending_App,281,bad
677,2023-02-07,Debit,UPI_Lending_App,437,bad
677,2023-02-12,Debit,Discretionary,510,bad
677,2023-03-02,Credit,Salary,1866,bad
677,2023-03-04,Debit,UPI_Lending_App,409,bad
677,2023-03-10,Debit,UPI_Lending_App,217,bad
677,2023-03-10,Debit,UPI_Lending_App,395,bad
677,2023-03-12,Debit,Discretionary,455,bad
677,2023-03-16,Debit,UPI_Lending_App,499,bad
677,2023-03-27,Debit,UPI_Lending_App,421,bad
677,2023-04-01,Credit,Salary,2145,bad
677,2023-04-13,Debit,UPI_Lending_App,405,bad
677,2023-04-20,Debit,Discretionary,545,bad
677,2023-05-01,Credit,Salary,1943,bad
677,2023-05-11,Debit,UPI_Lending_App,265,bad
677,2023-05-16,Debit,UPI_Lending_App,418,bad
677,2023-05-18,Debit,UPI_Lending_App,409,bad
677,2023-05-21,Debit,UPI_Lending_App,254,bad
677,2023-05-22,Debit,Discretionary,53,bad
677,2023-06-01,Debit,UPI_Lending_App,427,bad
677,2023-06-06,Credit,Salary,2049,bad
677,2023-06-13,Debit,UPI_Lending_App,261,bad
677,2023-06-15,Debit,Discretionary,77,bad
677,2023-06-17,Debit,UPI_Lending_App,316,bad
678,2023-01-01,Credit,Salary,1961,good
678,2023-01-16,Debit,Discretionary,492,good
678,2023-01-31,Credit,Salary,1869,good
678,2023-02-23,Debit,Discretionary,487,good
678,2023-03-02,Credit,Salary,1993,good
678,2023-03-12,Debit,Discretionary,493,good
678,2023-04-01,Credit,Salary,2142,good
678,2023-04-25,Debit,Discretionary,465,good
678,2023-05-01,Credit,Salary,2064,good
678,2023-05-12,Debit,Discretionary,486,good
678,2023-05-18,Debit,UPI_Lending_App,415,good
678,2023-05-31,Credit,Salary,2164,good
678,2023-06-21,Debit,Discretionary,495,good
679,2023-01-01,Credit,Salary,2017,good
679,2023-01-21,Debit,Discretionary,462,good
679,2023-01-31,Credit,Salary,1812,good
679,2023-02-15,Debit,Discretionary,476,good
679,2023-03-02,Credit,Salary,1989,good
679,2023-03-12,Debit,Discretionary,460,good
679,2023-04-01,Credit,Salary,2014,good
679,2023-04-06,Debit,Discretionary,456,good
679,2023-05-01,Credit,Salary,1808,good
679,2023-05-22,Debit,Discretionary,547,good
679,2023-05-31,Credit,Salary,1822,good
679,2023-06-16,Debit,Discretionary,463,good
680,2023-01-01,Credit,Salary,1818,good
680,2023-01-08,Debit,Discretionary,536,good
680,2023-01-31,Credit,Salary,2127,good
680,2023-02-09,Debit,Discretionary,488,good
680,2023-03-02,Credit,Salary,1876,good
680,2023-03-23,Debit,Discretionary,511,good
680,2023-04-01,Credit,Salary,1840,good
680,2023-04-20,Debit,Discretionary,464,good
680,2023-05-01,Credit,Salary,2119,good
680,2023-05-13,Debit,Discretionary,538,good
680,2023-05-31,Credit,Salary,2060,good
680,2023-06-12,Debit,Discretionary,509,good
681,2023-01-01,Credit,Salary,2004,good
681,2023-01-08,Debit,Discretionary,508,good
681,2023-01-31,Credit,Salary,1824,good
681,2023-02-16,Debit,UPI_Lending_App,458,good
681,2023-02-19,Debit,Discretionary,512,good
681,2023-03-02,Credit,Salary,2059,good
681,2023-03-25,Debit,Discretionary,494,good
681,2023-04-01,Credit,Salary,2057,good
681,2023-04-12,Debit,Discretionary,533,good
681,2023-05-01,Credit,Salary,2105,good
681,2023-05-14,Debit,Discretionary,459,good
681,2023-05-31,Credit,Salary,1812,good
681,2023-06-24,Debit,Discretionary,454,good
682,2023-01-01,Credit,Salary,2180,good
682,2023-01-20,Debit,Discretionary,532,good
682,2023-01-31,Credit,Salary,2149,good
682,2023-02-09,Debit,Discretionary,525,good
682,2023-03-02,Credit,Salary,1804,good
682,2023-03-22,Debit,Discretionary,475,good
682,2023-04-01,Credit,Salary,1813,good
682,2023-04-15,Debit,Discretionary,537,good
682,2023-05-01,Credit,Salary,1923,good
682,2023-05-08,Debit,Discretionary,455,good
682,2023-05-31,Credit,Salary,2102,good
682,2023-06-16,Debit,Discretionary,453,good
683,2023-01-01,Credit,Salary,1907,good
683,2023-01-13,Debit,Discretionary,531,good
683,2023-01-31,Credit,Salary,1874,good
683,2023-02-06,Debit,Discretionary,481,good
683,2023-03-02,Credit,Salary,1887,good
683,2023-03-19,Debit,Discretionary,456,good
683,2023-04-01,Credit,Salary,2110,good
683,2023-04-17,Debit,Discretionary,507,good
683,2023-05-01,Credit,Salary,1810,good
683,2023-05-26,Debit,Discretionary,520,good
683,2023-05-31,Credit,Salary,2121,good
683,2023-06-13,Debit,Discretionary,479,good
684,2023-01-01,Credit,Salary,2148,good
684,2023-01-15,Debit,Discretionary,482,good
684,2023-01-31,Credit,Salary,2186,good
684,2023-02-14,Debit,Discretionary,467,good
684,2023-03-02,Credit,Salary,2057,good
684,2023-03-10,Debit,Discretionary,528,good
684,2023-04-01,Credit,Salary,1882,good
684,2023-04-14,Debit,Discretionary,483,good
684,2023-05-01,Credit,Salary,1824,good
684,2023-05-17,Debit,UPI_Lending_App,211,good
684,2023-05-20,Debit,Discretionary,480,good
684,2023-05-31,Credit,Salary,1863,good
684,2023-06-18,Debit,Discretionary,504,good
685,2023-01-01,Credit,Salary,2087,good
685,2023-01-21,Debit,Discretionary,547,good
685,2023-01-31,Credit,Salary,1907,good
685,2023-02-06,Debit,Discretionary,492,good
685,2023-03-02,Credit,Salary,2090,good
685,2023-03-20,Debit,Discretionary,505,good
685,2023-04-01,Credit,Salary,2152,good
685,2023-04-13,Debit,Discretionary,467,good
685,2023-05-01,Credit,Salary,2160,good
685,2023-05-20,Debit,Discretionary,452,good
685,2023-05-31,Credit,Salary,2012,good
685,2023-06-12,Debit,Discretionary,497,good
686,2023-01-01,Credit,Salary,1972,good
686,2023-01-24,Debit,Discretionary,502,good
686,2023-01-31,Credit,Salary,2181,good
686,2023-02-25,Debit,Discretionary,536,good
686,2023-03-02,Credit,Salary,1880,good
686,2023-03-24,Debit,Discretionary,485,good
686,2023-04-01,Credit,Salary,2131,good
686,2023-04-14,Debit,Discretionary,540,good
686,2023-05-01,Credit,Salary,1984,good
686,2023-05-13,Debit,Discretionary,461,good
686,2023-05-31,Credit,Salary,1873,good
686,2023-06-19,Debit,Discretionary,516,good
687,2023-01-01,Credit,Salary,2101,good
687,2023-01-08,Debit,Discretionary,472,good
687,2023-01-31,Credit,Salary,2127,good
687,2023-02-06,Debit,Discretionary,490,good
687,2023-03-02,Credit,Salary,2113,good
687,2023-03-27,Debit,Discretionary,484,good
687,2023-04-01,Credit,Salary,2037,good
687,2023-04-18,Debit,Discretionary,488,good
687,2023-05-01,Credit,Salary,1926,good
687,2023-05-19,Debit,Discretionary,513,good
687,2023-05-31,Credit,Salary,2115,good
687,2023-06-22,Debit,Discretionary,469,good
688,2023-01-01,Credit,Salary,1840,good
688,2023-01-23,Debit,Discretionary,537,good
688,2023-01-31,Credit,Salary,1970,good
688,2023-02-25,Debit,Discretionary,521,good
688,2023-03-02,Credit,Salary,2184,good
688,2023-03-11,Debit,Discretionary,497,good
688,2023-04-01,Credit,Salary,2188,good
688,2023-04-06,Debit,Discretionary,496,good
688,2023-05-01,Credit,Salary,1934,good
688,2023-05-20,Debit,Discretionary,508,good
688,2023-05-31,Credit,Salary,1850,good
688,2023-06-17,Debit,Discretionary,546,good
689,2023-01-01,Credit,Salary,2168,good
689,2023-01-07,Debit,Discretionary,508,good
689,2023-01-31,Credit,Salary,1802,good
689,2023-02-24,Debit,Discretionary,483,good
689,2023-03-02,Credit,Salary,1929,good
689,2023-03-16,Debit,Discretionary,532,good
689,2023-04-01,Credit,Salary,2020,good
689,2023-04-24,Debit,Discretionary,516,good
689,2023-05-01,Credit,Salary,1943,good
689,2023-05-06,Debit,Discretionary,541,good
689,2023-05-31,Credit,Salary,2035,good
689,2023-06-12,Debit,Discretionary,550,good
690,2023-01-01,Credit,Salary,2041,good
690,2023-01-06,Debit,Discretionary,474,good
690,2023-01-31,Credit,Salary,2151,good
690,2023-02-17,Debit,Discretionary,478,good
690,2023-03-02,Credit,Salary,1819,good
690,2023-03-07,Debit,Discretionary,526,good
690,2023-04-01,Credit,Salary,2122,good
690,2023-04-10,Debit,Discretionary,505,good
690,2023-05-01,Credit,Salary,2069,good
690,2023-05-06,Debit,Discretionary,452,good
690,2023-05-31,Credit,Salary,2010,good
690,2023-06-08,Debit,UPI_Lending_App,419,good
690,2023-06-17,Debit,Discretionary,541,good
691,2023-01-01,Credit,Salary,1874,good
691,2023-01-23,Debit,Discretionary,456,good
691,2023-01-31,Credit,Salary,2140,good
691,2023-02-22,Debit,Discretionary,514,good
691,2023-03-02,Credit,Salary,1918,good
691,2023-03-09,Debit,Discretionary,474,good
691,2023-04-01,Credit,Salary,2025,good
691,2023-04-15,Debit,Discretionary,519,good
691,2023-04-20,Debit,UPI_Lending_App,417,good
691,2023-05-01,Credit,Salary,2057,good
691,2023-05-14,Debit,UPI_Lending_App,166,good
691,2023-05-20,Debit,Discretionary,510,good
691,2023-05-31,Credit,Salary,1923,good
691,2023-06-14,Debit,Discretionary,533,good
692,2023-01-01,Credit,Salary,2022,good
692,2023-01-21,Debit,Discretionary,451,good
692,2023-01-31,Credit,Salary,2198,good
692,2023-02-22,Debit,Discretionary,516,good
692,2023-03-02,Credit,Salary,1902,good
692,2023-03-24,Debit,Discretionary,454,good
692,2023-04-01,Credit,Salary,2035,good
692,2023-04-06,Debit,Discretionary,455,good
692,2023-05-01,Credit,Salary,1801,good
692,2023-05-20,Debit,Discretionary,469,good
692,2023-05-31,Credit,Salary,1854,good
692,2023-06-15,Debit,Discretionary,479,good
693,2023-01-01,Credit,Salary,1826,good
693,2023-01-24,Debit,Discretionary,467,good
693,2023-01-31,Credit,Salary,1985,good
693,2023-02-18,Debit,Discretionary,472,good
693,2023-03-02,Credit,Salary,2031,good
693,2023-03-10,Debit,Discretionary,520,good
693,2023-04-01,Credit,Salary,1909,good
693,2023-04-20,Debit,Discretionary,542,good
693,2023-05-01,Credit,Salary,2161,good
693,2023-05-06,Debit,Discretionary,504,good
693,2023-05-31,Credit,Salary,2145,good
693,2023-06-22,Debit,Discretionary,493,good
694,2023-01-01,Credit,Salary,2126,good
694,2023-01-16,Debit,Discretionary,533,good
694,2023-01-31,Credit,Salary,2139,good
694,2023-02-14,Debit,Discretionary,473,good
694,2023-03-02,Credit,Salary,1853,good
694,2023-03-26,Debit,Discretionary,488,good
694,2023-04-01,Credit,Salary,2198,good
694,2023-04-19,Debit,Discretionary,494,good
694,2023-05-01,Credit,Salary,2167,good
694,2023-05-19,Debit,Discretionary,518,good
694,2023-05-29,Debit,UPI_Lending_App,307,good
694,2023-05-31,Credit,Salary,2115,good
694,2023-06-25,Debit,Discretionary,546,good
695,2023-01-01,Credit,Salary,1815,good
695,2023-01-24,Debit,Discretionary,476,good
695,2023-01-31,Credit,Salary,1885,good
695,2023-02-12,Debit,Discretionary,453,good
695,2023-03-02,Credit,Salary,2187,good
695,2023-03-14,Debit,Discretionary,516,good
695,2023-04-01,Credit,Salary,2054,good
695,2023-04-09,Debit,Discretionary,536,good
695,2023-05-01,Credit,Salary,1993,good
695,2023-05-18,Debit,Discretionary,522,good
695,2023-05-31,Credit,Salary,1813,good
695,2023-06-21,Debit,Discretionary,512,good
696,2023-01-01,Credit,Salary,2074,good
696,2023-01-13,Debit,Discretionary,506,good
696,2023-01-31,Credit,Salary,2002,good
696,2023-02-06,Debit,Discretionary,549,good
696,2023-03-02,Credit,Salary,1863,good
696,2023-03-13,Debit,Discretionary,476,good
696,2023-04-01,Credit,Salary,1913,good
696,2023-04-06,Debit,Discretionary,493,good
696,2023-05-01,Credit,Salary,1867,good
696,2023-05-17,Debit,Discretionary,511,good
696,2023-05-31,Credit,Salary,1860,good
696,2023-06-17,Debit,Discretionary,463,good
697,2023-01-01,Credit,Salary,1863,good
697,2023-01-24,Debit,Discretionary,468,good
697,2023-01-31,Credit,Salary,2177,good
697,2023-02-11,Debit,Discretionary,513,good
697,2023-03-02,Credit,Salary,1874,good
697,2023-03-12,Debit,Discretionary,536,good
697,2023-04-01,Credit,Salary,1806,good
697,2023-04-10,Debit,Discretionary,450,good
697,2023-05-01,Credit,Salary,1898,good
697,2023-05-12,Debit,UPI_Lending_App,389,good
697,2023-05-24,Debit,Discretionary,549,good
697,2023-05-31,Credit,Salary,1850,good
697,2023-06-10,Debit,Discretionary,526,good
698,2023-01-01,Credit,Salary,2088,good
698,2023-01-09,Debit,Discretionary,538,good
698,2023-01-31,Credit,Salary,1868,good
698,2023-02-20,Debit,Discretionary,490,good
698,2023-03-02,Credit,Salary,1972,good
698,2023-03-27,Debit,Discretionary,495,good
698,2023-04-01,Credit,Salary,2039,good
698,2023-04-08,Debit,Discretionary,473,good
698,2023-05-01,Credit,Salary,2161,good
698,2023-05-14,Debit,Discretionary,502,good
698,2023-05-31,Credit,Salary,2121,good
698,2023-06-17,Debit,Discretionary,510,good
699,2023-01-01,Credit,Salary,2112,good
699,2023-01-19,Debit,Discretionary,503,good
699,2023-01-31,Credit,Salary,2136,good
699,2023-02-13,Debit,Discretionary,533,good
699,2023-02-24,Debit,UPI_Lending_App,195,good
699,2023-03-02,Credit,Salary,2027,good
699,2023-03-14,Debit,Discretionary,523,good
699,2023-04-01,Credit,Salary,2130,good
699,2023-04-19,Debit,Discretionary,468,good
699,2023-05-01,Credit,Salary,2159,good
699,2023-05-14,Debit,Discretionary,546,good
699,2023-05-31,Credit,Salary,1978,good
699,2023-06-17,Debit,Discretionary,536,good
700,2023-01-01,Credit,Salary,1933,bad
700,2023-01-18,Debit,UPI_Lending_App,236,bad
700,2023-01-18,Debit,Discretionary,470,bad
700,2023-01-20,Debit,UPI_Lending_App,391,bad
700,2023-01-31,Credit,Salary,2075,bad
700,2023-02-15,Debit,UPI_Lending_App,291,bad
700,2023-02-15,Debit,Discretionary,516,bad
700,2023-03-02,Credit,Salary,1965,bad
700,2023-03-08,Debit,UPI_Lending_App,114,bad
700,2023-03-08,Debit,Discretionary,526,bad
700,2023-03-09,Debit,UPI_Lending_App,65,bad
700,2023-03-21,Debit,UPI_Lending_App,469,bad
700,2023-03-30,Debit,UPI_Lending_App,79,bad
700,2023-04-01,Credit,Salary,1958,bad
700,2023-04-05,Debit,UPI_Lending_App,283,bad
700,2023-04-07,Debit,UPI_Lending_App,387,bad
700,2023-04-16,Debit,Discretionary,459,bad
700,2023-05-01,Credit,Salary,2115,bad
700,2023-05-05,Debit,UPI_Lending_App,113,bad
700,2023-05-16,Debit,UPI_Lending_App,165,bad
700,2023-05-20,Debit,UPI_Lending_App,488,bad
700,2023-05-26,Debit,Discretionary,117,bad
700,2023-05-27,Debit,UPI_Lending_App,276,bad
700,2023-05-31,Credit,Salary,1999,bad
700,2023-06-02,Debit,UPI_Lending_App,138,bad
700,2023-06-06,Debit,UPI_Lending_App,227,bad
700,2023-06-09,Debit,UPI_Lending_App,449,bad
700,2023-06-20,Debit,UPI_Lending_App,77,bad
700,2023-06-22,Debit,Discretionary,123,bad
701,2023-01-01,Credit,Salary,2085,bad
701,2023-01-03,Debit,UPI_Lending_App,485,bad
701,2023-01-26,Debit,Discretionary,548,bad
701,2023-01-31,Credit,Salary,2083,bad
701,2023-02-01,Debit,UPI_Lending_App,347,bad
701,2023-02-05,Debit,UPI_Lending_App,255,bad
701,2023-02-06,Debit,UPI_Lending_App,362,bad
701,2023-02-15,Debit,UPI_Lending_App,482,bad
701,2023-02-19,Debit,Discretionary,515,bad
701,2023-02-21,Debit,UPI_Lending_App,318,bad
701,2023-03-02,Credit,Salary,2175,bad
701,2023-03-24,Debit,UPI_Lending_App,304,bad
701,2023-03-24,Debit,Discretionary,543,bad
701,2023-04-01,Credit,Salary,1818,bad
701,2023-04-02,Debit,UPI_Lending_App,101,bad
701,2023-04-13,Debit,Discretionary,524,bad
701,2023-04-14,Debit,UPI_Lending_App,451,bad
701,2023-04-20,Debit,UPI_Lending_App,273,bad
701,2023-05-08,Credit,Salary,2072,bad
701,2023-05-09,Debit,Discretionary,116,bad
701,2023-05-18,Debit,UPI_Lending_App,130,bad
701,2023-05-19,Debit,UPI_Lending_App,184,bad
701,2023-05-31,Credit,Salary,2193,bad
701,2023-06-03,Debit,UPI_Lending_App,467,bad
701,2023-06-11,Debit,UPI_Lending_App,141,bad
701,2023-06-16,Debit,UPI_Lending_App,431,bad
701,2023-06-17,Debit,Discretionary,150,bad
701,2023-06-22,Debit,UPI_Lending_App,255,bad
702,2023-01-01,Credit,Salary,1952,good
702,2023-01-23,Debit,Discretionary,526,good
702,2023-01-31,Credit,Salary,2071,good
702,2023-02-15,Debit,Discretionary,508,good
702,2023-03-02,Credit,Salary,2127,good
702,2023-03-19,Debit,Discretionary,533,good
702,2023-04-01,Credit,Salary,1900,good
702,2023-04-12,Debit,Discretionary,476,good
702,2023-05-01,Credit,Salary,1860,good
702,2023-05-08,Debit,Discretionary,455,good
702,2023-05-31,Credit,Salary,2092,good
702,2023-06-22,Debit,Discretionary,452,good
703,2023-01-01,Credit,Salary,1990,good
703,2023-01-22,Debit,Discretionary,534,good
703,2023-01-31,Credit,Salary,1882,good
703,2023-02-17,Debit,Discretionary,534,good
703,2023-03-02,Credit,Salary,2074,good
703,2023-03-13,Debit,Discretionary,455,good
703,2023-04-01,Credit,Salary,2010,good
703,2023-04-16,Debit,Discretionary,475,good
703,2023-05-01,Credit,Salary,1988,good
703,2023-05-18,Debit,Discretionary,476,good
703,2023-05-31,Credit,Salary,2060,good
703,2023-06-19,Debit,Discretionary,500,good
704,2023-01-01,Credit,Salary,1890,good
704,2023-01-25,Debit,Discretionary,506,good
704,2023-01-31,Credit,Salary,1985,good
704,2023-02-25,Debit,Discretionary,520,good
704,2023-03-02,Credit,Salary,1982,good
704,2023-03-11,Debit,Discretionary,504,good
704,2023-04-01,Credit,Salary,1925,good
704,2023-04-18,Debit,Discretionary,514,good
704,2023-05-01,Credit,Salary,1959,good
704,2023-05-19,Debit,Discretionary,480,good
704,2023-05-31,Credit,Salary,2019,good
704,2023-06-12,Debit,Discretionary,470,good
705,2023-01-01,Credit,Salary,1981,good
705,2023-01-26,Debit,Discretionary,452,good
705,2023-01-31,Credit,Salary,2162,good
705,2023-02-24,Debit,Discretionary,450,good
705,2023-03-02,Credit,Salary,1899,good
705,2023-03-25,Debit,Discretionary,469,good
705,2023-04-01,Credit,Salary,1982,good
705,2023-04-17,Debit,Discretionary,466,good
705,2023-05-01,Credit,Salary,2052,good
705,2023-05-02,Debit,UPI_Lending_App,293,good
705,2023-05-13,Debit,Discretionary,459,good
705,2023-05-31,Credit,Salary,2174,good
705,2023-06-22,Debit,Discretionary,493,good
706,2023-01-01,Credit,Salary,1880,bad
706,2023-01-07,Debit,UPI_Lending_App,428,bad
706,2023-01-08,Debit,UPI_Lending_App,129,bad
706,2023-01-08,Debit,UPI_Lending_App,484,bad
706,2023-01-09,Debit,Discretionary,457,bad
706,2023-01-20,Debit,UPI_Lending_App,374,bad
706,2023-01-26,Debit,UPI_Lending_App,259,bad
706,2023-01-31,Credit,Salary,1936,bad
706,2023-02-11,Debit,UPI_Lending_App,291,bad
706,2023-02-13,Debit,UPI_Lending_App,355,bad
706,2023-02-18,Debit,UPI_Lending_App,415,bad
706,2023-02-22,Debit,UPI_Lending_App,168,bad
706,2023-02-22,Debit,UPI_Lending_App,423,bad
706,2023-02-22,Debit,Discretionary,500,bad
706,2023-03-02,Credit,Salary,2126,bad
706,2023-03-13,Debit,UPI_Lending_App,179,bad
706,2023-03-22,Debit,Discretionary,470,bad
706,2023-04-01,Credit,Salary,2119,bad
706,2023-04-06,Debit,UPI_Lending_App,213,bad
706,2023-04-08,Debit,Discretionary,460,bad
706,2023-04-09,Debit,UPI_Lending_App,480,bad
706,2023-04-13,Debit,UPI_Lending_App,264,bad
706,2023-04-27,Debit,UPI_Lending_App,417,bad
706,2023-04-27,Debit,UPI_Lending_App,471,bad
706,2023-05-04,Credit,Salary,2119,bad
706,2023-05-06,Debit,UPI_Lending_App,317,bad
706,2023-05-19,Debit,Discretionary,56,bad
706,2023-05-26,Debit,UPI_Lending_App,52,bad
706,2023-05-29,Debit,UPI_Lending_App,450,bad
706,2023-06-04,Credit,Salary,2031,bad
706,2023-06-06,Debit,UPI_Lending_App,352,bad
706,2023-06-17,Debit,Discretionary,58,bad
706,2023-06-25,Debit,UPI_Lending_App,443,bad
707,2023-01-01,Credit,Salary,1932,bad
707,2023-01-11,Debit,UPI_Lending_App,235,bad
707,2023-01-14,Debit,Discretionary,508,bad
707,2023-01-31,Credit,Salary,2100,bad
707,2023-02-01,Debit,UPI_Lending_App,267,bad
707,2023-02-24,Debit,UPI_Lending_App,209,bad
707,2023-02-25,Debit,Discretionary,521,bad
707,2023-03-02,Credit,Salary,1877,bad
707,2023-03-06,Debit,UPI_Lending_App,367,bad
707,2023-03-27,Debit,Discretionary,529,bad
707,2023-04-01,Credit,Salary,1851,bad
707,2023-04-08,Debit,Discretionary,515,bad
707,2023-04-12,Debit,UPI_Lending_App,213,bad
707,2023-04-14,Debit,UPI_Lending_App,53,bad
707,2023-04-18,Debit,UPI_Lending_App,193,bad
707,2023-04-18,Debit,UPI_Lending_App,155,bad
707,2023-04-29,Debit,UPI_Lending_App,96,bad
707,2023-05-01,Credit,Salary,1891,bad
707,2023-05-09,Debit,Discretionary,71,bad
707,2023-05-14,Debit,UPI_Lending_App,406,bad
707,2023-05-21,Debit,UPI_Lending_App,239,bad
707,2023-05-24,Debit,UPI_Lending_App,223,bad
707,2023-05-27,Debit,UPI_Lending_App,321,bad
707,2023-05-29,Debit,UPI_Lending_App,133,bad
707,2023-05-31,Credit,Salary,1825,bad
707,2023-06-10,Debit,UPI_Lending_App,383,bad
707,2023-06-15,Debit,Discretionary,146,bad
707,2023-06-25,Debit,UPI_Lending_App,343,bad
707,2023-06-27,Debit,UPI_Lending_App,251,bad
708,2023-01-01,Credit,Salary,2035,good
708,2023-01-09,Debit,Discretionary,463,good
708,2023-01-31,Credit,Salary,2057,good
708,2023-02-18,Debit,Discretionary,504,good
708,2023-03-02,Credit,Salary,2016,good
708,2023-03-13,Debit,Discretionary,489,good
708,2023-04-01,Credit,Salary,1862,good
708,2023-04-07,Debit,Discretionary,535,good
708,2023-05-01,Credit,Salary,2099,good
708,2023-05-07,Debit,Discretionary,490,good
708,2023-05-31,Credit,Salary,1805,good
708,2023-06-24,Debit,Discretionary,458,good
709,2023-01-01,Credit,Salary,1950,good
709,2023-01-13,Debit,Discretionary,516,good
709,2023-01-31,Credit,Salary,1828,good
709,2023-02-24,Debit,Discretionary,455,good
709,2023-03-02,Credit,Salary,1807,good
709,2023-03-09,Debit,Discretionary,548,good
709,2023-04-01,Credit,Salary,2199,good
709,2023-04-05,Debit,UPI_Lending_App,332,good
709,2023-04-22,Debit,Discretionary,511,good
709,2023-05-01,Credit,Salary,1836,good
709,2023-05-06,Debit,Discretionary,537,good
709,2023-05-31,Credit,Salary,1980,good
709,2023-06-08,Debit,Discretionary,481,good
709,2023-06-26,Debit,UPI_Lending_App,229,good
710,2023-01-01,Credit,Salary,2091,good
710,2023-01-21,Debit,Discretionary,452,good
710,2023-01-31,Credit,Salary,2079,good
710,2023-02-19,Debit,Discretionary,505,good
710,2023-03-02,Credit,Salary,1856,good
710,2023-03-13,Debit,Discretionary,463,good
710,2023-04-01,Credit,Salary,1938,good
710,2023-04-14,Debit,Discretionary,461,good
710,2023-05-01,Credit,Salary,1831,good
710,2023-05-24,Debit,Discretionary,532,good
710,2023-05-31,Credit,Salary,1893,good
710,2023-06-24,Debit,Discretionary,493,good
711,2023-01-01,Credit,Salary,2106,bad
711,2023-01-10,Debit,Discretionary,541,bad
711,2023-01-18,Debit,UPI_Lending_App,240,bad
711,2023-01-26,Debit,UPI_Lending_App,62,bad
711,2023-01-31,Credit,Salary,1902,bad
711,2023-02-12,Debit,UPI_Lending_App,329,bad
711,2023-02-13,Debit,UPI_Lending_App,189,bad
711,2023-02-14,Debit,Discretionary,548,bad
711,2023-02-19,Debit,UPI_Lending_App,299,bad
711,2023-02-28,Debit,UPI_Lending_App,425,bad
711,2023-03-02,Credit,Salary,1800,bad
711,2023-03-17,Debit,UPI_Lending_App,481,bad
711,2023-03-24,Debit,UPI_Lending_App,439,bad
711,2023-03-26,Debit,Discretionary,499,bad
711,2023-04-01,Credit,Salary,2110,bad
711,2023-04-11,Debit,Discretionary,457,bad
711,2023-04-18,Debit,UPI_Lending_App,99,bad
711,2023-04-26,Debit,UPI_Lending_App,319,bad
711,2023-04-28,Debit,UPI_Lending_App,471,bad
711,2023-05-08,Credit,Salary,1886,bad
711,2023-05-17,Debit,UPI_Lending_App,476,bad
711,2023-05-19,Debit,UPI_Lending_App,380,bad
711,2023-05-23,Debit,Discretionary,122,bad
711,2023-06-01,Debit,UPI_Lending_App,197,bad
711,2023-06-06,Credit,Salary,2176,bad
711,2023-06-07,Debit,UPI_Lending_App,187,bad
711,2023-06-10,Debit,UPI_Lending_App,162,bad
711,2023-06-12,Debit,UPI_Lending_App,410,bad
711,2023-06-14,Debit,Discretionary,100,bad
711,2023-06-21,Debit,UPI_Lending_App,65,bad
712,2023-01-01,Credit,Salary,1855,good
712,2023-01-07,Debit,Discretionary,494,good
712,2023-01-31,Credit,Salary,2125,good
712,2023-02-20,Debit,Discretionary,533,good
712,2023-03-02,Credit,Salary,1947,good
712,2023-03-13,Debit,Discretionary,550,good
712,2023-04-01,Credit,Salary,1961,good
712,2023-04-06,Debit,Discretionary,476,good
712,2023-05-01,Credit,Salary,1805,good
712,2023-05-25,Debit,Discretionary,546,good
712,2023-05-31,Credit,Salary,2042,good
712,2023-06-21,Debit,Discretionary,478,good
713,2023-01-01,Credit,Salary,2000,good
713,2023-01-18,Debit,Discretionary,491,good
713,2023-01-31,Credit,Salary,2189,good
713,2023-02-22,Debit,Discretionary,518,good
713,2023-03-02,Credit,Salary,2040,good
713,2023-03-27,Debit,Discretionary,455,good
713,2023-04-01,Credit,Salary,1827,good
713,2023-04-25,Debit,Discretionary,516,good
713,2023-05-01,Credit,Salary,1995,good
713,2023-05-16,Debit,Discretionary,550,good
713,2023-05-31,Credit,Salary,2112,good
713,2023-06-13,Debit,Discretionary,524,good
713,2023-06-27,Debit,UPI_Lending_App,249,good
714,2023-01-01,Credit,Salary,2062,bad
714,2023-01-03,Debit,UPI_Lending_App,137,bad
714,2023-01-06,Debit,Discretionary,504,bad
714,2023-01-07,Debit,UPI_Lending_App,311,bad
714,2023-01-07,Debit,UPI_Lending_App,466,bad
714,2023-01-24,Debit,UPI_Lending_App,330,bad
714,2023-01-31,Credit,Salary,1963,bad
714,2023-02-10,Debit,UPI_Lending_App,133,bad
714,2023-02-16,Debit,Discretionary,506,bad
714,2023-03-02,Credit,Salary,2163,bad
714,2023-03-18,Debit,UPI_Lending_App,491,bad
714,2023-03-21,Debit,Discretionary,503,bad
714,2023-03-26,Debit,UPI_Lending_App,228,bad
714,2023-03-30,Debit,UPI_Lending_App,72,bad
714,2023-04-01,Credit,Salary,2023,bad
714,2023-04-11,Debit,UPI_Lending_App,110,bad
714,2023-04-17,Debit,UPI_Lending_App,370,bad
714,2023-04-19,Debit,Discretionary,478,bad
714,2023-04-27,Debit,UPI_Lending_App,129,bad
714,2023-05-06,Credit,Salary,1917,bad
714,2023-05-07,Debit,Discretionary,118,bad
714,2023-05-15,Debit,UPI_Lending_App,99,bad
714,2023-05-26,Debit,UPI_Lending_App,343,bad
714,2023-06-04,Credit,Salary,1893,bad
714,2023-06-08,Debit,UPI_Lending_App,235,bad
714,2023-06-09,Debit,UPI_Lending_App,187,bad
714,2023-06-19,Debit,UPI_Lending_App,248,bad
714,2023-06-24,Debit,Discretionary,74,bad
715,2023-01-01,Credit,Salary,2133,good
715,2023-01-18,Debit,Discretionary,513,good
715,2023-01-31,Credit,Salary,1830,good
715,2023-02-16,Debit,Discretionary,454,good
715,2023-03-02,Credit,Salary,2145,good
715,2023-03-19,Debit,Discretionary,491,good
715,2023-04-01,Credit,Salary,1993,good
715,2023-04-21,Debit,Discretionary,461,good
715,2023-05-01,Credit,Salary,1809,good
715,2023-05-22,Debit,Discretionary,491,good
715,2023-05-31,Credit,Salary,2102,good
715,2023-06-18,Debit,Discretionary,456,good
716,2023-01-01,Credit,Salary,2200,good
716,2023-01-25,Debit,Discretionary,549,good
716,2023-01-31,Credit,Salary,2075,good
716,2023-02-20,Debit,Discretionary,450,good
716,2023-03-02,Credit,Salary,2171,good
716,2023-03-12,Debit,Discretionary,483,good
716,2023-04-01,Credit,Salary,1947,good
716,2023-04-15,Debit,Discretionary,463,good
716,2023-04-26,Debit,UPI_Lending_App,442,good
716,2023-05-01,Credit,Salary,1894,good
716,2023-05-12,Debit,Discretionary,453,good
716,2023-05-31,Credit,Salary,2049,good
716,2023-06-13,Debit,Discretionary,534,good
717,2023-01-01,Credit,Salary,2036,good
717,2023-01-17,Debit,Discretionary,544,good
717,2023-01-31,Credit,Salary,1831,good
717,2023-02-06,Debit,Discretionary,503,good
717,2023-03-02,Credit,Salary,1942,good
717,2023-03-11,Debit,Discretionary,490,good
717,2023-04-01,Credit,Salary,2070,good
717,2023-04-22,Debit,Discretionary,504,good
717,2023-05-01,Credit,Salary,1926,good
717,2023-05-26,Debit,Discretionary,473,good
717,2023-05-31,Credit,Salary,1977,good
717,2023-06-18,Debit,Discretionary,452,good
718,2023-01-01,Credit,Salary,2140,good
718,2023-01-23,Debit,Discretionary,464,good
718,2023-01-31,Credit,Salary,1837,good
718,2023-02-20,Debit,Discretionary,528,good
718,2023-03-02,Credit,Salary,2197,good
718,2023-03-10,Debit,Discretionary,515,good
718,2023-04-01,Credit,Salary,2165,good
718,2023-04-19,Debit,Discretionary,472,good
718,2023-05-01,Credit,Salary,1827,good
718,2023-05-17,Debit,Discretionary,514,good
718,2023-05-31,Credit,Salary,1845,good
718,2023-06-18,Debit,Discretionary,518,good
719,2023-01-01,Credit,Salary,1937,good
719,2023-01-09,Debit,Discretionary,517,good
719,2023-01-31,Credit,Salary,1947,good
719,2023-02-09,Debit,Discretionary,471,good
719,2023-03-02,Credit,Salary,1889,good
719,2023-03-07,Debit,Discretionary,532,good
719,2023-04-01,Credit,Salary,2120,good
719,2023-04-13,Debit,Discretionary,539,good
719,2023-05-01,Credit,Salary,1922,good
719,2023-05-12,Debit,Discretionary,502,good
719,2023-05-31,Credit,Salary,2162,good
719,2023-06-19,Debit,Discretionary,465,good
720,2023-01-01,Credit,Salary,1808,bad
720,2023-01-07,Debit,UPI_Lending_App,213,bad
720,2023-01-12,Debit,Discretionary,459,bad
720,2023-01-17,Debit,UPI_Lending_App,161,bad
720,2023-01-19,Debit,UPI_Lending_App,476,bad
720,2023-01-24,Debit,UPI_Lending_App,498,bad
720,2023-01-28,Debit,UPI_Lending_App,262,bad
720,2023-01-31,Credit,Salary,2043,bad
720,2023-02-01,Debit,UPI_Lending_App,55,bad
720,2023-02-07,Debit,UPI_Lending_App,267,bad
720,2023-02-17,Debit,UPI_Lending_App,447,bad
720,2023-02-18,Debit,UPI_Lending_App,56,bad
720,2023-02-18,Debit,Discretionary,471,bad
720,2023-03-02,Credit,Salary,2035,bad
720,2023-03-09,Debit,Discretionary,458,bad
720,2023-03-27,Debit,UPI_Lending_App,150,bad
720,2023-04-01,Credit,Salary,2186,bad
720,2023-04-11,Debit,Discretionary,457,bad
720,2023-04-15,Debit,UPI_Lending_App,73,bad
720,2023-04-22,Debit,UPI_Lending_App,218,bad
720,2023-04-23,Debit,UPI_Lending_App,361,bad
720,2023-04-27,Debit,UPI_Lending_App,109,bad
720,2023-05-04,Credit,Salary,2190,bad
720,2023-05-05,Debit,UPI_Lending_App,137,bad
720,2023-05-07,Debit,Discretionary,137,bad
720,2023-05-15,Debit,UPI_Lending_App,287,bad
720,2023-05-17,Debit,UPI_Lending_App,281,bad
720,2023-05-25,Debit,UPI_Lending_App,217,bad
720,2023-05-25,Debit,UPI_Lending_App,62,bad
720,2023-06-03,Credit,Salary,1997,bad
720,2023-06-19,Debit,UPI_Lending_App,381,bad
720,2023-06-19,Debit,UPI_Lending_App,441,bad
720,2023-06-20,Debit,UPI_Lending_App,336,bad
720,2023-06-23,Debit,Discretionary,71,bad
720,2023-06-26,Debit,UPI_Lending_App,464,bad
720,2023-06-28,Debit,UPI_Lending_App,208,bad
721,2023-01-01,Credit,Salary,2126,bad
721,2023-01-05,Debit,UPI_Lending_App,406,bad
721,2023-01-08,Debit,UPI_Lending_App,424,bad
721,2023-01-09,Debit,UPI_Lending_App,401,bad
721,2023-01-11,Debit,UPI_Lending_App,470,bad
721,2023-01-16,Debit,UPI_Lending_App,243,bad
721,2023-01-22,Debit,Discretionary,539,bad
721,2023-01-31,Credit,Salary,1964,bad
721,2023-02-17,Debit,UPI_Lending_App,341,bad
721,2023-02-25,Debit,Discretionary,523,bad
721,2023-02-26,Debit,UPI_Lending_App,438,bad
721,2023-03-02,Credit,Salary,2163,bad
721,2023-03-06,Debit,UPI_Lending_App,300,bad
721,2023-03-26,Debit,Discretionary,531,bad
721,2023-03-29,Debit,UPI_Lending_App,155,bad
721,2023-04-01,Credit,Salary,2085,bad
721,2023-04-13,Debit,UPI_Lending_App,209,bad
721,2023-04-18,Debit,Discretionary,546,bad
721,2023-04-19,Debit,UPI_Lending_App,195,bad
721,2023-05-05,Credit,Salary,2064,bad
721,2023-05-17,Debit,Discretionary,83,bad
721,2023-05-25,Debit,UPI_Lending_App,54,bad
721,2023-06-07,Credit,Salary,2173,bad
721,2023-06-21,Debit,UPI_Lending_App,69,bad
721,2023-06-25,Debit,Discretionary,96,bad
722,2023-01-01,Credit,Salary,1858,bad
722,2023-01-05,Debit,UPI_Lending_App,148,bad
722,2023-01-05,Debit,UPI_Lending_App,355,bad
722,2023-01-05,Debit,UPI_Lending_App,185,bad
722,2023-01-10,Debit,Discretionary,473,bad
722,2023-01-18,Debit,UPI_Lending_App,324,bad
722,2023-01-31,Credit,Salary,2094,bad
722,2023-02-04,Debit,UPI_Lending_App,173,bad
722,2023-02-08,Debit,Discretionary,500,bad
722,2023-03-02,Credit,Salary,1845,bad
722,2023-03-06,Debit,UPI_Lending_App,228,bad
722,2023-03-14,Debit,UPI_Lending_App,440,bad
722,2023-03-17,Debit,UPI_Lending_App,182,bad
722,2023-03-21,Debit,Discretionary,514,bad
722,2023-03-22,Debit,UPI_Lending_App,231,bad
722,2023-03-22,Debit,UPI_Lending_App,236,bad
722,2023-04-01,Credit,Salary,1808,bad
722,2023-04-12,Debit,Discretionary,521,bad
722,2023-04-14,Debit,UPI_Lending_App,187,bad
722,2023-04-21,Debit,UPI_Lending_App,202,bad
722,2023-04-27,Debit,UPI_Lending_App,311,bad
722,2023-05-01,Credit,Salary,2009,bad
722,2023-05-06,Debit,Discretionary,143,bad
722,2023-05-07,Debit,UPI_Lending_App,164,bad
722,2023-05-13,Debit,UPI_Lending_App,172,bad
722,2023-05-16,Debit,UPI_Lending_App,102,bad
722,2023-05-31,Credit,Salary,2087,bad
722,2023-06-08,Debit,UPI_Lending_App,179,bad
722,2023-06-15,Debit,Discretionary,52,bad
722,2023-06-16,Debit,UPI_Lending_App,84,bad
722,2023-06-23,Debit,UPI_Lending_App,55,bad
722,2023-06-24,Debit,UPI_Lending_App,468,bad
722,2023-06-27,Debit,UPI_Lending_App,349,bad
723,2023-01-01,Credit,Salary,2045,good
723,2023-01-25,Debit,Discretionary,450,good
723,2023-01-31,Credit,Salary,2140,good
723,2023-02-24,Debit,Discretionary,466,good
723,2023-03-02,Credit,Salary,1915,good
723,2023-03-18,Debit,Discretionary,470,good
723,2023-04-01,Credit,Salary,1901,good
723,2023-04-24,Debit,Discretionary,549,good
723,2023-05-01,Credit,Salary,2139,good
723,2023-05-03,Debit,UPI_Lending_App,148,good
723,2023-05-07,Debit,Discretionary,482,good
723,2023-05-31,Credit,Salary,2185,good
723,2023-06-08,Debit,Discretionary,487,good
724,2023-01-01,Credit,Salary,1940,bad
724,2023-01-22,Debit,UPI_Lending_App,471,bad
724,2023-01-25,Debit,Discretionary,483,bad
724,2023-01-31,Credit,Salary,2092,bad
724,2023-02-05,Debit,Discretionary,511,bad
724,2023-02-10,Debit,UPI_Lending_App,455,bad
724,2023-02-20,Debit,UPI_Lending_App,249,bad
724,2023-02-21,Debit,UPI_Lending_App,268,bad
724,2023-02-23,Debit,UPI_Lending_App,331,bad
724,2023-03-02,Credit,Salary,2181,bad
724,2023-03-10,Debit,UPI_Lending_App,71,bad
724,2023-03-22,Debit,Discretionary,468,bad
724,2023-04-01,Credit,Salary,2005,bad
724,2023-04-07,Debit,Discretionary,491,bad
724,2023-04-09,Debit,UPI_Lending_App,364,bad
724,2023-04-12,Debit,UPI_Lending_App,183,bad
724,2023-04-14,Debit,UPI_Lending_App,289,bad
724,2023-04-29,Debit,UPI_Lending_App,448,bad
724,2023-05-02,Debit,UPI_Lending_App,198,bad
724,2023-05-03,Debit,UPI_Lending_App,500,bad
724,2023-05-06,Credit,Salary,1878,bad
724,2023-05-09,Debit,UPI_Lending_App,417,bad
724,2023-05-19,Debit,Discretionary,86,bad
724,2023-05-21,Debit,UPI_Lending_App,489,bad
724,2023-05-28,Debit,UPI_Lending_App,322,bad
724,2023-06-05,Credit,Salary,1972,bad
724,2023-06-08,Debit,UPI_Lending_App,341,bad
724,2023-06-20,Debit,Discretionary,93,bad
724,2023-06-22,Debit,UPI_Lending_App,302,bad
724,2023-06-23,Debit,UPI_Lending_App,325,bad
724,2023-06-24,Debit,UPI_Lending_App,112,bad
725,2023-01-01,Credit,Salary,2196,good
725,2023-01-17,Debit,Discretionary,480,good
725,2023-01-31,Credit,Salary,2120,good
725,2023-02-19,Debit,Discretionary,481,good
725,2023-03-02,Credit,Salary,2018,good
725,2023-03-14,Debit,Discretionary,474,good
725,2023-03-16,Debit,UPI_Lending_App,103,good
725,2023-04-01,Credit,Salary,1832,good
725,2023-04-15,Debit,Discretionary,530,good
725,2023-05-01,Credit,Salary,2198,good
725,2023-05-26,Debit,Discretionary,525,good
725,2023-05-31,Credit,Salary,2143,good
725,2023-06-19,Debit,Discretionary,486,good
726,2023-01-01,Credit,Salary,2181,good
726,2023-01-11,Debit,Discretionary,496,good
726,2023-01-31,Credit,Salary,1908,good
726,2023-02-09,Debit,Discretionary,538,good
726,2023-03-02,Credit,Salary,1963,good
726,2023-03-15,Debit,Discretionary,498,good
726,2023-04-01,Credit,Salary,1978,good
726,2023-04-18,Debit,Discretionary,480,good
726,2023-05-01,Credit,Salary,2007,good
726,2023-05-16,Debit,Discretionary,476,good
726,2023-05-31,Credit,Salary,2188,good
726,2023-06-19,Debit,Discretionary,535,good
727,2023-01-01,Credit,Salary,1817,bad
727,2023-01-14,Debit,Discretionary,539,bad
727,2023-01-28,Debit,UPI_Lending_App,234,bad
727,2023-01-31,Credit,Salary,1901,bad
727,2023-02-04,Debit,UPI_Lending_App,490,bad
727,2023-02-04,Debit,UPI_Lending_App,470,bad
727,2023-02-07,Debit,UPI_Lending_App,162,bad
727,2023-02-08,Debit,Discretionary,522,bad
727,2023-02-10,Debit,UPI_Lending_App,100,bad
727,2023-03-02,Credit,Salary,2004,bad
727,2023-03-03,Debit,UPI_Lending_App,412,bad
727,2023-03-06,Debit,UPI_Lending_App,244,bad
727,2023-03-12,Debit,Discretionary,487,bad
727,2023-04-01,Credit,Salary,1951,bad
727,2023-04-17,Debit,UPI_Lending_App,415,bad
727,2023-04-20,Debit,Discretionary,522,bad
727,2023-05-01,Credit,Salary,1859,bad
727,2023-05-07,Debit,Discretionary,89,bad
727,2023-05-21,Debit,UPI_Lending_App,487,bad
727,2023-05-29,Debit,UPI_Lending_App,309,bad
727,2023-06-03,Credit,Salary,2161,bad
727,2023-06-08,Debit,UPI_Lending_App,255,bad
727,2023-06-08,Debit,UPI_Lending_App,315,bad
727,2023-06-11,Debit,UPI_Lending_App,463,bad
727,2023-06-13,Debit,UPI_Lending_App,53,bad
727,2023-06-22,Debit,Discretionary,109,bad
727,2023-06-25,Debit,UPI_Lending_App,87,bad
728,2023-01-01,Credit,Salary,1846,bad
728,2023-01-11,Debit,UPI_Lending_App,229,bad
728,2023-01-14,Debit,UPI_Lending_App,56,bad
728,2023-01-18,Debit,Discretionary,501,bad
728,2023-01-20,Debit,UPI_Lending_App,238,bad
728,2023-01-21,Debit,UPI_Lending_App,392,bad
728,2023-01-26,Debit,UPI_Lending_App,74,bad
728,2023-01-31,Credit,Salary,2120,bad
728,2023-02-02,Debit,UPI_Lending_App,250,bad
728,2023-02-13,Debit,Discretionary,475,bad
728,2023-02-15,Debit,UPI_Lending_App,441,bad
728,2023-02-20,Debit,UPI_Lending_App,114,bad
728,2023-03-02,Credit,Salary,1921,bad
728,2023-03-04,Debit,UPI_Lending_App,480,bad
728,2023-03-09,Debit,UPI_Lending_App,96,bad
728,2023-03-17,Debit,Discretionary,514,bad
728,2023-03-21,Debit,UPI_Lending_App,324,bad
728,2023-03-23,Debit,UPI_Lending_App,65,bad
728,2023-03-28,Debit,UPI_Lending_App,72,bad
728,2023-04-01,Credit,Salary,1834,bad
728,2023-04-19,Debit,UPI_Lending_App,422,bad
728,2023-04-26,Debit,Discretionary,545,bad
728,2023-04-28,Debit,UPI_Lending_App,401,bad
728,2023-05-01,Credit,Salary,1833,bad
728,2023-05-04,Debit,UPI_Lending_App,144,bad
728,2023-05-13,Debit,UPI_Lending_App,160,bad
728,2023-05-23,Debit,Discretionary,128,bad
728,2023-05-25,Debit,UPI_Lending_App,209,bad
728,2023-05-31,Credit,Salary,2033,bad
728,2023-06-11,Debit,Discretionary,119,bad
728,2023-06-26,Debit,UPI_Lending_App,67,bad
729,2023-01-01,Credit,Salary,2036,good
729,2023-01-06,Debit,Discretionary,503,good
729,2023-01-31,Credit,Salary,2026,good
729,2023-02-05,Debit,Discretionary,452,good
729,2023-02-21,Debit,UPI_Lending_App,492,good
729,2023-03-02,Credit,Salary,2039,good
729,2023-03-14,Debit,Discretionary,458,good
729,2023-04-01,Credit,Salary,1963,good
729,2023-04-17,Debit,Discretionary,500,good
729,2023-05-01,Credit,Salary,2100,good
729,2023-05-21,Debit,Discretionary,459,good
729,2023-05-31,Credit,Salary,1822,good
729,2023-06-16,Debit,Discretionary,481,good
730,2023-01-01,Credit,Salary,1834,good
730,2023-01-25,Debit,Discretionary,454,good
730,2023-01-31,Credit,Salary,1930,good
730,2023-02-08,Debit,Discretionary,524,good
730,2023-03-02,Credit,Salary,2125,good
730,2023-03-05,Debit,UPI_Lending_App,368,good
730,2023-03-10,Debit,Discretionary,539,good
730,2023-04-01,Credit,Salary,2091,good
730,2023-04-15,Debit,Discretionary,491,good
730,2023-05-01,Credit,Salary,1846,good
730,2023-05-07,Debit,Discretionary,513,good
730,2023-05-31,Credit,Salary,1888,good
730,2023-06-06,Debit,Discretionary,497,good
731,2023-01-01,Credit,Salary,2111,bad
731,2023-01-11,Debit,UPI_Lending_App,141,bad
731,2023-01-11,Debit,UPI_Lending_App,313,bad
731,2023-01-16,Debit,UPI_Lending_App,217,bad
731,2023-01-16,Debit,Discretionary,461,bad
731,2023-01-29,Debit,UPI_Lending_App,359,bad
731,2023-01-31,Credit,Salary,2012,bad
731,2023-02-11,Debit,Discretionary,475,bad
731,2023-02-14,Debit,UPI_Lending_App,211,bad
731,2023-02-15,Debit,UPI_Lending_App,421,bad
731,2023-02-18,Debit,UPI_Lending_App,191,bad
731,2023-02-25,Debit,UPI_Lending_App,252,bad
731,2023-02-28,Debit,UPI_Lending_App,298,bad
731,2023-03-02,Credit,Salary,1863,bad
731,2023-03-22,Debit,UPI_Lending_App,449,bad
731,2023-03-26,Debit,Discretionary,476,bad
731,2023-04-01,Credit,Salary,1974,bad
731,2023-04-02,Debit,UPI_Lending_App,346,bad
731,2023-04-14,Debit,Discretionary,520,bad
731,2023-05-04,Credit,Salary,1927,bad
731,2023-05-05,Debit,UPI_Lending_App,57,bad
731,2023-05-16,Debit,UPI_Lending_App,210,bad
731,2023-05-18,Debit,UPI_Lending_App,54,bad
731,2023-05-24,Debit,Discretionary,109,bad
731,2023-05-29,Debit,UPI_Lending_App,253,bad
731,2023-05-31,Credit,Salary,2044,bad
731,2023-06-07,Debit,UPI_Lending_App,319,bad
731,2023-06-21,Debit,UPI_Lending_App,173,bad
731,2023-06-22,Debit,Discretionary,55,bad
732,2023-01-01,Credit,Salary,1937,good
732,2023-01-20,Debit,Discretionary,538,good
732,2023-01-31,Credit,Salary,2192,good
732,2023-02-22,Debit,Discretionary,495,good
732,2023-03-02,Credit,Salary,1828,good
732,2023-03-08,Debit,Discretionary,452,good
732,2023-04-01,Credit,Salary,2082,good
732,2023-04-22,Debit,Discretionary,537,good
732,2023-05-01,Credit,Salary,2157,good
732,2023-05-15,Debit,Discretionary,491,good
732,2023-05-31,Credit,Salary,1905,good
732,2023-06-12,Debit,Discretionary,467,good
733,2023-01-01,Credit,Salary,1914,good
733,2023-01-09,Debit,Discretionary,460,good
733,2023-01-31,Credit,Salary,2096,good
733,2023-02-13,Debit,Discretionary,483,good
733,2023-03-02,Credit,Salary,2153,good
733,2023-03-10,Debit,Discretionary,540,good
733,2023-04-01,Credit,Salary,1919,good
733,2023-04-08,Debit,Discretionary,521,good
733,2023-05-01,Credit,Salary,2172,good
733,2023-05-18,Debit,Discretionary,455,good
733,2023-05-31,Credit,Salary,2117,good
733,2023-06-20,Debit,Discretionary,478,good
734,2023-01-01,Credit,Salary,2016,good
734,2023-01-19,Debit,Discretionary,490,good
734,2023-01-31,Credit,Salary,2109,good
734,2023-02-17,Debit,Discretionary,543,good
734,2023-03-02,Credit,Salary,1971,good
734,2023-03-24,Debit,Discretionary,457,good
734,2023-04-01,Credit,Salary,2005,good
734,2023-04-25,Debit,Discretionary,507,good
734,2023-05-01,Credit,Salary,1818,good
734,2023-05-11,Debit,Discretionary,499,good
734,2023-05-31,Credit,Salary,1927,good
734,2023-06-22,Debit,UPI_Lending_App,315,good
734,2023-06-22,Debit,Discretionary,546,good
735,2023-01-01,Credit,Salary,1975,good
735,2023-01-10,Debit,Discretionary,463,good
735,2023-01-31,Credit,Salary,1971,good
735,2023-02-05,Debit,Discretionary,475,good
735,2023-03-02,Credit,Salary,1962,good
735,2023-03-15,Debit,Discretionary,487,good
735,2023-04-01,Credit,Salary,2061,good
735,2023-04-22,Debit,Discretionary,513,good
735,2023-05-01,Credit,Salary,2027,good
735,2023-05-11,Debit,Discretionary,528,good
735,2023-05-31,Credit,Salary,1820,good
735,2023-06-05,Debit,Discretionary,484,good
736,2023-01-01,Credit,Salary,2103,bad
736,2023-01-04,Debit,UPI_Lending_App,413,bad
736,2023-01-05,Debit,UPI_Lending_App,420,bad
736,2023-01-05,Debit,UPI_Lending_App,141,bad
736,2023-01-08,Debit,UPI_Lending_App,497,bad
736,2023-01-11,Debit,UPI_Lending_App,494,bad
736,2023-01-22,Debit,Discretionary,464,bad
736,2023-01-31,Credit,Salary,1807,bad
736,2023-02-03,Debit,UPI_Lending_App,470,bad
736,2023-02-05,Debit,Discretionary,543,bad
736,2023-02-14,Debit,UPI_Lending_App,166,bad
736,2023-02-14,Debit,UPI_Lending_App,202,bad
736,2023-02-26,Debit,UPI_Lending_App,120,bad
736,2023-02-28,Debit,UPI_Lending_App,414,bad
736,2023-03-02,Credit,Salary,2021,bad
736,2023-03-05,Debit,UPI_Lending_App,81,bad
736,2023-03-10,Debit,UPI_Lending_App,438,bad
736,2023-03-21,Debit,Discretionary,510,bad
736,2023-03-23,Debit,UPI_Lending_App,135,bad
736,2023-03-23,Debit,UPI_Lending_App,175,bad
736,2023-03-30,Debit,UPI_Lending_App,169,bad
736,2023-04-01,Credit,Salary,1905,bad
736,2023-04-02,Debit,UPI_Lending_App,297,bad
736,2023-04-16,Debit,UPI_Lending_App,126,bad
736,2023-04-22,Debit,Discretionary,524,bad
736,2023-05-03,Debit,UPI_Lending_App,282,bad
736,2023-05-06,Credit,Salary,2168,bad
736,2023-05-09,Debit,UPI_Lending_App,412,bad
736,2023-05-11,Debit,UPI_Lending_App,120,bad
736,2023-05-26,Debit,UPI_Lending_App,210,bad
736,2023-05-26,Debit,Discretionary,68,bad
736,2023-06-07,Credit,Salary,1871,bad
736,2023-06-08,Debit,UPI_Lending_App,170,bad
736,2023-06-22,Debit,UPI_Lending_App,196,bad
736,2023-06-25,Debit,Discretionary,147,bad
737,2023-01-01,Credit,Salary,2199,good
737,2023-01-26,Debit,Discretionary,525,good
737,2023-01-31,Credit,Salary,2129,good
737,2023-02-15,Debit,Discretionary,490,good
737,2023-03-02,Credit,Salary,1826,good
737,2023-03-14,Debit,Discretionary,476,good
737,2023-04-01,Credit,Salary,2100,good
737,2023-04-19,Debit,Discretionary,458,good
737,2023-05-01,Credit,Salary,1933,good
737,2023-05-22,Debit,Discretionary,534,good
737,2023-05-31,Credit,Salary,2112,good
737,2023-06-19,Debit,Discretionary,489,good
738,2023-01-01,Credit,Salary,2044,good
738,2023-01-09,Debit,Discretionary,452,good
738,2023-01-31,Credit,Salary,2074,good
738,2023-02-23,Debit,Discretionary,480,good
738,2023-03-02,Credit,Salary,2165,good
738,2023-03-04,Debit,UPI_Lending_App,59,good
738,2023-03-22,Debit,Discretionary,474,good
738,2023-04-01,Credit,Salary,2146,good
738,2023-04-15,Debit,Discretionary,503,good
738,2023-05-01,Credit,Salary,2016,good
738,2023-05-11,Debit,Discretionary,549,good
738,2023-05-31,Credit,Salary,1934,good
738,2023-06-04,Debit,UPI_Lending_App,108,good
738,2023-06-09,Debit,Discretionary,518,good
739,2023-01-01,Credit,Salary,1886,bad
739,2023-01-14,Debit,UPI_Lending_App,434,bad
739,2023-01-15,Debit,UPI_Lending_App,241,bad
739,2023-01-16,Debit,UPI_Lending_App,381,bad
739,2023-01-18,Debit,UPI_Lending_App,115,bad
739,2023-01-23,Debit,UPI_Lending_App,89,bad
739,2023-01-23,Debit,Discretionary,545,bad
739,2023-01-31,Credit,Salary,1893,bad
739,2023-02-10,Debit,UPI_Lending_App,251,bad
739,2023-02-13,Debit,Discretionary,499,bad
739,2023-02-23,Debit,UPI_Lending_App,371,bad
739,2023-02-24,Debit,UPI_Lending_App,254,bad
739,2023-03-02,Credit,Salary,2018,bad
739,2023-03-15,Debit,UPI_Lending_App,479,bad
739,2023-03-17,Debit,Discretionary,483,bad
739,2023-03-18,Debit,UPI_Lending_App,64,bad
739,2023-03-21,Debit,UPI_Lending_App,323,bad
739,2023-03-29,Debit,UPI_Lending_App,165,bad
739,2023-04-01,Credit,Salary,2152,bad
739,2023-04-17,Debit,UPI_Lending_App,460,bad
739,2023-04-17,Debit,UPI_Lending_App,285,bad
739,2023-04-17,Debit,UPI_Lending_App,490,bad
739,2023-04-17,Debit,Discretionary,519,bad
739,2023-04-22,Debit,UPI_Lending_App,367,bad
739,2023-04-28,Debit,UPI_Lending_App,455,bad
739,2023-05-05,Credit,Salary,1826,bad
739,2023-05-10,Debit,UPI_Lending_App,451,bad
739,2023-05-14,Debit,Discretionary,132,bad
739,2023-05-15,Debit,UPI_Lending_App,131,bad
739,2023-06-01,Debit,UPI_Lending_App,237,bad
739,2023-06-04,Debit,UPI_Lending_App,197,bad
739,2023-06-05,Credit,Salary,2125,bad
739,2023-06-11,Debit,Discretionary,140,bad
739,2023-06-14,Debit,UPI_Lending_App,134,bad
739,2023-06-16,Debit,UPI_Lending_App,304,bad
740,2023-01-01,Credit,Salary,1973,good
740,2023-01-14,Debit,Discretionary,509,good
740,2023-01-31,Credit,Salary,1809,good
740,2023-02-20,Debit,Discretionary,540,good
740,2023-03-02,Credit,Salary,2167,good
740,2023-03-17,Debit,Discretionary,514,good
740,2023-04-01,Credit,Salary,1830,good
740,2023-04-11,Debit,Discretionary,548,good
740,2023-05-01,Credit,Salary,2060,good
740,2023-05-13,Debit,Discretionary,527,good
740,2023-05-31,Credit,Salary,2012,good
740,2023-06-12,Debit,Discretionary,476,good
741,2023-01-01,Credit,Salary,1922,good
741,2023-01-19,Debit,Discretionary,530,good
741,2023-01-31,Credit,Salary,2144,good
741,2023-02-11,Debit,Discretionary,515,good
741,2023-03-02,Credit,Salary,1820,good
741,2023-03-08,Debit,Discretionary,513,good
741,2023-04-01,Credit,Salary,2180,good
741,2023-04-25,Debit,Discretionary,529,good
741,2023-05-01,Credit,Salary,2076,good
741,2023-05-25,Debit,Discretionary,460,good
741,2023-05-31,Credit,Salary,1987,good
741,2023-06-14,Debit,Discretionary,545,good
742,2023-01-01,Credit,Salary,2031,good
742,2023-01-15,Debit,Discretionary,492,good
742,2023-01-31,Credit,Salary,2010,good
742,2023-02-11,Debit,Discretionary,530,good
742,2023-03-02,Credit,Salary,2093,good
742,2023-03-07,Debit,Discretionary,502,good
742,2023-04-01,Credit,Salary,1879,good
742,2023-04-09,Debit,Discretionary,499,good
742,2023-04-11,Debit,UPI_Lending_App,390,good
742,2023-05-01,Credit,Salary,2073,good
742,2023-05-18,Debit,Discretionary,547,good
742,2023-05-31,Credit,Salary,1909,good
742,2023-06-17,Debit,Discretionary,464,good
743,2023-01-01,Credit,Salary,1919,good
743,2023-01-25,Debit,Discretionary,533,good
743,2023-01-31,Credit,Salary,1817,good
743,2023-02-23,Debit,Discretionary,474,good
743,2023-03-02,Credit,Salary,2053,good
743,2023-03-27,Debit,Discretionary,536,good
743,2023-04-01,Credit,Salary,1922,good
743,2023-04-11,Debit,Discretionary,526,good
743,2023-05-01,Credit,Salary,1976,good
743,2023-05-22,Debit,Discretionary,480,good
743,2023-05-31,Credit,Salary,1848,good
743,2023-06-16,Debit,Discretionary,507,good
744,2023-01-01,Credit,Salary,2159,good
744,2023-01-14,Debit,Discretionary,532,good
744,2023-01-31,Credit,Salary,2042,good
744,2023-02-22,Debit,Discretionary,508,good
744,2023-03-02,Credit,Salary,2171,good
744,2023-03-20,Debit,Discretionary,489,good
744,2023-04-01,Credit,Salary,1824,good
744,2023-04-20,Debit,Discretionary,502,good
744,2023-05-01,Credit,Salary,2162,good
744,2023-05-13,Debit,Discretionary,500,good
744,2023-05-31,Credit,Salary,1804,good
744,2023-06-05,Debit,Discretionary,469,good
745,2023-01-01,Credit,Salary,1899,good
745,2023-01-05,Debit,UPI_Lending_App,263,good
745,2023-01-07,Debit,Discretionary,534,good
745,2023-01-31,Credit,Salary,2167,good
745,2023-02-25,Debit,Discretionary,482,good
745,2023-03-02,Credit,Salary,2116,good
745,2023-03-27,Debit,Discretionary,498,good
745,2023-04-01,Credit,Salary,1855,good
745,2023-04-06,Debit,Discretionary,467,good
745,2023-05-01,Credit,Salary,1961,good
745,2023-05-10,Debit,Discretionary,525,good
745,2023-05-31,Credit,Salary,1970,good
745,2023-06-21,Debit,Discretionary,480,good
745,2023-06-22,Debit,UPI_Lending_App,265,good
746,2023-01-01,Credit,Salary,1909,good
746,2023-01-11,Debit,Discretionary,462,good
746,2023-01-31,Credit,Salary,2197,good
746,2023-02-08,Debit,Discretionary,541,good
746,2023-03-02,Credit,Salary,1886,good
746,2023-03-10,Debit,Discretionary,497,good
746,2023-04-01,Credit,Salary,2191,good
746,2023-04-06,Debit,Discretionary,480,good
746,2023-05-01,Credit,Salary,2190,good
746,2023-05-22,Debit,Discretionary,460,good
746,2023-05-31,Credit,Salary,2096,good
746,2023-06-13,Debit,Discretionary,465,good
747,2023-01-01,Credit,Salary,1994,bad
747,2023-01-25,Debit,UPI_Lending_App,473,bad
747,2023-01-25,Debit,Discretionary,541,bad
747,2023-01-31,Credit,Salary,1975,bad
747,2023-02-05,Debit,UPI_Lending_App,196,bad
747,2023-02-20,Debit,Discretionary,473,bad
747,2023-03-02,Credit,Salary,2023,bad
747,2023-03-03,Debit,UPI_Lending_App,398,bad
747,2023-03-05,Debit,UPI_Lending_App,332,bad
747,2023-03-11,Debit,Discretionary,473,bad
747,2023-03-14,Debit,UPI_Lending_App,307,bad
747,2023-03-20,Debit,UPI_Lending_App,135,bad
747,2023-03-22,Debit,UPI_Lending_App,351,bad
747,2023-04-01,Credit,Salary,1811,bad
747,2023-04-06,Debit,Discretionary,521,bad
747,2023-04-07,Debit,UPI_Lending_App,171,bad
747,2023-04-17,Debit,UPI_Lending_App,194,bad
747,2023-04-22,Debit,UPI_Lending_App,447,bad
747,2023-05-01,Credit,Salary,2194,bad
747,2023-05-13,Debit,UPI_Lending_App,314,bad
747,2023-05-15,Debit,Discretionary,68,bad
747,2023-05-21,Debit,UPI_Lending_App,347,bad
747,2023-06-05,Credit,Salary,2199,bad
747,2023-06-05,Debit,UPI_Lending_App,361,bad
747,2023-06-10,Debit,UPI_Lending_App,93,bad
747,2023-06-10,Debit,Discretionary,56,bad
747,2023-06-11,Debit,UPI_Lending_App,80,bad
747,2023-06-28,Debit,UPI_Lending_App,93,bad
748,2023-01-01,Credit,Salary,1954,good
748,2023-01-20,Debit,Discretionary,508,good
748,2023-01-31,Credit,Salary,1960,good
748,2023-02-05,Debit,Discretionary,542,good
748,2023-03-02,Credit,Salary,2171,good
748,2023-03-26,Debit,Discretionary,456,good
748,2023-04-01,Credit,Salary,1946,good
748,2023-04-14,Debit,Discretionary,467,good
748,2023-05-01,Credit,Salary,2105,good
748,2023-05-06,Debit,Discretionary,516,good
748,2023-05-31,Credit,Salary,1861,good
748,2023-06-08,Debit,UPI_Lending_App,243,good
748,2023-06-10,Debit,Discretionary,457,good
749,2023-01-01,Credit,Salary,1998,good
749,2023-01-25,Debit,Discretionary,496,good
749,2023-01-31,Credit,Salary,2041,good
749,2023-02-20,Debit,Discretionary,508,good
749,2023-03-02,Credit,Salary,1808,good
749,2023-03-22,Debit,Discretionary,507,good
749,2023-03-30,Debit,UPI_Lending_App,399,good
749,2023-04-01,Credit,Salary,2061,good
749,2023-04-08,Debit,Discretionary,497,good
749,2023-05-01,Credit,Salary,2088,good
749,2023-05-19,Debit,Discretionary,451,good
749,2023-05-31,Credit,Salary,1981,good
749,2023-06-09,Debit,Discretionary,534,good
750,2023-01-01,Credit,Salary,1845,good
750,2023-01-20,Debit,Discretionary,532,good
750,2023-01-31,Credit,Salary,2046,good
750,2023-02-05,Debit,Discretionary,453,good
750,2023-03-02,Credit,Salary,2091,good
750,2023-03-17,Debit,Discretionary,489,good
750,2023-04-01,Credit,Salary,1967,good
750,2023-04-11,Debit,Discretionary,470,good
750,2023-05-01,Credit,Salary,2163,good
750,2023-05-25,Debit,Discretionary,547,good
750,2023-05-31,Credit,Salary,1932,good
750,2023-06-08,Debit,Discretionary,531,good
751,2023-01-01,Credit,Salary,2019,bad
751,2023-01-06,Debit,UPI_Lending_App,424,bad
751,2023-01-18,Debit,Discretionary,472,bad
751,2023-01-22,Debit,UPI_Lending_App,328,bad
751,2023-01-31,Credit,Salary,1852,bad
751,2023-02-01,Debit,UPI_Lending_App,96,bad
751,2023-02-22,Debit,Discretionary,548,bad
751,2023-02-23,Debit,UPI_Lending_App,279,bad
751,2023-03-02,Credit,Salary,2157,bad
751,2023-03-15,Debit,UPI_Lending_App,150,bad
751,2023-03-24,Debit,UPI_Lending_App,87,bad
751,2023-03-26,Debit,Discretionary,459,bad
751,2023-03-28,Debit,UPI_Lending_App,498,bad
751,2023-04-01,Credit,Salary,1938,bad
751,2023-04-02,Debit,UPI_Lending_App,122,bad
751,2023-04-09,Debit,UPI_Lending_App,348,bad
751,2023-04-10,Debit,UPI_Lending_App,401,bad
751,2023-04-17,Debit,UPI_Lending_App,302,bad
751,2023-04-17,Debit,Discretionary,479,bad
751,2023-04-23,Debit,UPI_Lending_App,282,bad
751,2023-05-07,Debit,UPI_Lending_App,355,bad
751,2023-05-07,Debit,Discretionary,52,bad
751,2023-05-08,Credit,Salary,2004,bad
751,2023-05-08,Debit,UPI_Lending_App,258,bad
751,2023-05-24,Debit,UPI_Lending_App,273,bad
751,2023-06-04,Credit,Salary,2132,bad
751,2023-06-13,Debit,UPI_Lending_App,225,bad
751,2023-06-14,Debit,UPI_Lending_App,302,bad
751,2023-06-15,Debit,Discretionary,138,bad
751,2023-06-22,Debit,UPI_Lending_App,59,bad
751,2023-06-27,Debit,UPI_Lending_App,354,bad
751,2023-06-28,Debit,UPI_Lending_App,197,bad
752,2023-01-01,Credit,Salary,2028,good
752,2023-01-25,Debit,Discretionary,504,good
752,2023-01-31,Credit,Salary,2118,good
752,2023-02-05,Debit,Discretionary,508,good
752,2023-03-02,Credit,Salary,2182,good
752,2023-03-08,Debit,Discretionary,466,good
752,2023-04-01,Credit,Salary,2158,good
752,2023-04-17,Debit,Discretionary,497,good
752,2023-05-01,Credit,Salary,2058,good
752,2023-05-13,Debit,Discretionary,453,good
752,2023-05-31,Credit,Salary,2006,good
752,2023-06-19,Debit,UPI_Lending_App,453,good
752,2023-06-25,Debit,Discretionary,473,good
753,2023-01-01,Credit,Salary,1861,good
753,2023-01-22,Debit,Discretionary,518,good
753,2023-01-31,Credit,Salary,2138,good
753,2023-02-07,Debit,Discretionary,470,good
753,2023-03-02,Credit,Salary,1977,good
753,2023-03-18,Debit,Discretionary,546,good
753,2023-04-01,Credit,Salary,1895,good
753,2023-04-09,Debit,Discretionary,462,good
753,2023-05-01,Credit,Salary,2020,good
753,2023-05-06,Debit,Discretionary,533,good
753,2023-05-31,Credit,Salary,1865,good
753,2023-06-12,Debit,Discretionary,530,good
754,2023-01-01,Credit,Salary,2115,bad
754,2023-01-06,Debit,UPI_Lending_App,443,bad
754,2023-01-15,Debit,Discretionary,457,bad
754,2023-01-22,Debit,UPI_Lending_App,221,bad
754,2023-01-22,Debit,UPI_Lending_App,264,bad
754,2023-01-27,Debit,UPI_Lending_App,218,bad
754,2023-01-28,Debit,UPI_Lending_App,197,bad
754,2023-01-31,Credit,Salary,1854,bad
754,2023-02-01,Debit,UPI_Lending_App,116,bad
754,2023-02-04,Debit,UPI_Lending_App,237,bad
754,2023-02-11,Debit,Discretionary,541,bad
754,2023-03-02,Credit,Salary,1984,bad
754,2023-03-14,Debit,UPI_Lending_App,128,bad
754,2023-03-17,Debit,UPI_Lending_App,66,bad
754,2023-03-21,Debit,UPI_Lending_App,88,bad
754,2023-03-21,Debit,UPI_Lending_App,316,bad
754,2023-03-22,Debit,UPI_Lending_App,124,bad
754,2023-03-24,Debit,Discretionary,475,bad
754,2023-04-01,Credit,Salary,2094,bad
754,2023-04-18,Debit,UPI_Lending_App,111,bad
754,2023-04-26,Debit,Discretionary,458,bad
754,2023-04-29,Debit,UPI_Lending_App,397,bad
754,2023-05-02,Debit,UPI_Lending_App,289,bad
754,2023-05-06,Debit,UPI_Lending_App,186,bad
754,2023-05-06,Debit,UPI_Lending_App,391,bad
754,2023-05-07,Credit,Salary,1912,bad
754,2023-05-17,Debit,Discretionary,127,bad
754,2023-05-19,Debit,UPI_Lending_App,355,bad
754,2023-05-22,Debit,UPI_Lending_App,278,bad
754,2023-06-04,Credit,Salary,1907,bad
754,2023-06-05,Debit,UPI_Lending_App,134,bad
754,2023-06-16,Debit,Discretionary,120,bad
754,2023-06-24,Debit,UPI_Lending_App,181,bad
754,2023-06-24,Debit,UPI_Lending_App,109,bad
755,2023-01-01,Credit,Salary,1865,bad
755,2023-01-11,Debit,UPI_Lending_App,375,bad
755,2023-01-11,Debit,Discretionary,461,bad
755,2023-01-17,Debit,UPI_Lending_App,188,bad
755,2023-01-21,Debit,UPI_Lending_App,142,bad
755,2023-01-27,Debit,UPI_Lending_App,162,bad
755,2023-01-31,Credit,Salary,1910,bad
755,2023-02-12,Debit,Discretionary,521,bad
755,2023-02-17,Debit,UPI_Lending_App,342,bad
755,2023-03-02,Credit,Salary,1969,bad
755,2023-03-18,Debit,Discretionary,458,bad
755,2023-03-25,Debit,UPI_Lending_App,305,bad
755,2023-03-27,Debit,UPI_Lending_App,118,bad
755,2023-04-01,Credit,Salary,2061,bad
755,2023-04-05,Debit,UPI_Lending_App,372,bad
755,2023-04-20,Debit,Discretionary,450,bad
755,2023-04-21,Debit,UPI_Lending_App,172,bad
755,2023-05-04,Debit,UPI_Lending_App,324,bad
755,2023-05-06,Debit,UPI_Lending_App,313,bad
755,2023-05-08,Credit,Salary,1901,bad
755,2023-05-11,Debit,UPI_Lending_App,303,bad
755,2023-05-12,Debit,UPI_Lending_App,213,bad
755,2023-05-16,Debit,UPI_Lending_App,171,bad
755,2023-05-21,Debit,Discretionary,124,bad
755,2023-05-31,Credit,Salary,1867,bad
755,2023-06-09,Debit,UPI_Lending_App,349,bad
755,2023-06-16,Debit,Discretionary,50,bad
755,2023-06-18,Debit,UPI_Lending_App,220,bad
755,2023-06-22,Debit,UPI_Lending_App,465,bad
755,2023-06-24,Debit,UPI_Lending_App,453,bad
756,2023-01-01,Credit,Salary,2189,good
756,2023-01-03,Debit,UPI_Lending_App,368,good
756,2023-01-15,Debit,Discretionary,482,good
756,2023-01-31,Credit,Salary,1822,good
756,2023-02-20,Debit,Discretionary,524,good
756,2023-03-02,Credit,Salary,1903,good
756,2023-03-12,Debit,Discretionary,465,good
756,2023-04-01,Credit,Salary,1936,good
756,2023-04-24,Debit,Discretionary,526,good
756,2023-05-01,Credit,Salary,1814,good
756,2023-05-15,Debit,Discretionary,506,good
756,2023-05-31,Credit,Salary,2089,good
756,2023-06-16,Debit,Discretionary,547,good
757,2023-01-01,Credit,Salary,2164,bad
757,2023-01-07,Debit,UPI_Lending_App,423,bad
757,2023-01-12,Debit,Discretionary,521,bad
757,2023-01-21,Debit,UPI_Lending_App,132,bad
757,2023-01-21,Debit,UPI_Lending_App,341,bad
757,2023-01-31,Credit,Salary,2029,bad
757,2023-02-05,Debit,UPI_Lending_App,285,bad
757,2023-02-06,Debit,UPI_Lending_App,144,bad
757,2023-02-07,Debit,Discretionary,453,bad
757,2023-02-17,Debit,UPI_Lending_App,337,bad
757,2023-02-22,Debit,UPI_Lending_App,185,bad
757,2023-03-02,Credit,Salary,1969,bad
757,2023-03-07,Debit,UPI_Lending_App,110,bad
757,2023-03-08,Debit,UPI_Lending_App,315,bad
757,2023-03-16,Debit,Discretionary,511,bad
757,2023-03-21,Debit,UPI_Lending_App,313,bad
757,2023-03-27,Debit,UPI_Lending_App,198,bad
757,2023-04-01,Credit,Salary,2011,bad
757,2023-04-07,Debit,Discretionary,495,bad
757,2023-04-29,Debit,UPI_Lending_App,56,bad
757,2023-05-01,Credit,Salary,1930,bad
757,2023-05-05,Debit,UPI_Lending_App,206,bad
757,2023-05-17,Debit,Discretionary,71,bad
757,2023-05-27,Debit,UPI_Lending_App,178,bad
757,2023-05-31,Credit,Salary,1922,bad
757,2023-06-25,Debit,UPI_Lending_App,268,bad
757,2023-06-25,Debit,Discretionary,105,bad
758,2023-01-01,Credit,Salary,2153,good
758,2023-01-23,Debit,Discretionary,529,good
758,2023-01-31,Credit,Salary,1945,good
758,2023-02-11,Debit,Discretionary,495,good
758,2023-03-02,Credit,Salary,2044,good
758,2023-03-19,Debit,Discretionary,454,good
758,2023-04-01,Credit,Salary,1938,good
758,2023-04-12,Debit,Discretionary,490,good
758,2023-05-01,Credit,Salary,2015,good
758,2023-05-06,Debit,Discretionary,544,good
758,2023-05-31,Credit,Salary,2024,good
758,2023-06-15,Debit,Discretionary,455,good
759,2023-01-01,Credit,Salary,2183,bad
759,2023-01-15,Debit,UPI_Lending_App,280,bad
759,2023-01-23,Debit,Discretionary,537,bad
759,2023-01-26,Debit,UPI_Lending_App,352,bad
759,2023-01-31,Credit,Salary,1884,bad
759,2023-02-11,Debit,Discretionary,458,bad
759,2023-02-13,Debit,UPI_Lending_App,425,bad
759,2023-03-02,Credit,Salary,2129,bad
759,2023-03-08,Debit,UPI_Lending_App,422,bad
759,2023-03-19,Debit,UPI_Lending_App,131,bad
759,2023-03-27,Debit,Discretionary,453,bad
759,2023-04-01,Credit,Salary,1946,bad
759,2023-04-07,Debit,Discretionary,520,bad
759,2023-04-10,Debit,UPI_Lending_App,480,bad
759,2023-04-10,Debit,UPI_Lending_App,288,bad
759,2023-04-17,Debit,UPI_Lending_App,75,bad
759,2023-04-24,Debit,UPI_Lending_App,195,bad
759,2023-04-29,Debit,UPI_Lending_App,401,bad
759,2023-05-01,Credit,Salary,1881,bad
759,2023-05-10,Debit,Discretionary,131,bad
759,2023-05-17,Debit,UPI_Lending_App,219,bad
759,2023-05-17,Debit,UPI_Lending_App,94,bad
759,2023-05-21,Debit,UPI_Lending_App,457,bad
759,2023-05-31,Credit,Salary,2098,bad
759,2023-06-04,Debit,UPI_Lending_App,457,bad
759,2023-06-05,Debit,UPI_Lending_App,385,bad
759,2023-06-10,Debit,Discretionary,134,bad
759,2023-06-13,Debit,UPI_Lending_App,456,bad
759,2023-06-20,Debit,UPI_Lending_App,71,bad
760,2023-01-01,Credit,Salary,2048,good
760,2023-01-06,Debit,Discretionary,489,good
760,2023-01-31,Credit,Salary,2107,good
760,2023-02-07,Debit,Discretionary,522,good
760,2023-03-02,Credit,Salary,2122,good
760,2023-03-25,Debit,Discretionary,522,good
760,2023-04-01,Credit,Salary,2099,good
760,2023-04-26,Debit,Discretionary,516,good
760,2023-05-01,Credit,Salary,1831,good
760,2023-05-08,Debit,Discretionary,481,good
760,2023-05-14,Debit,UPI_Lending_App,215,good
760,2023-05-31,Credit,Salary,1969,good
760,2023-06-06,Debit,Discretionary,483,good
761,2023-01-01,Credit,Salary,1833,bad
761,2023-01-09,Debit,UPI_Lending_App,318,bad
761,2023-01-19,Debit,UPI_Lending_App,369,bad
761,2023-01-23,Debit,UPI_Lending_App,343,bad
761,2023-01-23,Debit,Discretionary,466,bad
761,2023-01-31,Credit,Salary,1837,bad
761,2023-02-09,Debit,UPI_Lending_App,422,bad
761,2023-02-16,Debit,UPI_Lending_App,76,bad
761,2023-02-19,Debit,UPI_Lending_App,427,bad
761,2023-02-23,Debit,UPI_Lending_App,349,bad
761,2023-02-24,Debit,UPI_Lending_App,330,bad
761,2023-02-24,Debit,Discretionary,502,bad
761,2023-03-02,Credit,Salary,1816,bad
761,2023-03-07,Debit,UPI_Lending_App,256,bad
761,2023-03-21,Debit,UPI_Lending_App,214,bad
761,2023-03-23,Debit,Discretionary,466,bad
761,2023-04-01,Credit,Salary,1926,bad
761,2023-04-06,Debit,Discretionary,516,bad
761,2023-04-10,Debit,UPI_Lending_App,445,bad
761,2023-05-06,Credit,Salary,1868,bad
761,2023-05-09,Debit,Discretionary,77,bad
761,2023-05-10,Debit,UPI_Lending_App,442,bad
761,2023-05-11,Debit,UPI_Lending_App,106,bad
761,2023-05-13,Debit,UPI_Lending_App,340,bad
761,2023-05-19,Debit,UPI_Lending_App,176,bad
761,2023-05-29,Debit,UPI_Lending_App,67,bad
761,2023-05-31,Credit,Salary,1998,bad
761,2023-06-01,Debit,UPI_Lending_App,474,bad
761,2023-06-01,Debit,UPI_Lending_App,158,bad
761,2023-06-03,Debit,UPI_Lending_App,344,bad
761,2023-06-05,Debit,UPI_Lending_App,117,bad
761,2023-06-22,Debit,UPI_Lending_App,175,bad
761,2023-06-25,Debit,Discretionary,106,bad
762,2023-01-01,Credit,Salary,1865,good
762,2023-01-10,Debit,Discretionary,491,good
762,2023-01-31,Credit,Salary,1855,good
762,2023-02-22,Debit,Discretionary,509,good
762,2023-03-02,Credit,Salary,2129,good
762,2023-03-26,Debit,Discretionary,477,good
762,2023-04-01,Credit,Salary,1872,good
762,2023-04-17,Debit,Discretionary,468,good
762,2023-05-01,Credit,Salary,2157,good
762,2023-05-15,Debit,Discretionary,504,good
762,2023-05-31,Credit,Salary,1809,good
762,2023-06-09,Debit,Discretionary,548,good
763,2023-01-01,Credit,Salary,2027,bad
763,2023-01-15,Debit,Discretionary,474,bad
763,2023-01-21,Debit,UPI_Lending_App,301,bad
763,2023-01-31,Credit,Salary,2066,bad
763,2023-02-04,Debit,UPI_Lending_App,154,bad
763,2023-02-05,Debit,UPI_Lending_App,313,bad
763,2023-02-09,Debit,UPI_Lending_App,363,bad
763,2023-02-13,Debit,UPI_Lending_App,238,bad
763,2023-02-16,Debit,Discretionary,461,bad
763,2023-02-26,Debit,UPI_Lending_App,66,bad
763,2023-03-02,Credit,Salary,2193,bad
763,2023-03-13,Debit,Discretionary,513,bad
763,2023-03-28,Debit,UPI_Lending_App,313,bad
763,2023-04-01,Credit,Salary,2197,bad
763,2023-04-04,Debit,UPI_Lending_App,388,bad
763,2023-04-17,Debit,UPI_Lending_App,170,bad
763,2023-04-20,Debit,Discretionary,542,bad
763,2023-04-26,Debit,UPI_Lending_App,345,bad
763,2023-05-06,Debit,UPI_Lending_App,491,bad
763,2023-05-08,Credit,Salary,2018,bad
763,2023-05-23,Debit,UPI_Lending_App,84,bad
763,2023-05-23,Debit,Discretionary,60,bad
763,2023-05-31,Credit,Salary,2093,bad
763,2023-06-06,Debit,UPI_Lending_App,108,bad
763,2023-06-07,Debit,UPI_Lending_App,347,bad
763,2023-06-09,Debit,Discretionary,52,bad
763,2023-06-10,Debit,UPI_Lending_App,303,bad
763,2023-06-26,Debit,UPI_Lending_App,67,bad
764,2023-01-01,Credit,Salary,2137,good
764,2023-01-16,Debit,Discretionary,534,good
764,2023-01-31,Credit,Salary,1916,good
764,2023-02-23,Debit,Discretionary,483,good
764,2023-03-02,Credit,Salary,1833,good
764,2023-03-11,Debit,UPI_Lending_App,74,good
764,2023-03-17,Debit,Discretionary,504,good
764,2023-04-01,Credit,Salary,2143,good
764,2023-04-12,Debit,Discretionary,526,good
764,2023-05-01,Credit,Salary,2094,good
764,2023-05-07,Debit,Discretionary,470,good
764,2023-05-31,Credit,Salary,1883,good
764,2023-06-10,Debit,Discretionary,461,good
765,2023-01-01,Credit,Salary,2047,good
765,2023-01-09,Debit,Discretionary,501,good
765,2023-01-14,Debit,UPI_Lending_App,413,good
765,2023-01-31,Credit,Salary,2039,good
765,2023-02-06,Debit,Discretionary,521,good
765,2023-03-02,Credit,Salary,2190,good
765,2023-03-18,Debit,Discretionary,515,good
765,2023-04-01,Credit,Salary,1866,good
765,2023-04-25,Debit,Discretionary,468,good
765,2023-05-01,Credit,Salary,2176,good
765,2023-05-04,Debit,UPI_Lending_App,485,good
765,2023-05-23,Debit,Discretionary,465,good
765,2023-05-31,Credit,Salary,2062,good
765,2023-06-06,Debit,Discretionary,488,good
766,2023-01-01,Credit,Salary,1910,bad
766,2023-01-04,Debit,UPI_Lending_App,119,bad
766,2023-01-10,Debit,Discretionary,487,bad
766,2023-01-23,Debit,UPI_Lending_App,316,bad
766,2023-01-31,Credit,Salary,1876,bad
766,2023-02-05,Debit,UPI_Lending_App,80,bad
766,2023-02-15,Debit,Discretionary,465,bad
766,2023-03-02,Credit,Salary,2079,bad
766,2023-03-09,Debit,Discretionary,538,bad
766,2023-03-14,Debit,UPI_Lending_App,104,bad
766,2023-04-01,Credit,Salary,1981,bad
766,2023-04-14,Debit,UPI_Lending_App,335,bad
766,2023-04-23,Debit,UPI_Lending_App,409,bad
766,2023-04-24,Debit,UPI_Lending_App,195,bad
766,2023-04-25,Debit,Discretionary,546,bad
766,2023-04-27,Debit,UPI_Lending_App,128,bad
766,2023-05-01,Credit,Salary,1898,bad
766,2023-05-06,Debit,UPI_Lending_App,146,bad
766,2023-05-06,Debit,Discretionary,144,bad
766,2023-05-22,Debit,UPI_Lending_App,398,bad
766,2023-06-05,Credit,Salary,1850,bad
766,2023-06-17,Debit,UPI_Lending_App,399,bad
766,2023-06-20,Debit,Discretionary,138,bad
767,2023-01-01,Credit,Salary,2133,good
767,2023-01-24,Debit,Discretionary,545,good
767,2023-01-31,Credit,Salary,1986,good
767,2023-02-02,Debit,UPI_Lending_App,319,good
767,2023-02-17,Debit,Discretionary,491,good
767,2023-03-02,Credit,Salary,2047,good
767,2023-03-07,Debit,Discretionary,512,good
767,2023-04-01,Credit,Salary,1953,good
767,2023-04-09,Debit,Discretionary,523,good
767,2023-05-01,Credit,Salary,2150,good
767,2023-05-20,Debit,Discretionary,451,good
767,2023-05-31,Credit,Salary,1943,good
767,2023-06-12,Debit,Discretionary,524,good
768,2023-01-01,Credit,Salary,2148,good
768,2023-01-23,Debit,Discretionary,475,good
768,2023-01-31,Credit,Salary,2142,good
768,2023-02-17,Debit,Discretionary,468,good
768,2023-03-02,Credit,Salary,1907,good
768,2023-03-27,Debit,Discretionary,481,good
768,2023-04-01,Credit,Salary,1974,good
768,2023-04-06,Debit,Discretionary,523,good
768,2023-05-01,Credit,Salary,1993,good
768,2023-05-13,Debit,Discretionary,515,good
768,2023-05-31,Credit,Salary,2144,good
768,2023-06-19,Debit,Discretionary,496,good
769,2023-01-01,Credit,Salary,1888,good
769,2023-01-09,Debit,Discretionary,466,good
769,2023-01-31,Credit,Salary,2199,good
769,2023-02-05,Debit,Discretionary,549,good
769,2023-03-02,Credit,Salary,1840,good
769,2023-03-11,Debit,Discretionary,530,good
769,2023-04-01,Credit,Salary,2088,good
769,2023-04-19,Debit,Discretionary,532,good
769,2023-05-01,Credit,Salary,2065,good
769,2023-05-15,Debit,Discretionary,451,good
769,2023-05-31,Credit,Salary,1841,good
769,2023-06-21,Debit,Discretionary,450,good
770,2023-01-01,Credit,Salary,2143,good
770,2023-01-11,Debit,Discretionary,522,good
770,2023-01-31,Credit,Salary,2188,good
770,2023-02-13,Debit,Discretionary,516,good
770,2023-03-02,Credit,Salary,1927,good
770,2023-03-16,Debit,UPI_Lending_App,75,good
770,2023-03-19,Debit,Discretionary,465,good
770,2023-04-01,Credit,Salary,2076,good
770,2023-04-17,Debit,Discretionary,529,good
770,2023-05-01,Credit,Salary,2054,good
770,2023-05-05,Debit,UPI_Lending_App,99,good
770,2023-05-08,Debit,Discretionary,497,good
770,2023-05-31,Credit,Salary,2087,good
770,2023-06-17,Debit,Discretionary,540,good
771,2023-01-01,Credit,Salary,1948,bad
771,2023-01-19,Debit,Discretionary,504,bad
771,2023-01-22,Debit,UPI_Lending_App,364,bad
771,2023-01-31,Credit,Salary,2186,bad
771,2023-02-03,Debit,UPI_Lending_App,353,bad
771,2023-02-06,Debit,UPI_Lending_App,300,bad
771,2023-02-08,Debit,UPI_Lending_App,351,bad
771,2023-02-18,Debit,Discretionary,469,bad
771,2023-02-28,Debit,UPI_Lending_App,124,bad
771,2023-03-02,Credit,Salary,2013,bad
771,2023-03-07,Debit,UPI_Lending_App,153,bad
771,2023-03-11,Debit,UPI_Lending_App,310,bad
771,2023-03-11,Debit,Discretionary,494,bad
771,2023-03-12,Debit,UPI_Lending_App,301,bad
771,2023-04-01,Credit,Salary,2039,bad
771,2023-04-07,Debit,UPI_Lending_App,175,bad
771,2023-04-08,Debit,UPI_Lending_App,484,bad
771,2023-04-10,Debit,Discretionary,477,bad
771,2023-04-14,Debit,UPI_Lending_App,400,bad
771,2023-04-28,Debit,UPI_Lending_App,135,bad
771,2023-05-02,Debit,UPI_Lending_App,405,bad
771,2023-05-03,Debit,UPI_Lending_App,200,bad
771,2023-05-08,Credit,Salary,1938,bad
771,2023-05-23,Debit,UPI_Lending_App,438,bad
771,2023-05-23,Debit,Discretionary,128,bad
771,2023-05-29,Debit,UPI_Lending_App,128,bad
771,2023-06-01,Debit,UPI_Lending_App,131,bad
771,2023-06-03,Credit,Salary,2041,bad
771,2023-06-06,Debit,Discretionary,133,bad
771,2023-06-11,Debit,UPI_Lending_App,402,bad
771,2023-06-23,Debit,UPI_Lending_App,99,bad
772,2023-01-01,Credit,Salary,2027,good
772,2023-01-19,Debit,Discretionary,524,good
772,2023-01-31,Credit,Salary,1817,good
772,2023-02-23,Debit,Discretionary,521,good
772,2023-03-02,Credit,Salary,1837,good
772,2023-03-20,Debit,Discretionary,548,good
772,2023-04-01,Credit,Salary,1815,good
772,2023-04-21,Debit,Discretionary,505,good
772,2023-05-01,Credit,Salary,1848,good
772,2023-05-10,Debit,Discretionary,537,good
772,2023-05-31,Credit,Salary,1894,good
772,2023-06-17,Debit,Discretionary,459,good
772,2023-06-18,Debit,UPI_Lending_App,242,good
773,2023-01-01,Credit,Salary,2153,good
773,2023-01-09,Debit,Discretionary,527,good
773,2023-01-31,Credit,Salary,1932,good
773,2023-02-11,Debit,Discretionary,494,good
773,2023-03-02,Credit,Salary,2176,good
773,2023-03-24,Debit,Discretionary,497,good
773,2023-04-01,Credit,Salary,1892,good
773,2023-04-23,Debit,Discretionary,517,good
773,2023-05-01,Credit,Salary,2130,good
773,2023-05-25,Debit,Discretionary,484,good
773,2023-05-31,Credit,Salary,2116,good
773,2023-06-08,Debit,Discretionary,531,good
774,2023-01-01,Credit,Salary,2118,good
774,2023-01-08,Debit,Discretionary,523,good
774,2023-01-31,Credit,Salary,1949,good
774,2023-02-06,Debit,Discretionary,496,good
774,2023-03-02,Credit,Salary,2200,good
774,2023-03-19,Debit,UPI_Lending_App,222,good
774,2023-03-27,Debit,Discretionary,497,good
774,2023-04-01,Credit,Salary,2127,good
774,2023-04-26,Debit,Discretionary,531,good
774,2023-05-01,Credit,Salary,1859,good
774,2023-05-20,Debit,Discretionary,549,good
774,2023-05-31,Credit,Salary,1811,good
774,2023-06-13,Debit,Discretionary,546,good
775,2023-01-01,Credit,Salary,1948,bad
775,2023-01-04,Debit,UPI_Lending_App,450,bad
775,2023-01-11,Debit,Discretionary,483,bad
775,2023-01-31,Credit,Salary,2075,bad
775,2023-02-05,Debit,UPI_Lending_App,94,bad
775,2023-02-07,Debit,UPI_Lending_App,215,bad
775,2023-02-10,Debit,Discretionary,474,bad
775,2023-02-13,Debit,UPI_Lending_App,155,bad
775,2023-02-26,Debit,UPI_Lending_App,129,bad
775,2023-03-02,Credit,Salary,1964,bad
775,2023-03-07,Debit,UPI_Lending_App,131,bad
775,2023-03-26,Debit,Discretionary,452,bad
775,2023-03-30,Debit,UPI_Lending_App,398,bad
775,2023-04-01,Credit,Salary,1924,bad
775,2023-04-11,Debit,Discretionary,455,bad
775,2023-04-13,Debit,UPI_Lending_App,473,bad
775,2023-04-24,Debit,UPI_Lending_App,360,bad
775,2023-04-28,Debit,UPI_Lending_App,428,bad
775,2023-04-28,Debit,UPI_Lending_App,496,bad
775,2023-05-08,Credit,Salary,2194,bad
775,2023-05-12,Debit,UPI_Lending_App,279,bad
775,2023-05-12,Debit,Discretionary,78,bad
775,2023-05-29,Debit,UPI_Lending_App,123,bad
775,2023-06-03,Debit,UPI_Lending_App,55,bad
775,2023-06-07,Credit,Salary,2009,bad
775,2023-06-17,Debit,Discretionary,136,bad
775,2023-06-18,Debit,UPI_Lending_App,331,bad
775,2023-06-18,Debit,UPI_Lending_App,214,bad
775,2023-06-19,Debit,UPI_Lending_App,164,bad
776,2023-01-01,Credit,Salary,2030,good
776,2023-01-09,Debit,Discretionary,504,good
776,2023-01-31,Credit,Salary,1803,good
776,2023-02-20,Debit,Discretionary,542,good
776,2023-03-02,Credit,Salary,2142,good
776,2023-03-08,Debit,Discretionary,472,good
776,2023-04-01,Credit,Salary,2170,good
776,2023-04-25,Debit,Discretionary,506,good
776,2023-05-01,Credit,Salary,2136,good
776,2023-05-09,Debit,Discretionary,500,good
776,2023-05-31,Credit,Salary,2079,good
776,2023-06-03,Debit,UPI_Lending_App,494,good
776,2023-06-25,Debit,Discretionary,521,good
777,2023-01-01,Credit,Salary,2184,good
777,2023-01-08,Debit,Discretionary,514,good
777,2023-01-31,Credit,Salary,1874,good
777,2023-02-21,Debit,Discretionary,545,good
777,2023-03-02,Credit,Salary,1921,good
777,2023-03-09,Debit,Discretionary,537,good
777,2023-04-01,Credit,Salary,1922,good
777,2023-04-23,Debit,Discretionary,479,good
777,2023-05-01,Credit,Salary,2032,good
777,2023-05-22,Debit,Discretionary,511,good
777,2023-05-31,Credit,Salary,2054,good
777,2023-06-14,Debit,Discretionary,520,good
778,2023-01-01,Credit,Salary,2007,good
778,2023-01-09,Debit,Discretionary,510,good
778,2023-01-31,Credit,Salary,2091,good
778,2023-02-21,Debit,Discretionary,520,good
778,2023-03-02,Credit,Salary,1972,good
778,2023-03-23,Debit,Discretionary,485,good
778,2023-04-01,Credit,Salary,1995,good
778,2023-04-24,Debit,Discretionary,463,good
778,2023-05-01,Credit,Salary,2168,good
778,2023-05-13,Debit,Discretionary,539,good
778,2023-05-31,Credit,Salary,1882,good
778,2023-06-05,Debit,Discretionary,522,good
779,2023-01-01,Credit,Salary,2188,good
779,2023-01-07,Debit,Discretionary,473,good
779,2023-01-31,Credit,Salary,1821,good
779,2023-02-12,Debit,Discretionary,484,good
779,2023-03-02,Credit,Salary,1948,good
779,2023-03-08,Debit,Discretionary,498,good
779,2023-04-01,Credit,Salary,2183,good
779,2023-04-22,Debit,Discretionary,539,good
779,2023-05-01,Credit,Salary,2042,good
779,2023-05-11,Debit,Discretionary,505,good
779,2023-05-31,Credit,Salary,1850,good
779,2023-06-20,Debit,Discretionary,540,good
780,2023-01-01,Credit,Salary,1893,bad
780,2023-01-09,Debit,UPI_Lending_App,497,bad
780,2023-01-15,Debit,UPI_Lending_App,88,bad
780,2023-01-22,Debit,Discretionary,453,bad
780,2023-01-23,Debit,UPI_Lending_App,70,bad
780,2023-01-31,Credit,Salary,1989,bad
780,2023-02-11,Debit,UPI_Lending_App,444,bad
780,2023-02-17,Debit,Discretionary,519,bad
780,2023-03-02,Credit,Salary,2104,bad
780,2023-03-15,Debit,UPI_Lending_App,105,bad
780,2023-03-17,Debit,UPI_Lending_App,333,bad
780,2023-03-18,Debit,UPI_Lending_App,291,bad
780,2023-03-22,Debit,UPI_Lending_App,375,bad
780,2023-03-22,Debit,UPI_Lending_App,66,bad
780,2023-03-23,Debit,Discretionary,492,bad
780,2023-04-01,Credit,Salary,1950,bad
780,2023-04-16,Debit,UPI_Lending_App,242,bad
780,2023-04-16,Debit,Discretionary,454,bad
780,2023-04-19,Debit,UPI_Lending_App,95,bad
780,2023-05-05,Credit,Salary,2091,bad
780,2023-05-13,Debit,UPI_Lending_App,111,bad
780,2023-05-18,Debit,UPI_Lending_App,72,bad
780,2023-05-20,Debit,Discretionary,76,bad
780,2023-05-22,Debit,UPI_Lending_App,51,bad
780,2023-05-31,Credit,Salary,1942,bad
780,2023-06-05,Debit,UPI_Lending_App,310,bad
780,2023-06-07,Debit,Discretionary,113,bad
780,2023-06-17,Debit,UPI_Lending_App,148,bad
780,2023-06-23,Debit,UPI_Lending_App,366,bad
780,2023-06-25,Debit,UPI_Lending_App,149,bad
781,2023-01-01,Credit,Salary,1821,good
781,2023-01-24,Debit,Discretionary,453,good
781,2023-01-31,Credit,Salary,1907,good
781,2023-02-07,Debit,Discretionary,453,good
781,2023-03-02,Credit,Salary,2127,good
781,2023-03-22,Debit,Discretionary,508,good
781,2023-04-01,Credit,Salary,2037,good
781,2023-04-16,Debit,Discretionary,523,good
781,2023-05-01,Credit,Salary,2066,good
781,2023-05-20,Debit,Discretionary,509,good
781,2023-05-31,Credit,Salary,2056,good
781,2023-06-14,Debit,Discretionary,466,good
782,2023-01-01,Credit,Salary,2054,good
782,2023-01-07,Debit,Discretionary,476,good
782,2023-01-31,Credit,Salary,1851,good
782,2023-02-09,Debit,Discretionary,452,good
782,2023-03-02,Credit,Salary,2171,good
782,2023-03-27,Debit,Discretionary,468,good
782,2023-04-01,Credit,Salary,1902,good
782,2023-04-16,Debit,Discretionary,494,good
782,2023-05-01,Credit,Salary,2110,good
782,2023-05-09,Debit,Discretionary,504,good
782,2023-05-31,Credit,Salary,1867,good
782,2023-06-16,Debit,Discretionary,528,good
783,2023-01-01,Credit,Salary,1811,bad
783,2023-01-07,Debit,UPI_Lending_App,183,bad
783,2023-01-15,Debit,UPI_Lending_App,121,bad
783,2023-01-19,Debit,UPI_Lending_App,88,bad
783,2023-01-21,Debit,UPI_Lending_App,418,bad
783,2023-01-23,Debit,Discretionary,459,bad
783,2023-01-31,Credit,Salary,1884,bad
783,2023-02-14,Debit,UPI_Lending_App,238,bad
783,2023-02-21,Debit,Discretionary,451,bad
783,2023-02-24,Debit,UPI_Lending_App,367,bad
783,2023-03-02,Credit,Salary,1828,bad
783,2023-03-07,Debit,Discretionary,457,bad
783,2023-03-08,Debit,UPI_Lending_App,345,bad
783,2023-03-10,Debit,UPI_Lending_App,212,bad
783,2023-03-17,Debit,UPI_Lending_App,413,bad
783,2023-03-18,Debit,UPI_Lending_App,418,bad
783,2023-04-01,Credit,Salary,2176,bad
783,2023-04-13,Debit,Discretionary,529,bad
783,2023-04-18,Debit,UPI_Lending_App,403,bad
783,2023-04-20,Debit,UPI_Lending_App,315,bad
783,2023-04-21,Debit,UPI_Lending_App,217,bad
783,2023-04-27,Debit,UPI_Lending_App,135,bad
783,2023-05-01,Credit,Salary,2175,bad
783,2023-05-03,Debit,UPI_Lending_App,409,bad
783,2023-05-24,Debit,Discretionary,135,bad
783,2023-05-26,Debit,UPI_Lending_App,360,bad
783,2023-06-05,Credit,Salary,2147,bad
783,2023-06-06,Debit,Discretionary,103,bad
783,2023-06-18,Debit,UPI_Lending_App,318,bad
783,2023-06-28,Debit,UPI_Lending_App,318,bad
784,2023-01-01,Credit,Salary,2185,good
784,2023-01-15,Debit,Discretionary,480,good
784,2023-01-17,Debit,UPI_Lending_App,313,good
784,2023-01-31,Credit,Salary,2038,good
784,2023-02-19,Debit,Discretionary,512,good
784,2023-03-02,Credit,Salary,1938,good
784,2023-03-21,Debit,Discretionary,511,good
784,2023-04-01,Credit,Salary,2010,good
784,2023-04-20,Debit,Discretionary,525,good
784,2023-05-01,Credit,Salary,1990,good
784,2023-05-11,Debit,UPI_Lending_App,415,good
784,2023-05-22,Debit,Discretionary,524,good
784,2023-05-31,Credit,Salary,2050,good
784,2023-06-24,Debit,Discretionary,544,good
785,2023-01-01,Credit,Salary,2031,good
785,2023-01-14,Debit,Discretionary,481,good
785,2023-01-31,Credit,Salary,1819,good
785,2023-02-19,Debit,Discretionary,516,good
785,2023-03-02,Credit,Salary,1920,good
785,2023-03-11,Debit,Discretionary,542,good
785,2023-04-01,Credit,Salary,1813,good
785,2023-04-16,Debit,Discretionary,525,good
785,2023-05-01,Credit,Salary,2154,good
785,2023-05-08,Debit,Discretionary,472,good
785,2023-05-26,Debit,UPI_Lending_App,163,good
785,2023-05-31,Credit,Salary,1819,good
785,2023-06-10,Debit,Discretionary,545,good
786,2023-01-01,Credit,Salary,1856,good
786,2023-01-17,Debit,Discretionary,511,good
786,2023-01-31,Credit,Salary,1809,good
786,2023-02-08,Debit,Discretionary,520,good
786,2023-03-02,Credit,Salary,1918,good
786,2023-03-08,Debit,Discretionary,542,good
786,2023-04-01,Credit,Salary,2176,good
786,2023-04-12,Debit,Discretionary,508,good
786,2023-05-01,Credit,Salary,2128,good
786,2023-05-16,Debit,Discretionary,460,good
786,2023-05-31,Credit,Salary,2025,good
786,2023-06-20,Debit,Discretionary,489,good
787,2023-01-01,Credit,Salary,2177,good
787,2023-01-20,Debit,UPI_Lending_App,406,good
787,2023-01-23,Debit,Discretionary,480,good
787,2023-01-31,Credit,Salary,2168,good
787,2023-02-11,Debit,Discretionary,469,good
787,2023-03-02,Credit,Salary,1912,good
787,2023-03-13,Debit,Discretionary,547,good
787,2023-04-01,Credit,Salary,1811,good
787,2023-04-12,Debit,Discretionary,527,good
787,2023-05-01,Credit,Salary,1808,good
787,2023-05-10,Debit,Discretionary,467,good
787,2023-05-31,Credit,Salary,1939,good
787,2023-06-05,Debit,Discretionary,544,good
788,2023-01-01,Credit,Salary,2019,bad
788,2023-01-11,Debit,UPI_Lending_App,432,bad
788,2023-01-13,Debit,UPI_Lending_App,498,bad
788,2023-01-19,Debit,Discretionary,466,bad
788,2023-01-20,Debit,UPI_Lending_App,129,bad
788,2023-01-21,Debit,UPI_Lending_App,470,bad
788,2023-01-22,Debit,UPI_Lending_App,497,bad
788,2023-01-31,Credit,Salary,2198,bad
788,2023-02-03,Debit,UPI_Lending_App,129,bad
788,2023-02-20,Debit,UPI_Lending_App,341,bad
788,2023-02-21,Debit,Discretionary,455,bad
788,2023-03-02,Credit,Salary,2094,bad
788,2023-03-15,Debit,Discretionary,522,bad
788,2023-03-28,Debit,UPI_Lending_App,191,bad
788,2023-04-01,Credit,Salary,1939,bad
788,2023-04-08,Debit,UPI_Lending_App,218,bad
788,2023-04-11,Debit,UPI_Lending_App,365,bad
788,2023-04-22,Debit,UPI_Lending_App,277,bad
788,2023-04-23,Debit,Discretionary,504,bad
788,2023-04-26,Debit,UPI_Lending_App,58,bad
788,2023-04-28,Debit,UPI_Lending_App,363,bad
788,2023-05-01,Credit,Salary,2161,bad
788,2023-05-12,Debit,UPI_Lending_App,475,bad
788,2023-05-26,Debit,Discretionary,133,bad
788,2023-06-05,Credit,Salary,2050,bad
788,2023-06-06,Debit,UPI_Lending_App,415,bad
788,2023-06-13,Debit,UPI_Lending_App,121,bad
788,2023-06-21,Debit,UPI_Lending_App,247,bad
788,2023-06-24,Debit,UPI_Lending_App,317,bad
788,2023-06-25,Debit,UPI_Lending_App,394,bad
788,2023-06-25,Debit,Discretionary,57,bad
789,2023-01-01,Credit,Salary,1977,bad
789,2023-01-07,Debit,UPI_Lending_App,218,bad
789,2023-01-20,Debit,UPI_Lending_App,50,bad
789,2023-01-23,Debit,UPI_Lending_App,191,bad
789,2023-01-26,Debit,Discretionary,533,bad
789,2023-01-31,Credit,Salary,2156,bad
789,2023-02-02,Debit,UPI_Lending_App,56,bad
789,2023-02-04,Debit,UPI_Lending_App,189,bad
789,2023-02-23,Debit,UPI_Lending_App,259,bad
789,2023-02-24,Debit,Discretionary,550,bad
789,2023-02-26,Debit,UPI_Lending_App,498,bad
789,2023-03-02,Credit,Salary,1916,bad
789,2023-03-04,Debit,UPI_Lending_App,430,bad
789,2023-03-12,Debit,UPI_Lending_App,466,bad
789,2023-03-16,Debit,UPI_Lending_App,472,bad
789,2023-03-17,Debit,UPI_Lending_App,453,bad
789,2023-03-23,Debit,Discretionary,455,bad
789,2023-03-25,Debit,UPI_Lending_App,244,bad
789,2023-04-01,Credit,Salary,2035,bad
789,2023-04-13,Debit,UPI_Lending_App,455,bad
789,2023-04-24,Debit,Discretionary,482,bad
789,2023-05-01,Credit,Salary,2083,bad
789,2023-05-12,Debit,UPI_Lending_App,91,bad
789,2023-05-12,Debit,UPI_Lending_App,105,bad
789,2023-05-14,Debit,UPI_Lending_App,328,bad
789,2023-05-16,Debit,Discretionary,80,bad
789,2023-05-21,Debit,UPI_Lending_App,64,bad
789,2023-05-29,Debit,UPI_Lending_App,393,bad
789,2023-05-31,Credit,Salary,2034,bad
789,2023-06-02,Debit,UPI_Lending_App,237,bad
789,2023-06-12,Debit,UPI_Lending_App,293,bad
789,2023-06-23,Debit,Discretionary,127,bad
790,2023-01-01,Credit,Salary,1895,bad
790,2023-01-08,Debit,UPI_Lending_App,453,bad
790,2023-01-09,Debit,UPI_Lending_App,78,bad
790,2023-01-13,Debit,Discretionary,474,bad
790,2023-01-23,Debit,UPI_Lending_App,103,bad
790,2023-01-31,Credit,Salary,1880,bad
790,2023-02-23,Debit,Discretionary,493,bad
790,2023-02-25,Debit,UPI_Lending_App,495,bad
790,2023-03-02,Credit,Salary,2198,bad
790,2023-03-04,Debit,UPI_Lending_App,351,bad
790,2023-03-09,Debit,UPI_Lending_App,143,bad
790,2023-03-11,Debit,UPI_Lending_App,455,bad
790,2023-03-19,Debit,Discretionary,475,bad
790,2023-03-26,Debit,UPI_Lending_App,142,bad
790,2023-03-27,Debit,UPI_Lending_App,484,bad
790,2023-04-01,Credit,Salary,1908,bad
790,2023-04-08,Debit,Discretionary,544,bad
790,2023-04-12,Debit,UPI_Lending_App,106,bad
790,2023-04-18,Debit,UPI_Lending_App,381,bad
790,2023-04-18,Debit,UPI_Lending_App,185,bad
790,2023-04-23,Debit,UPI_Lending_App,119,bad
790,2023-04-25,Debit,UPI_Lending_App,130,bad
790,2023-05-07,Credit,Salary,1820,bad
790,2023-05-13,Debit,Discretionary,50,bad
790,2023-05-26,Debit,UPI_Lending_App,344,bad
790,2023-05-31,Credit,Salary,2046,bad
790,2023-06-08,Debit,Discretionary,70,bad
790,2023-06-21,Debit,UPI_Lending_App,308,bad
790,2023-06-25,Debit,UPI_Lending_App,67,bad
791,2023-01-01,Credit,Salary,2029,good
791,2023-01-18,Debit,UPI_Lending_App,248,good
791,2023-01-26,Debit,Discretionary,550,good
791,2023-01-31,Credit,Salary,1842,good
791,2023-02-06,Debit,Discretionary,526,good
791,2023-02-21,Debit,UPI_Lending_App,338,good
791,2023-03-02,Credit,Salary,2064,good
791,2023-03-14,Debit,Discretionary,461,good
791,2023-04-01,Credit,Salary,1908,good
791,2023-04-06,Debit,Discretionary,517,good
791,2023-05-01,Credit,Salary,1959,good
791,2023-05-10,Debit,Discretionary,541,good
791,2023-05-31,Credit,Salary,2172,good
791,2023-06-07,Debit,Discretionary,519,good
792,2023-01-01,Credit,Salary,2031,good
792,2023-01-12,Debit,Discretionary,472,good
792,2023-01-31,Credit,Salary,2071,good
792,2023-02-23,Debit,Discretionary,480,good
792,2023-03-02,Credit,Salary,1992,good
792,2023-03-21,Debit,Discretionary,532,good
792,2023-04-01,Credit,Salary,1978,good
792,2023-04-21,Debit,Discretionary,459,good
792,2023-05-01,Credit,Salary,1918,good
792,2023-05-08,Debit,Discretionary,500,good
792,2023-05-17,Debit,UPI_Lending_App,220,good
792,2023-05-31,Credit,Salary,2005,good
792,2023-06-12,Debit,Discretionary,504,good
793,2023-01-01,Credit,Salary,2195,good
793,2023-01-22,Debit,Discretionary,474,good
793,2023-01-26,Debit,UPI_Lending_App,99,good
793,2023-01-31,Credit,Salary,1874,good
793,2023-02-19,Debit,Discretionary,464,good
793,2023-03-02,Credit,Salary,2072,good
793,2023-03-13,Debit,Discretionary,529,good
793,2023-04-01,Credit,Salary,1913,good
793,2023-04-19,Debit,Discretionary,538,good
793,2023-05-01,Credit,Salary,2107,good
793,2023-05-22,Debit,Discretionary,509,good
793,2023-05-31,Credit,Salary,2009,good
793,2023-06-17,Debit,Discretionary,507,good
794,2023-01-01,Credit,Salary,2001,good
794,2023-01-26,Debit,Discretionary,517,good
794,2023-01-31,Credit,Salary,2126,good
794,2023-02-12,Debit,Discretionary,512,good
794,2023-03-02,Credit,Salary,2174,good
794,2023-03-26,Debit,Discretionary,528,good
794,2023-04-01,Credit,Salary,1931,good
794,2023-04-14,Debit,Discretionary,502,good
794,2023-05-01,Credit,Salary,1995,good
794,2023-05-09,Debit,Discretionary,490,good
794,2023-05-31,Credit,Salary,2175,good
794,2023-06-21,Debit,Discretionary,542,good
795,2023-01-01,Credit,Salary,2062,good
795,2023-01-11,Debit,Discretionary,477,good
795,2023-01-31,Credit,Salary,2120,good
795,2023-02-11,Debit,Discretionary,507,good
795,2023-03-02,Credit,Salary,1906,good
795,2023-03-07,Debit,Discretionary,480,good
795,2023-04-01,Credit,Salary,2148,good
795,2023-04-25,Debit,Discretionary,529,good
795,2023-05-01,Credit,Salary,1888,good
795,2023-05-15,Debit,Discretionary,533,good
795,2023-05-31,Credit,Salary,1927,good
795,2023-06-14,Debit,Discretionary,460,good
796,2023-01-01,Credit,Salary,1856,bad
796,2023-01-02,Debit,UPI_Lending_App,380,bad
796,2023-01-05,Debit,UPI_Lending_App,318,bad
796,2023-01-15,Debit,Discretionary,455,bad
796,2023-01-21,Debit,UPI_Lending_App,94,bad
796,2023-01-27,Debit,UPI_Lending_App,210,bad
796,2023-01-28,Debit,UPI_Lending_App,110,bad
796,2023-01-31,Credit,Salary,1937,bad
796,2023-02-12,Debit,UPI_Lending_App,116,bad
796,2023-02-17,Debit,Discretionary,470,bad
796,2023-02-26,Debit,UPI_Lending_App,169,bad
796,2023-03-02,Credit,Salary,1983,bad
796,2023-03-15,Debit,UPI_Lending_App,462,bad
796,2023-03-22,Debit,UPI_Lending_App,245,bad
796,2023-03-22,Debit,UPI_Lending_App,327,bad
796,2023-03-26,Debit,Discretionary,521,bad
796,2023-03-27,Debit,UPI_Lending_App,263,bad
796,2023-03-30,Debit,UPI_Lending_App,474,bad
796,2023-04-01,Credit,Salary,1967,bad
796,2023-04-02,Debit,UPI_Lending_App,460,bad
796,2023-04-20,Debit,Discretionary,472,bad
796,2023-04-22,Debit,UPI_Lending_App,89,bad
796,2023-05-01,Credit,Salary,2048,bad
796,2023-05-17,Debit,UPI_Lending_App,168,bad
796,2023-05-18,Debit,Discretionary,60,bad
796,2023-06-07,Credit,Salary,1807,bad
796,2023-06-08,Debit,Discretionary,82,bad
796,2023-06-09,Debit,UPI_Lending_App,101,bad
796,2023-06-16,Debit,UPI_Lending_App,198,bad
797,2023-01-01,Credit,Salary,2044,good
797,2023-01-16,Debit,Discretionary,462,good
797,2023-01-31,Credit,Salary,2174,good
797,2023-02-15,Debit,Discretionary,545,good
797,2023-03-02,Credit,Salary,1894,good
797,2023-03-25,Debit,Discretionary,458,good
797,2023-04-01,Credit,Salary,1994,good
797,2023-04-19,Debit,Discretionary,526,good
797,2023-05-01,Credit,Salary,2013,good
797,2023-05-22,Debit,Discretionary,452,good
797,2023-05-31,Credit,Salary,2138,good
797,2023-06-21,Debit,Discretionary,529,good
798,2023-01-01,Credit,Salary,2058,good
798,2023-01-20,Debit,Discretionary,465,good
798,2023-01-31,Credit,Salary,2084,good
798,2023-02-14,Debit,Discretionary,506,good
798,2023-03-02,Credit,Salary,2050,good
798,2023-03-27,Debit,Discretionary,464,good
798,2023-04-01,Credit,Salary,1865,good
798,2023-04-14,Debit,Discretionary,504,good
798,2023-05-01,Credit,Salary,2103,good
798,2023-05-10,Debit,Discretionary,527,good
798,2023-05-31,Credit,Salary,2058,good
798,2023-06-21,Debit,Discretionary,521,good
799,2023-01-01,Credit,Salary,2047,good
799,2023-01-24,Debit,Discretionary,505,good
799,2023-01-31,Credit,Salary,1964,good
799,2023-02-05,Debit,Discretionary,535,good
799,2023-03-02,Credit,Salary,2066,good
799,2023-03-09,Debit,Discretionary,511,good
799,2023-04-01,Credit,Salary,2032,good
799,2023-04-23,Debit,Discretionary,462,good
799,2023-05-01,Credit,Salary,2099,good
799,2023-05-18,Debit,Discretionary,542,good
799,2023-05-31,Credit,Salary,2143,good
799,2023-06-06,Debit,Discretionary,527,good
800,2023-01-01,Credit,Salary,1931,good
800,2023-01-18,Debit,Discretionary,516,good
800,2023-01-31,Credit,Salary,1914,good
800,2023-02-20,Debit,Discretionary,509,good
800,2023-03-02,Credit,Salary,2151,good
800,2023-03-16,Debit,Discretionary,470,good
800,2023-04-01,Credit,Salary,1856,good
800,2023-04-07,Debit,Discretionary,458,good
800,2023-05-01,Credit,Salary,2155,good
800,2023-05-21,Debit,Discretionary,486,good
800,2023-05-31,Credit,Salary,1963,good
800,2023-06-20,Debit,Discretionary,544,good
801,2023-01-01,Credit,Salary,2077,good
801,2023-01-25,Debit,Discretionary,493,good
801,2023-01-31,Credit,Salary,2168,good
801,2023-02-24,Debit,Discretionary,500,good
801,2023-03-02,Credit,Salary,2016,good
801,2023-03-11,Debit,Discretionary,467,good
801,2023-04-01,Credit,Salary,2073,good
801,2023-04-12,Debit,Discretionary,499,good
801,2023-05-01,Credit,Salary,2142,good
801,2023-05-13,Debit,Discretionary,475,good
801,2023-05-31,Credit,Salary,1950,good
801,2023-06-23,Debit,Discretionary,486,good
802,2023-01-01,Credit,Salary,2096,good
802,2023-01-13,Debit,Discretionary,474,good
802,2023-01-31,Credit,Salary,2076,good
802,2023-02-18,Debit,Discretionary,549,good
802,2023-03-02,Credit,Salary,2002,good
802,2023-03-18,Debit,Discretionary,536,good
802,2023-04-01,Credit,Salary,2061,good
802,2023-04-23,Debit,Discretionary,526,good
802,2023-05-01,Credit,Salary,1980,good
802,2023-05-10,Debit,Discretionary,482,good
802,2023-05-31,Credit,Salary,2053,good
802,2023-06-11,Debit,Discretionary,522,good
803,2023-01-01,Credit,Salary,2121,good
803,2023-01-20,Debit,Discretionary,459,good
803,2023-01-22,Debit,UPI_Lending_App,298,good
803,2023-01-31,Credit,Salary,1857,good
803,2023-02-13,Debit,Discretionary,501,good
803,2023-03-02,Credit,Salary,1854,good
803,2023-03-23,Debit,Discretionary,457,good
803,2023-04-01,Credit,Salary,1865,good
803,2023-04-09,Debit,Discretionary,536,good
803,2023-05-01,Credit,Salary,1875,good
803,2023-05-09,Debit,Discretionary,469,good
803,2023-05-10,Debit,UPI_Lending_App,226,good
803,2023-05-31,Credit,Salary,2107,good
803,2023-06-20,Debit,Discretionary,463,good
804,2023-01-01,Credit,Salary,1928,good
804,2023-01-12,Debit,Discretionary,518,good
804,2023-01-31,Credit,Salary,1882,good
804,2023-02-21,Debit,Discretionary,473,good
804,2023-03-02,Credit,Salary,1915,good
804,2023-03-21,Debit,Discretionary,541,good
804,2023-04-01,Credit,Salary,1929,good
804,2023-04-08,Debit,Discretionary,530,good
804,2023-05-01,Credit,Salary,2194,good
804,2023-05-19,Debit,Discretionary,533,good
804,2023-05-31,Credit,Salary,2172,good
804,2023-06-22,Debit,Discretionary,452,good
805,2023-01-01,Credit,Salary,2080,bad
805,2023-01-09,Debit,UPI_Lending_App,50,bad
805,2023-01-23,Debit,UPI_Lending_App,306,bad
805,2023-01-23,Debit,Discretionary,453,bad
805,2023-01-29,Debit,UPI_Lending_App,168,bad
805,2023-01-31,Credit,Salary,1865,bad
805,2023-02-02,Debit,UPI_Lending_App,492,bad
805,2023-02-04,Debit,UPI_Lending_App,206,bad
805,2023-02-07,Debit,UPI_Lending_App,277,bad
805,2023-02-08,Debit,UPI_Lending_App,393,bad
805,2023-02-08,Debit,Discretionary,487,bad
805,2023-02-11,Debit,UPI_Lending_App,86,bad
805,2023-03-02,Credit,Salary,1967,bad
805,2023-03-04,Debit,UPI_Lending_App,69,bad
805,2023-03-06,Debit,UPI_Lending_App,357,bad
805,2023-03-15,Debit,UPI_Lending_App,56,bad
805,2023-03-18,Debit,UPI_Lending_App,314,bad
805,2023-03-23,Debit,Discretionary,489,bad
805,2023-04-01,Credit,Salary,1945,bad
805,2023-04-04,Debit,UPI_Lending_App,421,bad
805,2023-04-11,Debit,UPI_Lending_App,91,bad
805,2023-04-21,Debit,Discretionary,525,bad
805,2023-04-22,Debit,UPI_Lending_App,54,bad
805,2023-04-28,Debit,UPI_Lending_App,223,bad
805,2023-05-05,Debit,UPI_Lending_App,239,bad
805,2023-05-06,Credit,Salary,2167,bad
805,2023-05-15,Debit,UPI_Lending_App,227,bad
805,2023-05-21,Debit,Discretionary,128,bad
805,2023-05-31,Credit,Salary,1880,bad
805,2023-06-06,Debit,UPI_Lending_App,194,bad
805,2023-06-14,Debit,UPI_Lending_App,241,bad
805,2023-06-22,Debit,Discretionary,67,bad
806,2023-01-01,Credit,Salary,1801,good
806,2023-01-24,Debit,Discretionary,462,good
806,2023-01-31,Credit,Salary,2147,good
806,2023-02-18,Debit,Discretionary,540,good
806,2023-03-02,Credit,Salary,2191,good
806,2023-03-18,Debit,Discretionary,549,good
806,2023-04-01,Credit,Salary,2152,good
806,2023-04-18,Debit,Discretionary,501,good
806,2023-05-01,Credit,Salary,2039,good
806,2023-05-23,Debit,Discretionary,550,good
806,2023-05-31,Credit,Salary,1975,good
806,2023-06-05,Debit,Discretionary,488,good
807,2023-01-01,Credit,Salary,2064,good
807,2023-01-10,Debit,Discretionary,541,good
807,2023-01-31,Credit,Salary,2179,good
807,2023-02-12,Debit,Discretionary,503,good
807,2023-03-02,Credit,Salary,1976,good
807,2023-03-23,Debit,Discretionary,531,good
807,2023-04-01,Credit,Salary,1952,good
807,2023-04-13,Debit,Discretionary,477,good
807,2023-05-01,Credit,Salary,1962,good
807,2023-05-08,Debit,Discretionary,469,good
807,2023-05-16,Debit,UPI_Lending_App,162,good
807,2023-05-31,Credit,Salary,1944,good
807,2023-06-16,Debit,Discretionary,540,good
807,2023-06-19,Debit,UPI_Lending_App,455,good
808,2023-01-01,Credit,Salary,2125,good
808,2023-01-26,Debit,Discretionary,495,good
808,2023-01-31,Credit,Salary,2107,good
808,2023-02-05,Debit,Discretionary,508,good
808,2023-03-02,Credit,Salary,1967,good
808,2023-03-05,Debit,UPI_Lending_App,163,good
808,2023-03-19,Debit,Discretionary,500,good
808,2023-04-01,Credit,Salary,1880,good
808,2023-04-12,Debit,Discretionary,453,good
808,2023-05-01,Credit,Salary,1816,good
808,2023-05-21,Debit,Discretionary,500,good
808,2023-05-31,Credit,Salary,2095,good
808,2023-06-06,Debit,Discretionary,460,good
809,2023-01-01,Credit,Salary,1981,bad
809,2023-01-09,Debit,UPI_Lending_App,228,bad
809,2023-01-11,Debit,UPI_Lending_App,409,bad
809,2023-01-14,Debit,UPI_Lending_App,236,bad
809,2023-01-16,Debit,Discretionary,503,bad
809,2023-01-19,Debit,UPI_Lending_App,407,bad
809,2023-01-31,Credit,Salary,1905,bad
809,2023-02-06,Debit,Discretionary,453,bad
809,2023-02-08,Debit,UPI_Lending_App,496,bad
809,2023-02-19,Debit,UPI_Lending_App,483,bad
809,2023-03-02,Credit,Salary,1948,bad
809,2023-03-03,Debit,UPI_Lending_App,382,bad
809,2023-03-04,Debit,UPI_Lending_App,454,bad
809,2023-03-12,Debit,Discretionary,496,bad
809,2023-03-21,Debit,UPI_Lending_App,382,bad
809,2023-03-27,Debit,UPI_Lending_App,168,bad
809,2023-03-27,Debit,UPI_Lending_App,278,bad
809,2023-04-01,Credit,Salary,1943,bad
809,2023-04-07,Debit,UPI_Lending_App,202,bad
809,2023-04-12,Debit,UPI_Lending_App,328,bad
809,2023-04-15,Debit,UPI_Lending_App,420,bad
809,2023-04-20,Debit,UPI_Lending_App,300,bad
809,2023-04-25,Debit,Discretionary,472,bad
809,2023-05-01,Credit,Salary,1817,bad
809,2023-05-12,Debit,UPI_Lending_App,264,bad
809,2023-05-22,Debit,UPI_Lending_App,365,bad
809,2023-05-23,Debit,Discretionary,63,bad
809,2023-05-31,Credit,Salary,2028,bad
809,2023-06-03,Debit,UPI_Lending_App,277,bad
809,2023-06-11,Debit,Discretionary,149,bad
809,2023-06-13,Debit,UPI_Lending_App,448,bad
810,2023-01-01,Credit,Salary,2126,good
810,2023-01-13,Debit,Discretionary,470,good
810,2023-01-31,Credit,Salary,2019,good
810,2023-02-16,Debit,Discretionary,540,good
810,2023-03-02,Credit,Salary,2171,good
810,2023-03-26,Debit,Discretionary,515,good
810,2023-04-01,Credit,Salary,2014,good
810,2023-04-23,Debit,Discretionary,457,good
810,2023-05-01,Credit,Salary,1963,good
810,2023-05-13,Debit,Discretionary,461,good
810,2023-05-31,Credit,Salary,2091,good
810,2023-06-22,Debit,Discretionary,495,good
811,2023-01-01,Credit,Salary,2044,good
811,2023-01-12,Debit,UPI_Lending_App,101,good
811,2023-01-14,Debit,Discretionary,524,good
811,2023-01-31,Credit,Salary,2179,good
811,2023-02-13,Debit,Discretionary,497,good
811,2023-03-02,Credit,Salary,2089,good
811,2023-03-23,Debit,Discretionary,540,good
811,2023-04-01,Credit,Salary,1831,good
811,2023-04-23,Debit,Discretionary,493,good
811,2023-05-01,Credit,Salary,1913,good
811,2023-05-14,Debit,Discretionary,452,good
811,2023-05-31,Credit,Salary,1983,good
811,2023-06-05,Debit,Discretionary,488,good
812,2023-01-01,Credit,Salary,1848,bad
812,2023-01-02,Debit,UPI_Lending_App,417,bad
812,2023-01-07,Debit,Discretionary,528,bad
812,2023-01-13,Debit,UPI_Lending_App,201,bad
812,2023-01-18,Debit,UPI_Lending_App,472,bad
812,2023-01-19,Debit,UPI_Lending_App,103,bad
812,2023-01-31,Credit,Salary,1983,bad
812,2023-02-03,Debit,UPI_Lending_App,217,bad
812,2023-02-13,Debit,UPI_Lending_App,168,bad
812,2023-02-16,Debit,Discretionary,522,bad
812,2023-02-18,Debit,UPI_Lending_App,306,bad
812,2023-02-22,Debit,UPI_Lending_App,254,bad
812,2023-02-28,Debit,UPI_Lending_App,185,bad
812,2023-03-02,Credit,Salary,2049,bad
812,2023-03-04,Debit,UPI_Lending_App,78,bad
812,2023-03-11,Debit,UPI_Lending_App,53,bad
812,2023-03-16,Debit,Discretionary,540,bad
812,2023-03-21,Debit,UPI_Lending_App,144,bad
812,2023-03-28,Debit,UPI_Lending_App,295,bad
812,2023-04-01,Credit,Salary,2036,bad
812,2023-04-06,Debit,UPI_Lending_App,338,bad
812,2023-04-11,Debit,UPI_Lending_App,133,bad
812,2023-04-21,Debit,UPI_Lending_App,417,bad
812,2023-04-24,Debit,Discretionary,522,bad
812,2023-05-01,Credit,Salary,1805,bad
812,2023-05-06,Debit,Discretionary,139,bad
812,2023-05-08,Debit,UPI_Lending_App,266,bad
812,2023-05-21,Debit,UPI_Lending_App,172,bad
812,2023-05-23,Debit,UPI_Lending_App,299,bad
812,2023-05-25,Debit,UPI_Lending_App,285,bad
812,2023-06-05,Credit,Salary,2026,bad
812,2023-06-11,Debit,UPI_Lending_App,310,bad
812,2023-06-16,Debit,Discretionary,136,bad
813,2023-01-01,Credit,Salary,2073,bad
813,2023-01-02,Debit,UPI_Lending_App,62,bad
813,2023-01-04,Debit,UPI_Lending_App,340,bad
813,2023-01-06,Debit,Discretionary,550,bad
813,2023-01-12,Debit,UPI_Lending_App,151,bad
813,2023-01-29,Debit,UPI_Lending_App,329,bad
813,2023-01-29,Debit,UPI_Lending_App,132,bad
813,2023-01-31,Credit,Salary,2031,bad
813,2023-02-05,Debit,UPI_Lending_App,225,bad
813,2023-02-11,Debit,UPI_Lending_App,496,bad
813,2023-02-13,Debit,UPI_Lending_App,441,bad
813,2023-02-17,Debit,UPI_Lending_App,391,bad
813,2023-02-25,Debit,Discretionary,461,bad
813,2023-03-02,Credit,Salary,2013,bad
813,2023-03-23,Debit,UPI_Lending_App,179,bad
813,2023-03-23,Debit,Discretionary,545,bad
813,2023-03-25,Debit,UPI_Lending_App,131,bad
813,2023-04-01,Credit,Salary,2101,bad
813,2023-04-06,Debit,UPI_Lending_App,65,bad
813,2023-04-08,Debit,UPI_Lending_App,313,bad
813,2023-04-11,Debit,UPI_Lending_App,353,bad
813,2023-04-21,Debit,Discretionary,490,bad
813,2023-04-28,Debit,UPI_Lending_App,381,bad
813,2023-05-01,Credit,Salary,2080,bad
813,2023-05-10,Debit,Discretionary,86,bad
813,2023-05-12,Debit,UPI_Lending_App,474,bad
813,2023-05-12,Debit,UPI_Lending_App,298,bad
813,2023-05-24,Debit,UPI_Lending_App,320,bad
813,2023-05-31,Credit,Salary,2113,bad
813,2023-06-04,Debit,UPI_Lending_App,462,bad
813,2023-06-11,Debit,Discretionary,54,bad
814,2023-01-01,Credit,Salary,2200,bad
814,2023-01-08,Debit,Discretionary,462,bad
814,2023-01-16,Debit,UPI_Lending_App,174,bad
814,2023-01-19,Debit,UPI_Lending_App,88,bad
814,2023-01-25,Debit,UPI_Lending_App,151,bad
814,2023-01-31,Credit,Salary,1896,bad
814,2023-02-05,Debit,UPI_Lending_App,70,bad
814,2023-02-05,Debit,UPI_Lending_App,54,bad
814,2023-02-15,Debit,UPI_Lending_App,150,bad
814,2023-02-23,Debit,Discretionary,543,bad
814,2023-03-02,Credit,Salary,2157,bad
814,2023-03-07,Debit,UPI_Lending_App,375,bad
814,2023-03-08,Debit,UPI_Lending_App,375,bad
814,2023-03-10,Debit,UPI_Lending_App,91,bad
814,2023-03-13,Debit,UPI_Lending_App,164,bad
814,2023-03-24,Debit,UPI_Lending_App,143,bad
814,2023-03-24,Debit,Discretionary,473,bad
814,2023-04-01,Credit,Salary,1982,bad
814,2023-04-08,Debit,UPI_Lending_App,244,bad
814,2023-04-20,Debit,UPI_Lending_App,192,bad
814,2023-04-22,Debit,UPI_Lending_App,146,bad
814,2023-04-26,Debit,Discretionary,546,bad
814,2023-05-01,Credit,Salary,1819,bad
814,2023-05-03,Debit,UPI_Lending_App,189,bad
814,2023-05-18,Debit,UPI_Lending_App,400,bad
814,2023-05-18,Debit,Discretionary,92,bad
814,2023-05-20,Debit,UPI_Lending_App,488,bad
814,2023-05-21,Debit,UPI_Lending_App,340,bad
814,2023-05-31,Credit,Salary,1948,bad
814,2023-06-01,Debit,UPI_Lending_App,93,bad
814,2023-06-06,Debit,Discretionary,63,bad
814,2023-06-10,Debit,UPI_Lending_App,92,bad
814,2023-06-13,Debit,UPI_Lending_App,149,bad
815,2023-01-01,Credit,Salary,2066,good
815,2023-01-11,Debit,Discretionary,467,good
815,2023-01-31,Credit,Salary,1937,good
815,2023-02-08,Debit,Discretionary,474,good
815,2023-03-02,Credit,Salary,2170,good
815,2023-03-20,Debit,Discretionary,522,good
815,2023-04-01,Credit,Salary,1997,good
815,2023-04-14,Debit,Discretionary,482,good
815,2023-05-01,Credit,Salary,1903,good
815,2023-05-24,Debit,Discretionary,535,good
815,2023-05-31,Credit,Salary,1844,good
815,2023-06-18,Debit,Discretionary,493,good
816,2023-01-01,Credit,Salary,2049,good
816,2023-01-15,Debit,Discretionary,464,good
816,2023-01-31,Credit,Salary,1831,good
816,2023-02-15,Debit,Discretionary,476,good
816,2023-03-02,Credit,Salary,2083,good
816,2023-03-24,Debit,Discretionary,505,good
816,2023-04-01,Credit,Salary,2182,good
816,2023-04-23,Debit,Discretionary,527,good
816,2023-05-01,Credit,Salary,1891,good
816,2023-05-23,Debit,Discretionary,502,good
816,2023-05-31,Credit,Salary,1868,good
816,2023-06-12,Debit,UPI_Lending_App,335,good
816,2023-06-19,Debit,Discretionary,544,good
817,2023-01-01,Credit,Salary,2162,good
817,2023-01-06,Debit,Discretionary,463,good
817,2023-01-31,Credit,Salary,2085,good
817,2023-02-17,Debit,Discretionary,506,good
817,2023-03-02,Credit,Salary,2068,good
817,2023-03-19,Debit,Discretionary,534,good
817,2023-04-01,Credit,Salary,2081,good
817,2023-04-24,Debit,Discretionary,529,good
817,2023-05-01,Credit,Salary,2141,good
817,2023-05-11,Debit,Discretionary,548,good
817,2023-05-31,Credit,Salary,1848,good
817,2023-06-15,Debit,Discretionary,472,good
818,2023-01-01,Credit,Salary,1941,good
818,2023-01-10,Debit,Discretionary,488,good
818,2023-01-31,Credit,Salary,2054,good
818,2023-02-17,Debit,Discretionary,525,good
818,2023-03-02,Credit,Salary,2036,good
818,2023-03-09,Debit,Discretionary,453,good
818,2023-04-01,Credit,Salary,2038,good
818,2023-04-09,Debit,Discretionary,463,good
818,2023-05-01,Credit,Salary,2051,good
818,2023-05-11,Debit,Discretionary,537,good
818,2023-05-31,Credit,Salary,2068,good
818,2023-06-10,Debit,Discretionary,473,good
819,2023-01-01,Credit,Salary,2122,bad
819,2023-01-21,Debit,UPI_Lending_App,62,bad
819,2023-01-26,Debit,Discretionary,491,bad
819,2023-01-31,Credit,Salary,1827,bad
819,2023-02-04,Debit,UPI_Lending_App,295,bad
819,2023-02-15,Debit,Discretionary,467,bad
819,2023-03-02,Credit,Salary,1909,bad
819,2023-03-11,Debit,UPI_Lending_App,100,bad
819,2023-03-17,Debit,UPI_Lending_App,385,bad
819,2023-03-27,Debit,Discretionary,525,bad
819,2023-04-01,Credit,Salary,1951,bad
819,2023-04-11,Debit,UPI_Lending_App,239,bad
819,2023-04-15,Debit,UPI_Lending_App,351,bad
819,2023-04-15,Debit,UPI_Lending_App,449,bad
819,2023-04-20,Debit,Discretionary,457,bad
819,2023-05-02,Debit,UPI_Lending_App,457,bad
819,2023-05-05,Debit,UPI_Lending_App,425,bad
819,2023-05-06,Debit,UPI_Lending_App,299,bad
819,2023-05-07,Credit,Salary,1943,bad
819,2023-05-08,Debit,Discretionary,133,bad
819,2023-05-29,Debit,UPI_Lending_App,306,bad
819,2023-05-29,Debit,UPI_Lending_App,289,bad
819,2023-06-07,Credit,Salary,2164,bad
819,2023-06-11,Debit,Discretionary,149,bad
819,2023-06-14,Debit,UPI_Lending_App,293,bad
819,2023-06-16,Debit,UPI_Lending_App,58,bad
819,2023-06-20,Debit,UPI_Lending_App,477,bad
819,2023-06-24,Debit,UPI_Lending_App,448,bad
820,2023-01-01,Credit,Salary,1951,good
820,2023-01-06,Debit,Discretionary,513,good
820,2023-01-31,Credit,Salary,1843,good
820,2023-02-18,Debit,Discretionary,534,good
820,2023-03-02,Credit,Salary,2135,good
820,2023-03-21,Debit,Discretionary,533,good
820,2023-04-01,Credit,Salary,2172,good
820,2023-04-25,Debit,Discretionary,507,good
820,2023-05-01,Credit,Salary,1995,good
820,2023-05-23,Debit,Discretionary,503,good
820,2023-05-31,Credit,Salary,1805,good
820,2023-06-18,Debit,Discretionary,452,good
821,2023-01-01,Credit,Salary,1921,good
821,2023-01-23,Debit,Discretionary,521,good
821,2023-01-31,Credit,Salary,2067,good
821,2023-02-07,Debit,Discretionary,528,good
821,2023-03-02,Credit,Salary,2171,good
821,2023-03-25,Debit,Discretionary,470,good
821,2023-04-01,Credit,Salary,2068,good
821,2023-04-07,Debit,Discretionary,527,good
821,2023-05-01,Credit,Salary,1915,good
821,2023-05-09,Debit,Discretionary,543,good
821,2023-05-31,Credit,Salary,1899,good
821,2023-06-12,Debit,Discretionary,481,good
822,2023-01-01,Credit,Salary,1804,bad
822,2023-01-12,Debit,Discretionary,536,bad
822,2023-01-13,Debit,UPI_Lending_App,202,bad
822,2023-01-25,Debit,UPI_Lending_App,408,bad
822,2023-01-31,Credit,Salary,1934,bad
822,2023-02-16,Debit,UPI_Lending_App,126,bad
822,2023-02-18,Debit,Discretionary,527,bad
822,2023-02-27,Debit,UPI_Lending_App,136,bad
822,2023-03-02,Credit,Salary,2114,bad
822,2023-03-05,Debit,UPI_Lending_App,316,bad
822,2023-03-16,Debit,Discretionary,542,bad
822,2023-03-27,Debit,UPI_Lending_App,53,bad
822,2023-04-01,Credit,Salary,2088,bad
822,2023-04-12,Debit,UPI_Lending_App,289,bad
822,2023-04-23,Debit,Discretionary,543,bad
822,2023-05-02,Debit,UPI_Lending_App,141,bad
822,2023-05-07,Debit,UPI_Lending_App,200,bad
822,2023-05-08,Credit,Salary,2096,bad
822,2023-05-09,Debit,UPI_Lending_App,144,bad
822,2023-05-25,Debit,Discretionary,124,bad
822,2023-06-03,Debit,UPI_Lending_App,168,bad
822,2023-06-04,Credit,Salary,1890,bad
822,2023-06-11,Debit,UPI_Lending_App,297,bad
822,2023-06-13,Debit,Discretionary,130,bad
822,2023-06-27,Debit,UPI_Lending_App,260,bad
823,2023-01-01,Credit,Salary,1885,good
823,2023-01-21,Debit,Discretionary,476,good
823,2023-01-31,Credit,Salary,1941,good
823,2023-02-18,Debit,Discretionary,526,good
823,2023-03-02,Credit,Salary,1806,good
823,2023-03-12,Debit,Discretionary,481,good
823,2023-04-01,Credit,Salary,1839,good
823,2023-04-22,Debit,Discretionary,541,good
823,2023-05-01,Credit,Salary,1981,good
823,2023-05-06,Debit,Discretionary,543,good
823,2023-05-21,Debit,UPI_Lending_App,151,good
823,2023-05-31,Credit,Salary,1956,good
823,2023-06-13,Debit,Discretionary,508,good
824,2023-01-01,Credit,Salary,1940,good
824,2023-01-08,Debit,Discretionary,527,good
824,2023-01-31,Credit,Salary,1864,good
824,2023-02-21,Debit,Discretionary,539,good
824,2023-03-02,Credit,Salary,1907,good
824,2023-03-07,Debit,Discretionary,456,good
824,2023-04-01,Credit,Salary,2187,good
824,2023-04-17,Debit,Discretionary,527,good
824,2023-05-01,Credit,Salary,1879,good
824,2023-05-16,Debit,Discretionary,532,good
824,2023-05-31,Credit,Salary,2128,good
824,2023-06-18,Debit,Discretionary,456,good
825,2023-01-01,Credit,Salary,2001,good
825,2023-01-08,Debit,Discretionary,502,good
825,2023-01-31,Credit,Salary,1879,good
825,2023-02-22,Debit,Discretionary,477,good
825,2023-03-02,Credit,Salary,2152,good
825,2023-03-19,Debit,Discretionary,476,good
825,2023-04-01,Credit,Salary,1945,good
825,2023-04-16,Debit,Discretionary,531,good
825,2023-05-01,Credit,Salary,1933,good
825,2023-05-24,Debit,Discretionary,548,good
825,2023-05-31,Credit,Salary,1815,good
825,2023-06-13,Debit,Discretionary,482,good
826,2023-01-01,Credit,Salary,1917,bad
826,2023-01-07,Debit,UPI_Lending_App,447,bad
826,2023-01-22,Debit,Discretionary,534,bad
826,2023-01-25,Debit,UPI_Lending_App,282,bad
826,2023-01-31,Credit,Salary,1968,bad
826,2023-02-03,Debit,UPI_Lending_App,367,bad
826,2023-02-10,Debit,UPI_Lending_App,290,bad
826,2023-02-14,Debit,Discretionary,482,bad
826,2023-02-15,Debit,UPI_Lending_App,178,bad
826,2023-02-16,Debit,UPI_Lending_App,295,bad
826,2023-03-02,Credit,Salary,1860,bad
826,2023-03-09,Debit,UPI_Lending_App,453,bad
826,2023-03-13,Debit,Discretionary,500,bad
826,2023-03-20,Debit,UPI_Lending_App,266,bad
826,2023-03-23,Debit,UPI_Lending_App,274,bad
826,2023-03-24,Debit,UPI_Lending_App,423,bad
826,2023-03-29,Debit,UPI_Lending_App,215,bad
826,2023-04-01,Credit,Salary,2157,bad
826,2023-04-07,Debit,UPI_Lending_App,432,bad
826,2023-04-11,Debit,Discretionary,499,bad
826,2023-04-20,Debit,UPI_Lending_App,79,bad
826,2023-04-20,Debit,UPI_Lending_App,473,bad
826,2023-05-04,Debit,UPI_Lending_App,267,bad
826,2023-05-05,Credit,Salary,1960,bad
826,2023-05-06,Debit,Discretionary,127,bad
826,2023-05-10,Debit,UPI_Lending_App,174,bad
826,2023-06-07,Credit,Salary,2187,bad
826,2023-06-08,Debit,UPI_Lending_App,93,bad
826,2023-06-16,Debit,UPI_Lending_App,354,bad
826,2023-06-16,Debit,UPI_Lending_App,472,bad
826,2023-06-23,Debit,Discretionary,87,bad
826,2023-06-27,Debit,UPI_Lending_App,454,bad
827,2023-01-01,Credit,Salary,2063,bad
827,2023-01-04,Debit,UPI_Lending_App,80,bad
827,2023-01-09,Debit,Discretionary,534,bad
827,2023-01-31,Credit,Salary,2189,bad
827,2023-02-02,Debit,UPI_Lending_App,295,bad
827,2023-02-05,Debit,Discretionary,481,bad
827,2023-02-12,Debit,UPI_Lending_App,86,bad
827,2023-02-13,Debit,UPI_Lending_App,268,bad
827,2023-02-23,Debit,UPI_Lending_App,224,bad
827,2023-02-24,Debit,UPI_Lending_App,328,bad
827,2023-03-02,Credit,Salary,1878,bad
827,2023-03-09,Debit,UPI_Lending_App,319,bad
827,2023-03-12,Debit,UPI_Lending_App,107,bad
827,2023-03-16,Debit,UPI_Lending_App,482,bad
827,2023-03-17,Debit,UPI_Lending_App,163,bad
827,2023-03-19,Debit,Discretionary,459,bad
827,2023-03-23,Debit,UPI_Lending_App,106,bad
827,2023-04-01,Credit,Salary,2179,bad
827,2023-04-10,Debit,UPI_Lending_App,387,bad
827,2023-04-19,Debit,Discretionary,512,bad
827,2023-05-08,Credit,Salary,1817,bad
827,2023-05-08,Debit,UPI_Lending_App,163,bad
827,2023-05-12,Debit,Discretionary,77,bad
827,2023-05-16,Debit,UPI_Lending_App,312,bad
827,2023-05-31,Credit,Salary,1866,bad
827,2023-06-02,Debit,UPI_Lending_App,178,bad
827,2023-06-13,Debit,Discretionary,112,bad
827,2023-06-17,Debit,UPI_Lending_App,479,bad
827,2023-06-18,Debit,UPI_Lending_App,367,bad
827,2023-06-18,Debit,UPI_Lending_App,381,bad
828,2023-01-01,Credit,Salary,1975,bad
828,2023-01-10,Debit,UPI_Lending_App,50,bad
828,2023-01-11,Debit,UPI_Lending_App,118,bad
828,2023-01-16,Debit,Discretionary,504,bad
828,2023-01-18,Debit,UPI_Lending_App,177,bad
828,2023-01-19,Debit,UPI_Lending_App,206,bad
828,2023-01-31,Credit,Salary,2086,bad
828,2023-02-04,Debit,UPI_Lending_App,97,bad
828,2023-02-12,Debit,UPI_Lending_App,125,bad
828,2023-02-14,Debit,UPI_Lending_App,146,bad
828,2023-02-22,Debit,UPI_Lending_App,277,bad
828,2023-02-23,Debit,Discretionary,539,bad
828,2023-03-02,Credit,Salary,1859,bad
828,2023-03-06,Debit,UPI_Lending_App,56,bad
828,2023-03-23,Debit,Discretionary,511,bad
828,2023-04-01,Credit,Salary,2041,bad
828,2023-04-15,Debit,UPI_Lending_App,298,bad
828,2023-04-15,Debit,Discretionary,495,bad
828,2023-04-16,Debit,UPI_Lending_App,259,bad
828,2023-04-22,Debit,UPI_Lending_App,184,bad
828,2023-04-29,Debit,UPI_Lending_App,349,bad
828,2023-05-01,Credit,Salary,2160,bad
828,2023-05-16,Debit,UPI_Lending_App,218,bad
828,2023-05-20,Debit,Discretionary,81,bad
828,2023-06-03,Credit,Salary,1949,bad
828,2023-06-03,Debit,UPI_Lending_App,121,bad
828,2023-06-15,Debit,UPI_Lending_App,283,bad
828,2023-06-20,Debit,Discretionary,81,bad
829,2023-01-01,Credit,Salary,2116,good
829,2023-01-16,Debit,Discretionary,472,good
829,2023-01-31,Credit,Salary,1837,good
829,2023-02-05,Debit,Discretionary,514,good
829,2023-03-02,Credit,Salary,1864,good
829,2023-03-23,Debit,Discretionary,452,good
829,2023-04-01,Credit,Salary,2004,good
829,2023-04-23,Debit,Discretionary,450,good
829,2023-05-01,Credit,Salary,1983,good
829,2023-05-09,Debit,Discretionary,519,good
829,2023-05-31,Credit,Salary,2092,good
829,2023-06-06,Debit,Discretionary,459,good
830,2023-01-01,Credit,Salary,1845,good
830,2023-01-07,Debit,Discretionary,465,good
830,2023-01-31,Credit,Salary,1990,good
830,2023-02-10,Debit,Discretionary,488,good
830,2023-03-02,Credit,Salary,1890,good
830,2023-03-22,Debit,Discretionary,548,good
830,2023-04-01,Credit,Salary,1972,good
830,2023-04-08,Debit,Discretionary,519,good
830,2023-05-01,Credit,Salary,2019,good
830,2023-05-16,Debit,Discretionary,469,good
830,2023-05-31,Credit,Salary,2019,good
830,2023-06-25,Debit,Discretionary,502,good
831,2023-01-01,Credit,Salary,2011,bad
831,2023-01-03,Debit,UPI_Lending_App,199,bad
831,2023-01-19,Debit,UPI_Lending_App,337,bad
831,2023-01-24,Debit,Discretionary,476,bad
831,2023-01-26,Debit,UPI_Lending_App,59,bad
831,2023-01-31,Credit,Salary,1928,bad
831,2023-02-04,Debit,UPI_Lending_App,457,bad
831,2023-02-06,Debit,UPI_Lending_App,316,bad
831,2023-02-08,Debit,UPI_Lending_App,238,bad
831,2023-02-11,Debit,UPI_Lending_App,294,bad
831,2023-02-24,Debit,Discretionary,492,bad
831,2023-02-26,Debit,UPI_Lending_App,137,bad
831,2023-03-02,Credit,Salary,1862,bad
831,2023-03-14,Debit,UPI_Lending_App,217,bad
831,2023-03-16,Debit,Discretionary,519,bad
831,2023-03-30,Debit,UPI_Lending_App,465,bad
831,2023-04-01,Credit,Salary,2049,bad
831,2023-04-07,Debit,UPI_Lending_App,119,bad
831,2023-04-17,Debit,UPI_Lending_App,424,bad
831,2023-04-17,Debit,UPI_Lending_App,309,bad
831,2023-04-21,Debit,Discretionary,498,bad
831,2023-05-01,Credit,Salary,1972,bad
831,2023-05-09,Debit,Discretionary,69,bad
831,2023-05-20,Debit,UPI_Lending_App,108,bad
831,2023-05-31,Credit,Salary,1844,bad
831,2023-06-02,Debit,UPI_Lending_App,227,bad
831,2023-06-08,Debit,UPI_Lending_App,331,bad
831,2023-06-11,Debit,UPI_Lending_App,54,bad
831,2023-06-14,Debit,UPI_Lending_App,362,bad
831,2023-06-16,Debit,UPI_Lending_App,112,bad
831,2023-06-24,Debit,Discretionary,137,bad
832,2023-01-01,Credit,Salary,2090,bad
832,2023-01-08,Debit,UPI_Lending_App,480,bad
832,2023-01-08,Debit,Discretionary,460,bad
832,2023-01-31,Credit,Salary,1956,bad
832,2023-02-03,Debit,UPI_Lending_App,357,bad
832,2023-02-08,Debit,UPI_Lending_App,157,bad
832,2023-02-15,Debit,Discretionary,465,bad
832,2023-02-24,Debit,UPI_Lending_App,475,bad
832,2023-03-02,Credit,Salary,2061,bad
832,2023-03-08,Debit,UPI_Lending_App,137,bad
832,2023-03-08,Debit,UPI_Lending_App,454,bad
832,2023-03-20,Debit,Discretionary,491,bad
832,2023-04-01,Credit,Salary,1923,bad
832,2023-04-08,Debit,Discretionary,546,bad
832,2023-04-29,Debit,UPI_Lending_App,208,bad
832,2023-05-03,Debit,UPI_Lending_App,131,bad
832,2023-05-05,Credit,Salary,1922,bad
832,2023-05-06,Debit,Discretionary,94,bad
832,2023-05-16,Debit,UPI_Lending_App,329,bad
832,2023-05-24,Debit,UPI_Lending_App,230,bad
832,2023-05-31,Credit,Salary,1917,bad
832,2023-06-02,Debit,UPI_Lending_App,56,bad
832,2023-06-07,Debit,UPI_Lending_App,327,bad
832,2023-06-15,Debit,Discretionary,145,bad
832,2023-06-21,Debit,UPI_Lending_App,497,bad
832,2023-06-25,Debit,UPI_Lending_App,167,bad
832,2023-06-28,Debit,UPI_Lending_App,209,bad
833,2023-01-01,Credit,Salary,2003,good
833,2023-01-06,Debit,Discretionary,539,good
833,2023-01-31,Credit,Salary,1856,good
833,2023-02-16,Debit,Discretionary,494,good
833,2023-03-02,Credit,Salary,2137,good
833,2023-03-15,Debit,Discretionary,487,good
833,2023-04-01,Credit,Salary,2185,good
833,2023-04-12,Debit,Discretionary,454,good
833,2023-05-01,Credit,Salary,1918,good
833,2023-05-22,Debit,Discretionary,524,good
833,2023-05-31,Credit,Salary,2165,good
833,2023-06-06,Debit,Discretionary,474,good
834,2023-01-01,Credit,Salary,2101,bad
834,2023-01-05,Debit,UPI_Lending_App,424,bad
834,2023-01-19,Debit,UPI_Lending_App,435,bad
834,2023-01-20,Debit,UPI_Lending_App,369,bad
834,2023-01-21,Debit,Discretionary,467,bad
834,2023-01-29,Debit,UPI_Lending_App,464,bad
834,2023-01-31,Credit,Salary,2163,bad
834,2023-02-08,Debit,Discretionary,528,bad
834,2023-02-14,Debit,UPI_Lending_App,370,bad
834,2023-02-16,Debit,UPI_Lending_App,378,bad
834,2023-02-21,Debit,UPI_Lending_App,177,bad
834,2023-02-25,Debit,UPI_Lending_App,197,bad
834,2023-03-02,Credit,Salary,1931,bad
834,2023-03-05,Debit,UPI_Lending_App,418,bad
834,2023-03-11,Debit,Discretionary,539,bad
834,2023-03-12,Debit,UPI_Lending_App,167,bad
834,2023-03-24,Debit,UPI_Lending_App,92,bad
834,2023-03-30,Debit,UPI_Lending_App,387,bad
834,2023-04-01,Credit,Salary,2197,bad
834,2023-04-07,Debit,UPI_Lending_App,238,bad
834,2023-04-22,Debit,UPI_Lending_App,138,bad
834,2023-04-23,Debit,Discretionary,477,bad
834,2023-05-01,Credit,Salary,1878,bad
834,2023-05-10,Debit,UPI_Lending_App,294,bad
834,2023-05-24,Debit,UPI_Lending_App,478,bad
834,2023-05-25,Debit,Discretionary,88,bad
834,2023-06-04,Debit,UPI_Lending_App,270,bad
834,2023-06-05,Credit,Salary,1906,bad
834,2023-06-12,Debit,UPI_Lending_App,276,bad
834,2023-06-16,Debit,UPI_Lending_App,324,bad
834,2023-06-17,Debit,UPI_Lending_App,70,bad
834,2023-06-18,Debit,Discretionary,112,bad
834,2023-06-28,Debit,UPI_Lending_App,119,bad
835,2023-01-01,Credit,Salary,1836,bad
835,2023-01-11,Debit,UPI_Lending_App,419,bad
835,2023-01-11,Debit,Discretionary,550,bad
835,2023-01-12,Debit,UPI_Lending_App,433,bad
835,2023-01-31,Credit,Salary,1834,bad
835,2023-02-02,Debit,UPI_Lending_App,416,bad
835,2023-02-07,Debit,UPI_Lending_App,255,bad
835,2023-02-15,Debit,UPI_Lending_App,103,bad
835,2023-02-15,Debit,Discretionary,463,bad
835,2023-02-17,Debit,UPI_Lending_App,254,bad
835,2023-03-02,Credit,Salary,2026,bad
835,2023-03-07,Debit,Discretionary,465,bad
835,2023-03-08,Debit,UPI_Lending_App,294,bad
835,2023-03-09,Debit,UPI_Lending_App,216,bad
835,2023-03-13,Debit,UPI_Lending_App,264,bad
835,2023-03-21,Debit,UPI_Lending_App,71,bad
835,2023-03-22,Debit,UPI_Lending_App,239,bad
835,2023-04-01,Credit,Salary,1888,bad
835,2023-04-16,Debit,UPI_Lending_App,500,bad
835,2023-04-19,Debit,Discretionary,528,bad
835,2023-05-01,Credit,Salary,2008,bad
835,2023-05-11,Debit,Discretionary,60,bad
835,2023-05-24,Debit,UPI_Lending_App,109,bad
835,2023-06-06,Credit,Salary,1846,bad
835,2023-06-07,Debit,Discretionary,94,bad
835,2023-06-08,Debit,UPI_Lending_App,291,bad
835,2023-06-17,Debit,UPI_Lending_App,221,bad
835,2023-06-21,Debit,UPI_Lending_App,96,bad
835,2023-06-23,Debit,UPI_Lending_App,63,bad
835,2023-06-26,Debit,UPI_Lending_App,370,bad
836,2023-01-01,Credit,Salary,2153,good
836,2023-01-18,Debit,Discretionary,516,good
836,2023-01-31,Credit,Salary,2017,good
836,2023-02-23,Debit,Discretionary,510,good
836,2023-03-02,Credit,Salary,1938,good
836,2023-03-21,Debit,Discretionary,548,good
836,2023-04-01,Credit,Salary,1972,good
836,2023-04-02,Debit,UPI_Lending_App,51,good
836,2023-04-14,Debit,Discretionary,540,good
836,2023-05-01,Credit,Salary,2066,good
836,2023-05-11,Debit,Discretionary,513,good
836,2023-05-31,Credit,Salary,1922,good
836,2023-06-17,Debit,Discretionary,527,good
837,2023-01-01,Credit,Salary,1888,good
837,2023-01-25,Debit,Discretionary,545,good
837,2023-01-31,Credit,Salary,2076,good
837,2023-02-25,Debit,Discretionary,480,good
837,2023-03-02,Credit,Salary,2130,good
837,2023-03-13,Debit,Discretionary,515,good
837,2023-04-01,Credit,Salary,1807,good
837,2023-04-19,Debit,Discretionary,541,good
837,2023-05-01,Credit,Salary,2001,good
837,2023-05-14,Debit,Discretionary,529,good
837,2023-05-31,Credit,Salary,2198,good
837,2023-06-17,Debit,Discretionary,477,good
838,2023-01-01,Credit,Salary,1988,good
838,2023-01-23,Debit,Discretionary,464,good
838,2023-01-31,Credit,Salary,2088,good
838,2023-02-16,Debit,Discretionary,530,good
838,2023-02-19,Debit,UPI_Lending_App,368,good
838,2023-03-02,Credit,Salary,2085,good
838,2023-03-25,Debit,Discretionary,450,good
838,2023-04-01,Credit,Salary,1816,good
838,2023-04-11,Debit,Discretionary,505,good
838,2023-05-01,Credit,Salary,1811,good
838,2023-05-25,Debit,Discretionary,492,good
838,2023-05-31,Credit,Salary,1915,good
838,2023-06-18,Debit,UPI_Lending_App,483,good
838,2023-06-23,Debit,Discretionary,524,good
839,2023-01-01,Credit,Salary,2041,good
839,2023-01-10,Debit,UPI_Lending_App,391,good
839,2023-01-24,Debit,Discretionary,510,good
839,2023-01-31,Credit,Salary,2058,good
839,2023-02-13,Debit,Discretionary,465,good
839,2023-03-02,Credit,Salary,1996,good
839,2023-03-12,Debit,UPI_Lending_App,345,good
839,2023-03-24,Debit,Discretionary,509,good
839,2023-04-01,Credit,Salary,2003,good
839,2023-04-09,Debit,Discretionary,498,good
839,2023-05-01,Credit,Salary,1895,good
839,2023-05-21,Debit,Discretionary,540,good
839,2023-05-31,Credit,Salary,1967,good
839,2023-06-09,Debit,Discretionary,544,good
840,2023-01-01,Credit,Salary,1802,bad
840,2023-01-04,Debit,UPI_Lending_App,118,bad
840,2023-01-07,Debit,UPI_Lending_App,150,bad
840,2023-01-08,Debit,Discretionary,485,bad
840,2023-01-31,Credit,Salary,2162,bad
840,2023-02-05,Debit,Discretionary,546,bad
840,2023-02-08,Debit,UPI_Lending_App,217,bad
840,2023-03-02,Credit,Salary,2043,bad
840,2023-03-06,Debit,UPI_Lending_App,479,bad
840,2023-03-13,Debit,UPI_Lending_App,180,bad
840,2023-03-13,Debit,Discretionary,517,bad
840,2023-03-26,Debit,UPI_Lending_App,224,bad
840,2023-03-26,Debit,UPI_Lending_App,205,bad
840,2023-04-01,Credit,Salary,1893,bad
840,2023-04-08,Debit,UPI_Lending_App,251,bad
840,2023-04-12,Debit,Discretionary,513,bad
840,2023-04-13,Debit,UPI_Lending_App,315,bad
840,2023-04-15,Debit,UPI_Lending_App,92,bad
840,2023-05-06,Credit,Salary,1875,bad
840,2023-05-06,Debit,Discretionary,124,bad
840,2023-05-13,Debit,UPI_Lending_App,332,bad
840,2023-05-23,Debit,UPI_Lending_App,152,bad
840,2023-06-02,Debit,UPI_Lending_App,240,bad
840,2023-06-03,Debit,UPI_Lending_App,225,bad
840,2023-06-06,Credit,Salary,1846,bad
840,2023-06-16,Debit,Discretionary,118,bad
840,2023-06-24,Debit,UPI_Lending_App,310,bad
840,2023-06-25,Debit,UPI_Lending_App,213,bad
841,2023-01-01,Credit,Salary,1914,good
841,2023-01-12,Debit,Discretionary,483,good
841,2023-01-31,Credit,Salary,2040,good
841,2023-02-21,Debit,Discretionary,487,good
841,2023-03-02,Credit,Salary,1837,good
841,2023-03-26,Debit,Discretionary,480,good
841,2023-04-01,Credit,Salary,1814,good
841,2023-04-16,Debit,Discretionary,479,good
841,2023-05-01,Credit,Salary,2089,good
841,2023-05-10,Debit,Discretionary,531,good
841,2023-05-31,Credit,Salary,2174,good
841,2023-06-15,Debit,Discretionary,525,good
842,2023-01-01,Credit,Salary,1964,bad
842,2023-01-04,Debit,UPI_Lending_App,273,bad
842,2023-01-15,Debit,UPI_Lending_App,221,bad
842,2023-01-23,Debit,Discretionary,539,bad
842,2023-01-29,Debit,UPI_Lending_App,129,bad
842,2023-01-31,Credit,Salary,1912,bad
842,2023-02-12,Debit,UPI_Lending_App,443,bad
842,2023-02-21,Debit,Discretionary,545,bad
842,2023-02-22,Debit,UPI_Lending_App,381,bad
842,2023-02-24,Debit,UPI_Lending_App,129,bad
842,2023-03-02,Credit,Salary,1822,bad
842,2023-03-14,Debit,Discretionary,534,bad
842,2023-03-20,Debit,UPI_Lending_App,162,bad
842,2023-03-23,Debit,UPI_Lending_App,417,bad
842,2023-04-01,Credit,Salary,1973,bad
842,2023-04-11,Debit,UPI_Lending_App,364,bad
842,2023-04-12,Debit,Discretionary,512,bad
842,2023-04-13,Debit,UPI_Lending_App,391,bad
842,2023-04-17,Debit,UPI_Lending_App,241,bad
842,2023-04-21,Debit,UPI_Lending_App,310,bad
842,2023-04-28,Debit,UPI_Lending_App,304,bad
842,2023-05-01,Credit,Salary,2178,bad
842,2023-05-08,Debit,Discretionary,140,bad
842,2023-05-19,Debit,UPI_Lending_App,145,bad
842,2023-05-22,Debit,UPI_Lending_App,108,bad
842,2023-06-06,Credit,Salary,2178,bad
842,2023-06-09,Debit,Discretionary,106,bad
842,2023-06-21,Debit,UPI_Lending_App,264,bad
842,2023-06-21,Debit,UPI_Lending_App,286,bad
843,2023-01-01,Credit,Salary,2165,good
843,2023-01-23,Debit,Discretionary,494,good
843,2023-01-31,Credit,Salary,2158,good
843,2023-02-22,Debit,Discretionary,520,good
843,2023-03-02,Credit,Salary,2087,good
843,2023-03-12,Debit,Discretionary,510,good
843,2023-04-01,Credit,Salary,2096,good
843,2023-04-08,Debit,Discretionary,538,good
843,2023-05-01,Credit,Salary,2054,good
843,2023-05-23,Debit,Discretionary,542,good
843,2023-05-31,Credit,Salary,1962,good
843,2023-06-10,Debit,Discretionary,471,good
844,2023-01-01,Credit,Salary,1973,good
844,2023-01-21,Debit,Discretionary,470,good
844,2023-01-31,Credit,Salary,2030,good
844,2023-02-17,Debit,Discretionary,537,good
844,2023-03-02,Credit,Salary,1931,good
844,2023-03-26,Debit,UPI_Lending_App,384,good
844,2023-03-27,Debit,Discretionary,522,good
844,2023-04-01,Credit,Salary,1943,good
844,2023-04-26,Debit,Discretionary,544,good
844,2023-05-01,Credit,Salary,1922,good
844,2023-05-09,Debit,Discretionary,471,good
844,2023-05-31,Credit,Salary,2015,good
844,2023-06-09,Debit,Discretionary,500,good
845,2023-01-01,Credit,Salary,2161,good
845,2023-01-17,Debit,Discretionary,538,good
845,2023-01-31,Credit,Salary,2087,good
845,2023-02-15,Debit,Discretionary,469,good
845,2023-03-02,Credit,Salary,2007,good
845,2023-03-20,Debit,Discretionary,496,good
845,2023-04-01,Credit,Salary,2077,good
845,2023-04-13,Debit,Discretionary,482,good
845,2023-05-01,Credit,Salary,1987,good
845,2023-05-04,Debit,UPI_Lending_App,245,good
845,2023-05-26,Debit,Discretionary,478,good
845,2023-05-31,Credit,Salary,1818,good
845,2023-06-07,Debit,Discretionary,528,good
846,2023-01-01,Credit,Salary,1861,bad
846,2023-01-10,Debit,UPI_Lending_App,403,bad
846,2023-01-10,Debit,Discretionary,532,bad
846,2023-01-11,Debit,UPI_Lending_App,60,bad
846,2023-01-20,Debit,UPI_Lending_App,200,bad
846,2023-01-22,Debit,UPI_Lending_App,52,bad
846,2023-01-31,Credit,Salary,1893,bad
846,2023-02-19,Debit,Discretionary,470,bad
846,2023-02-27,Debit,UPI_Lending_App,219,bad
846,2023-03-02,Credit,Salary,1979,bad
846,2023-03-08,Debit,UPI_Lending_App,333,bad
846,2023-03-13,Debit,Discretionary,465,bad
846,2023-03-20,Debit,UPI_Lending_App,388,bad
846,2023-03-28,Debit,UPI_Lending_App,51,bad
846,2023-04-01,Credit,Salary,1991,bad
846,2023-04-02,Debit,UPI_Lending_App,343,bad
846,2023-04-09,Debit,UPI_Lending_App,300,bad
846,2023-04-10,Debit,UPI_Lending_App,207,bad
846,2023-04-10,Debit,Discretionary,521,bad
846,2023-04-28,Debit,UPI_Lending_App,238,bad
846,2023-05-05,Credit,Salary,2010,bad
846,2023-05-06,Debit,UPI_Lending_App,250,bad
846,2023-05-12,Debit,UPI_Lending_App,61,bad
846,2023-05-24,Debit,Discretionary,79,bad
846,2023-05-25,Debit,UPI_Lending_App,312,bad
846,2023-05-29,Debit,UPI_Lending_App,388,bad
846,2023-05-31,Credit,Salary,1979,bad
846,2023-06-02,Debit,UPI_Lending_App,159,bad
846,2023-06-11,Debit,UPI_Lending_App,243,bad
846,2023-06-16,Debit,UPI_Lending_App,226,bad
846,2023-06-19,Debit,UPI_Lending_App,142,bad
846,2023-06-23,Debit,Discretionary,67,bad
846,2023-06-25,Debit,UPI_Lending_App,146,bad
847,2023-01-01,Credit,Salary,1836,good
847,2023-01-14,Debit,UPI_Lending_App,202,good
847,2023-01-20,Debit,Discretionary,497,good
847,2023-01-31,Credit,Salary,1824,good
847,2023-02-15,Debit,Discretionary,467,good
847,2023-03-02,Credit,Salary,2087,good
847,2023-03-25,Debit,Discretionary,533,good
847,2023-04-01,Credit,Salary,1993,good
847,2023-04-13,Debit,Discretionary,544,good
847,2023-05-01,Credit,Salary,2048,good
847,2023-05-13,Debit,Discretionary,479,good
847,2023-05-31,Credit,Salary,2158,good
847,2023-06-20,Debit,Discretionary,528,good
848,2023-01-01,Credit,Salary,2005,good
848,2023-01-10,Debit,Discretionary,492,good
848,2023-01-31,Credit,Salary,1892,good
848,2023-02-15,Debit,Discretionary,538,good
848,2023-03-02,Credit,Salary,1932,good
848,2023-03-09,Debit,Discretionary,476,good
848,2023-04-01,Credit,Salary,1802,good
848,2023-04-11,Debit,Discretionary,457,good
848,2023-05-01,Credit,Salary,2115,good
848,2023-05-17,Debit,Discretionary,506,good
848,2023-05-31,Credit,Salary,1982,good
848,2023-06-24,Debit,UPI_Lending_App,218,good
848,2023-06-25,Debit,Discretionary,535,good
849,2023-01-01,Credit,Salary,2021,bad
849,2023-01-03,Debit,UPI_Lending_App,125,bad
849,2023-01-09,Debit,Discretionary,520,bad
849,2023-01-11,Debit,UPI_Lending_App,326,bad
849,2023-01-21,Debit,UPI_Lending_App,287,bad
849,2023-01-25,Debit,UPI_Lending_App,418,bad
849,2023-01-29,Debit,UPI_Lending_App,157,bad
849,2023-01-31,Credit,Salary,1877,bad
849,2023-02-18,Debit,UPI_Lending_App,233,bad
849,2023-02-20,Debit,UPI_Lending_App,202,bad
849,2023-02-21,Debit,UPI_Lending_App,403,bad
849,2023-02-21,Debit,Discretionary,542,bad
849,2023-03-02,Credit,Salary,1927,bad
849,2023-03-08,Debit,UPI_Lending_App,62,bad
849,2023-03-21,Debit,UPI_Lending_App,91,bad
849,2023-03-27,Debit,UPI_Lending_App,445,bad
849,2023-03-27,Debit,Discretionary,547,bad
849,2023-04-01,Credit,Salary,1831,bad
849,2023-04-07,Debit,UPI_Lending_App,385,bad
849,2023-04-08,Debit,UPI_Lending_App,202,bad
849,2023-04-19,Debit,UPI_Lending_App,474,bad
849,2023-04-20,Debit,Discretionary,531,bad
849,2023-04-23,Debit,UPI_Lending_App,314,bad
849,2023-04-24,Debit,UPI_Lending_App,460,bad
849,2023-05-01,Credit,Salary,2016,bad
849,2023-05-02,Debit,UPI_Lending_App,260,bad
849,2023-05-02,Debit,UPI_Lending_App,122,bad
849,2023-05-09,Debit,Discretionary,56,bad
849,2023-05-23,Debit,UPI_Lending_App,477,bad
849,2023-05-28,Debit,UPI_Lending_App,175,bad
849,2023-05-29,Debit,UPI_Lending_App,339,bad
849,2023-05-31,Credit,Salary,1875,bad
849,2023-06-04,Debit,UPI_Lending_App,135,bad
849,2023-06-07,Debit,UPI_Lending_App,355,bad
849,2023-06-14,Debit,UPI_Lending_App,215,bad
849,2023-06-14,Debit,Discretionary,62,bad
849,2023-06-16,Debit,UPI_Lending_App,472,bad
850,2023-01-01,Credit,Salary,1988,bad
850,2023-01-02,Debit,UPI_Lending_App,179,bad
850,2023-01-02,Debit,UPI_Lending_App,463,bad
850,2023-01-10,Debit,UPI_Lending_App,284,bad
850,2023-01-16,Debit,UPI_Lending_App,61,bad
850,2023-01-17,Debit,Discretionary,481,bad
850,2023-01-20,Debit,UPI_Lending_App,453,bad
850,2023-01-31,Credit,Salary,1871,bad
850,2023-02-12,Debit,UPI_Lending_App,175,bad
850,2023-02-17,Debit,UPI_Lending_App,187,bad
850,2023-02-18,Debit,UPI_Lending_App,485,bad
850,2023-02-23,Debit,Discretionary,474,bad
850,2023-02-25,Debit,UPI_Lending_App,301,bad
850,2023-02-26,Debit,UPI_Lending_App,88,bad
850,2023-03-02,Credit,Salary,1862,bad
850,2023-03-09,Debit,Discretionary,494,bad
850,2023-03-30,Debit,UPI_Lending_App,397,bad
850,2023-04-01,Credit,Salary,1940,bad
850,2023-04-12,Debit,Discretionary,482,bad
850,2023-04-21,Debit,UPI_Lending_App,60,bad
850,2023-05-06,Credit,Salary,2075,bad
850,2023-05-10,Debit,UPI_Lending_App,371,bad
850,2023-05-20,Debit,Discretionary,119,bad
850,2023-06-03,Debit,UPI_Lending_App,337,bad
850,2023-06-04,Credit,Salary,1877,bad
850,2023-06-07,Debit,UPI_Lending_App,342,bad
850,2023-06-16,Debit,UPI_Lending_App,500,bad
850,2023-06-18,Debit,Discretionary,82,bad
850,2023-06-23,Debit,UPI_Lending_App,455,bad
850,2023-06-26,Debit,UPI_Lending_App,494,bad
851,2023-01-01,Credit,Salary,1995,good
851,2023-01-26,Debit,Discretionary,513,good
851,2023-01-31,Credit,Salary,2037,good
851,2023-02-11,Debit,Discretionary,520,good
851,2023-03-02,Credit,Salary,1902,good
851,2023-03-10,Debit,Discretionary,495,good
851,2023-04-01,Credit,Salary,2164,good
851,2023-04-21,Debit,Discretionary,528,good
851,2023-05-01,Credit,Salary,1915,good
851,2023-05-25,Debit,Discretionary,484,good
851,2023-05-31,Credit,Salary,2192,good
851,2023-06-07,Debit,Discretionary,486,good
852,2023-01-01,Credit,Salary,1865,good
852,2023-01-11,Debit,Discretionary,471,good
852,2023-01-31,Credit,Salary,1977,good
852,2023-02-07,Debit,Discretionary,476,good
852,2023-03-02,Credit,Salary,1896,good
852,2023-03-07,Debit,Discretionary,481,good
852,2023-04-01,Credit,Salary,2016,good
852,2023-04-06,Debit,Discretionary,546,good
852,2023-05-01,Credit,Salary,1823,good
852,2023-05-15,Debit,Discretionary,457,good
852,2023-05-31,Credit,Salary,1833,good
852,2023-06-19,Debit,Discretionary,458,good
853,2023-01-01,Credit,Salary,2078,bad
853,2023-01-24,Debit,UPI_Lending_App,58,bad
853,2023-01-25,Debit,Discretionary,503,bad
853,2023-01-31,Credit,Salary,1842,bad
853,2023-02-04,Debit,UPI_Lending_App,380,bad
853,2023-02-06,Debit,UPI_Lending_App,389,bad
853,2023-02-08,Debit,Discretionary,516,bad
853,2023-03-02,Credit,Salary,2120,bad
853,2023-03-22,Debit,Discretionary,455,bad
853,2023-03-24,Debit,UPI_Lending_App,313,bad
853,2023-04-01,Credit,Salary,1990,bad
853,2023-04-13,Debit,UPI_Lending_App,460,bad
853,2023-04-18,Debit,UPI_Lending_App,367,bad
853,2023-04-18,Debit,UPI_Lending_App,334,bad
853,2023-04-26,Debit,Discretionary,453,bad
853,2023-04-29,Debit,UPI_Lending_App,457,bad
853,2023-05-01,Credit,Salary,2179,bad
853,2023-05-07,Debit,UPI_Lending_App,180,bad
853,2023-05-08,Debit,Discretionary,120,bad
853,2023-05-14,Debit,UPI_Lending_App,364,bad
853,2023-05-18,Debit,UPI_Lending_App,496,bad
853,2023-06-02,Debit,UPI_Lending_App,343,bad
853,2023-06-02,Debit,UPI_Lending_App,405,bad
853,2023-06-03,Credit,Salary,2049,bad
853,2023-06-07,Debit,Discretionary,54,bad
853,2023-06-14,Debit,UPI_Lending_App,157,bad
854,2023-01-01,Credit,Salary,2113,good
854,2023-01-09,Debit,Discretionary,512,good
854,2023-01-31,Credit,Salary,2115,good
854,2023-02-05,Debit,Discretionary,504,good
854,2023-03-02,Credit,Salary,2187,good
854,2023-03-08,Debit,Discretionary,483,good
854,2023-04-01,Credit,Salary,1971,good
854,2023-04-14,Debit,Discretionary,508,good
854,2023-04-27,Debit,UPI_Lending_App,421,good
854,2023-05-01,Credit,Salary,1888,good
854,2023-05-16,Debit,Discretionary,483,good
854,2023-05-31,Credit,Salary,2074,good
854,2023-06-13,Debit,Discretionary,452,good
855,2023-01-01,Credit,Salary,2007,good
855,2023-01-26,Debit,Discretionary,497,good
855,2023-01-31,Credit,Salary,2105,good
855,2023-02-22,Debit,Discretionary,524,good
855,2023-03-02,Credit,Salary,1975,good
855,2023-03-16,Debit,Discretionary,523,good
855,2023-04-01,Credit,Salary,1926,good
855,2023-04-18,Debit,Discretionary,457,good
855,2023-05-01,Credit,Salary,1910,good
855,2023-05-25,Debit,Discretionary,479,good
855,2023-05-31,Credit,Salary,2073,good
855,2023-06-16,Debit,Discretionary,473,good
856,2023-01-01,Credit,Salary,2001,good
856,2023-01-19,Debit,Discretionary,510,good
856,2023-01-31,Credit,Salary,2044,good
856,2023-02-15,Debit,Discretionary,525,good
856,2023-03-02,Credit,Salary,2072,good
856,2023-03-23,Debit,Discretionary,488,good
856,2023-04-01,Credit,Salary,2122,good
856,2023-04-25,Debit,Discretionary,506,good
856,2023-05-01,Credit,Salary,2047,good
856,2023-05-21,Debit,Discretionary,479,good
856,2023-05-31,Credit,Salary,1906,good
856,2023-06-06,Debit,Discretionary,508,good
856,2023-06-25,Debit,UPI_Lending_App,303,good
857,2023-01-01,Credit,Salary,1908,good
857,2023-01-07,Debit,Discretionary,498,good
857,2023-01-31,Credit,Salary,1987,good
857,2023-02-09,Debit,Discretionary,505,good
857,2023-03-02,Credit,Salary,2040,good
857,2023-03-21,Debit,Discretionary,523,good
857,2023-04-01,Credit,Salary,2196,good
857,2023-04-10,Debit,Discretionary,548,good
857,2023-05-01,Credit,Salary,2171,good
857,2023-05-25,Debit,Discretionary,503,good
857,2023-05-31,Credit,Salary,2034,good
857,2023-06-16,Debit,Discretionary,540,good
858,2023-01-01,Credit,Salary,1824,bad
858,2023-01-02,Debit,UPI_Lending_App,215,bad
858,2023-01-02,Debit,UPI_Lending_App,488,bad
858,2023-01-06,Debit,Discretionary,492,bad
858,2023-01-19,Debit,UPI_Lending_App,79,bad
858,2023-01-19,Debit,UPI_Lending_App,425,bad
858,2023-01-31,Credit,Salary,2109,bad
858,2023-02-01,Debit,UPI_Lending_App,386,bad
858,2023-02-05,Debit,UPI_Lending_App,221,bad
858,2023-02-15,Debit,Discretionary,500,bad
858,2023-02-28,Debit,UPI_Lending_App,413,bad
858,2023-03-02,Credit,Salary,1882,bad
858,2023-03-22,Debit,UPI_Lending_App,396,bad
858,2023-03-22,Debit,Discretionary,533,bad
858,2023-04-01,Credit,Salary,1917,bad
858,2023-04-02,Debit,UPI_Lending_App,476,bad
858,2023-04-06,Debit,UPI_Lending_App,453,bad
858,2023-04-09,Debit,Discretionary,481,bad
858,2023-04-18,Debit,UPI_Lending_App,370,bad
858,2023-04-27,Debit,UPI_Lending_App,349,bad
858,2023-05-06,Credit,Salary,2026,bad
858,2023-05-20,Debit,UPI_Lending_App,378,bad
858,2023-05-25,Debit,Discretionary,79,bad
858,2023-05-31,Credit,Salary,2136,bad
858,2023-06-04,Debit,UPI_Lending_App,273,bad
858,2023-06-13,Debit,Discretionary,64,bad
858,2023-06-14,Debit,UPI_Lending_App,277,bad
858,2023-06-18,Debit,UPI_Lending_App,139,bad
858,2023-06-25,Debit,UPI_Lending_App,141,bad
858,2023-06-28,Debit,UPI_Lending_App,328,bad
859,2023-01-01,Credit,Salary,2120,good
859,2023-01-10,Debit,Discretionary,544,good
859,2023-01-31,Credit,Salary,1931,good
859,2023-02-21,Debit,Discretionary,520,good
859,2023-03-02,Credit,Salary,2169,good
859,2023-03-10,Debit,Discretionary,486,good
859,2023-04-01,Credit,Salary,1807,good
859,2023-04-09,Debit,Discretionary,508,good
859,2023-05-01,Credit,Salary,1992,good
859,2023-05-08,Debit,Discretionary,548,good
859,2023-05-31,Credit,Salary,1998,good
859,2023-06-22,Debit,Discretionary,472,good
860,2023-01-01,Credit,Salary,2075,good
860,2023-01-11,Debit,Discretionary,533,good
860,2023-01-31,Credit,Salary,2117,good
860,2023-02-07,Debit,Discretionary,545,good
860,2023-03-02,Credit,Salary,1988,good
860,2023-03-17,Debit,Discretionary,549,good
860,2023-04-01,Credit,Salary,2144,good
860,2023-04-23,Debit,Discretionary,508,good
860,2023-05-01,Credit,Salary,2113,good
860,2023-05-09,Debit,Discretionary,539,good
860,2023-05-31,Credit,Salary,1897,good
860,2023-06-20,Debit,Discretionary,494,good
861,2023-01-01,Credit,Salary,2057,bad
861,2023-01-10,Debit,UPI_Lending_App,80,bad
861,2023-01-21,Debit,UPI_Lending_App,181,bad
861,2023-01-24,Debit,Discretionary,472,bad
861,2023-01-29,Debit,UPI_Lending_App,420,bad
861,2023-01-31,Credit,Salary,1996,bad
861,2023-02-04,Debit,UPI_Lending_App,192,bad
861,2023-02-06,Debit,UPI_Lending_App,218,bad
861,2023-02-20,Debit,Discretionary,492,bad
861,2023-02-25,Debit,UPI_Lending_App,106,bad
861,2023-02-27,Debit,UPI_Lending_App,117,bad
861,2023-02-27,Debit,UPI_Lending_App,228,bad
861,2023-03-02,Credit,Salary,1946,bad
861,2023-03-08,Debit,Discretionary,508,bad
861,2023-03-25,Debit,UPI_Lending_App,342,bad
861,2023-04-01,Credit,Salary,2118,bad
861,2023-04-13,Debit,UPI_Lending_App,270,bad
861,2023-04-14,Debit,Discretionary,526,bad
861,2023-04-18,Debit,UPI_Lending_App,152,bad
861,2023-05-05,Credit,Salary,1929,bad
861,2023-05-08,Debit,UPI_Lending_App,119,bad
861,2023-05-10,Debit,Discretionary,126,bad
861,2023-05-12,Debit,UPI_Lending_App,416,bad
861,2023-05-15,Debit,UPI_Lending_App,411,bad
861,2023-05-22,Debit,UPI_Lending_App,439,bad
861,2023-06-06,Credit,Salary,1865,bad
861,2023-06-09,Debit,UPI_Lending_App,202,bad
861,2023-06-22,Debit,UPI_Lending_App,451,bad
861,2023-06-22,Debit,UPI_Lending_App,183,bad
861,2023-06-25,Debit,Discretionary,105,bad
862,2023-01-01,Credit,Salary,2186,bad
862,2023-01-04,Debit,UPI_Lending_App,325,bad
862,2023-01-10,Debit,UPI_Lending_App,82,bad
862,2023-01-16,Debit,UPI_Lending_App,463,bad
862,2023-01-23,Debit,Discretionary,451,bad
862,2023-01-26,Debit,UPI_Lending_App,85,bad
862,2023-01-31,Credit,Salary,1845,bad
862,2023-02-10,Debit,UPI_Lending_App,128,bad
862,2023-02-12,Debit,UPI_Lending_App,214,bad
862,2023-02-18,Debit,Discretionary,508,bad
862,2023-02-22,Debit,UPI_Lending_App,430,bad
862,2023-02-24,Debit,UPI_Lending_App,423,bad
862,2023-03-02,Credit,Salary,2050,bad
862,2023-03-06,Debit,UPI_Lending_App,404,bad
862,2023-03-15,Debit,Discretionary,507,bad
862,2023-03-22,Debit,UPI_Lending_App,390,bad
862,2023-04-01,Credit,Salary,2032,bad
862,2023-04-11,Debit,UPI_Lending_App,111,bad
862,2023-04-23,Debit,Discretionary,526,bad
862,2023-05-01,Credit,Salary,2030,bad
862,2023-05-18,Debit,Discretionary,80,bad
862,2023-05-24,Debit,UPI_Lending_App,405,bad
862,2023-05-31,Credit,Salary,1859,bad
862,2023-06-03,Debit,UPI_Lending_App,335,bad
862,2023-06-16,Debit,UPI_Lending_App,141,bad
862,2023-06-20,Debit,Discretionary,120,bad
862,2023-06-28,Debit,UPI_Lending_App,230,bad
863,2023-01-01,Credit,Salary,1928,good
863,2023-01-18,Debit,UPI_Lending_App,206,good
863,2023-01-23,Debit,Discretionary,466,good
863,2023-01-31,Credit,Salary,1860,good
863,2023-02-09,Debit,Discretionary,450,good
863,2023-03-02,Credit,Salary,2005,good
863,2023-03-19,Debit,Discretionary,460,good
863,2023-04-01,Credit,Salary,2035,good
863,2023-04-11,Debit,Discretionary,502,good
863,2023-05-01,Credit,Salary,1816,good
863,2023-05-11,Debit,Discretionary,513,good
863,2023-05-31,Credit,Salary,1942,good
863,2023-06-24,Debit,Discretionary,459,good
864,2023-01-01,Credit,Salary,2199,bad
864,2023-01-12,Debit,Discretionary,458,bad
864,2023-01-19,Debit,UPI_Lending_App,135,bad
864,2023-01-23,Debit,UPI_Lending_App,411,bad
864,2023-01-31,Credit,Salary,1834,bad
864,2023-02-06,Debit,Discretionary,528,bad
864,2023-02-27,Debit,UPI_Lending_App,417,bad
864,2023-03-02,Credit,Salary,1956,bad
864,2023-03-07,Debit,Discretionary,461,bad
864,2023-03-18,Debit,UPI_Lending_App,411,bad
864,2023-03-27,Debit,UPI_Lending_App,294,bad
864,2023-04-01,Credit,Salary,1843,bad
864,2023-04-07,Debit,UPI_Lending_App,475,bad
864,2023-04-10,Debit,UPI_Lending_App,363,bad
864,2023-04-24,Debit,Discretionary,461,bad
864,2023-05-01,Credit,Salary,2054,bad
864,2023-05-08,Debit,UPI_Lending_App,399,bad
864,2023-05-12,Debit,Discretionary,82,bad
864,2023-05-26,Debit,UPI_Lending_App,397,bad
864,2023-05-31,Credit,Salary,1914,bad
864,2023-06-03,Debit,UPI_Lending_App,181,bad
864,2023-06-05,Debit,UPI_Lending_App,352,bad
864,2023-06-12,Debit,Discretionary,142,bad
864,2023-06-26,Debit,UPI_Lending_App,51,bad
865,2023-01-01,Credit,Salary,1979,good
865,2023-01-18,Debit,Discretionary,488,good
865,2023-01-31,Credit,Salary,2087,good
865,2023-02-17,Debit,Discretionary,463,good
865,2023-03-02,Credit,Salary,1823,good
865,2023-03-11,Debit,Discretionary,525,good
865,2023-04-01,Credit,Salary,2077,good
865,2023-04-18,Debit,Discretionary,453,good
865,2023-05-01,Credit,Salary,2004,good
865,2023-05-06,Debit,Discretionary,464,good
865,2023-05-31,Credit,Salary,2119,good
865,2023-06-16,Debit,Discretionary,522,good
866,2023-01-01,Credit,Salary,2081,good
866,2023-01-23,Debit,Discretionary,451,good
866,2023-01-31,Credit,Salary,2068,good
866,2023-02-10,Debit,Discretionary,542,good
866,2023-03-02,Credit,Salary,2021,good
866,2023-03-21,Debit,Discretionary,458,good
866,2023-04-01,Credit,Salary,2108,good
866,2023-04-15,Debit,Discretionary,536,good
866,2023-04-19,Debit,UPI_Lending_App,89,good
866,2023-05-01,Credit,Salary,1855,good
866,2023-05-09,Debit,Discretionary,508,good
866,2023-05-31,Credit,Salary,1927,good
866,2023-06-13,Debit,Discretionary,537,good
867,2023-01-01,Credit,Salary,2043,good
867,2023-01-22,Debit,Discretionary,505,good
867,2023-01-31,Credit,Salary,1854,good
867,2023-02-06,Debit,Discretionary,509,good
867,2023-02-10,Debit,UPI_Lending_App,157,good
867,2023-03-02,Credit,Salary,1967,good
867,2023-03-11,Debit,Discretionary,514,good
867,2023-04-01,Credit,Salary,1897,good
867,2023-04-16,Debit,Discretionary,457,good
867,2023-05-01,Credit,Salary,1923,good
867,2023-05-11,Debit,Discretionary,484,good
867,2023-05-31,Credit,Salary,1868,good
867,2023-06-16,Debit,Discretionary,478,good
868,2023-01-01,Credit,Salary,1961,good
868,2023-01-20,Debit,Discretionary,482,good
868,2023-01-31,Credit,Salary,2076,good
868,2023-02-24,Debit,Discretionary,451,good
868,2023-03-02,Credit,Salary,2083,good
868,2023-03-16,Debit,Discretionary,498,good
868,2023-04-01,Credit,Salary,1905,good
868,2023-04-08,Debit,Discretionary,487,good
868,2023-05-01,Credit,Salary,2175,good
868,2023-05-17,Debit,Discretionary,453,good
868,2023-05-31,Credit,Salary,2166,good
868,2023-06-13,Debit,Discretionary,472,good
869,2023-01-01,Credit,Salary,1973,good
869,2023-01-24,Debit,Discretionary,467,good
869,2023-01-31,Credit,Salary,2012,good
869,2023-02-24,Debit,Discretionary,477,good
869,2023-03-02,Credit,Salary,1873,good
869,2023-03-13,Debit,Discretionary,544,good
869,2023-04-01,Credit,Salary,2093,good
869,2023-04-16,Debit,Discretionary,503,good
869,2023-04-26,Debit,UPI_Lending_App,466,good
869,2023-05-01,Credit,Salary,2150,good
869,2023-05-10,Debit,Discretionary,527,good
869,2023-05-31,Credit,Salary,2171,good
869,2023-06-06,Debit,Discretionary,538,good
870,2023-01-01,Credit,Salary,2191,good
870,2023-01-23,Debit,Discretionary,521,good
870,2023-01-31,Credit,Salary,1967,good
870,2023-02-25,Debit,Discretionary,480,good
870,2023-03-02,Credit,Salary,1997,good
870,2023-03-21,Debit,Discretionary,476,good
870,2023-04-01,Credit,Salary,2095,good
870,2023-04-25,Debit,Discretionary,534,good
870,2023-05-01,Credit,Salary,2078,good
870,2023-05-20,Debit,Discretionary,455,good
870,2023-05-31,Credit,Salary,2177,good
870,2023-06-10,Debit,Discretionary,473,good
871,2023-01-01,Credit,Salary,2033,good
871,2023-01-13,Debit,Discretionary,471,good
871,2023-01-31,Credit,Salary,2072,good
871,2023-02-08,Debit,Discretionary,517,good
871,2023-03-02,Credit,Salary,1904,good
871,2023-03-16,Debit,Discretionary,541,good
871,2023-04-01,Credit,Salary,1801,good
871,2023-04-20,Debit,UPI_Lending_App,227,good
871,2023-04-21,Debit,Discretionary,539,good
871,2023-05-01,Credit,Salary,1993,good
871,2023-05-21,Debit,Discretionary,546,good
871,2023-05-31,Credit,Salary,1836,good
871,2023-06-14,Debit,Discretionary,548,good
872,2023-01-01,Credit,Salary,1891,good
872,2023-01-15,Debit,Discretionary,453,good
872,2023-01-31,Credit,Salary,1857,good
872,2023-02-17,Debit,Discretionary,489,good
872,2023-03-02,Credit,Salary,1982,good
872,2023-03-17,Debit,Discretionary,519,good
872,2023-04-01,Credit,Salary,2003,good
872,2023-04-14,Debit,UPI_Lending_App,202,good
872,2023-04-21,Debit,Discretionary,545,good
872,2023-05-01,Credit,Salary,2180,good
872,2023-05-14,Debit,Discretionary,485,good
872,2023-05-31,Credit,Salary,2047,good
872,2023-06-20,Debit,Discretionary,457,good
873,2023-01-01,Credit,Salary,1876,good
873,2023-01-06,Debit,Discretionary,505,good
873,2023-01-31,Credit,Salary,2039,good
873,2023-02-18,Debit,Discretionary,490,good
873,2023-03-02,Credit,Salary,2100,good
873,2023-03-13,Debit,Discretionary,502,good
873,2023-04-01,Credit,Salary,1826,good
873,2023-04-10,Debit,Discretionary,530,good
873,2023-05-01,Credit,Salary,1889,good
873,2023-05-15,Debit,Discretionary,460,good
873,2023-05-31,Credit,Salary,1995,good
873,2023-06-07,Debit,Discretionary,463,good
874,2023-01-01,Credit,Salary,1994,good
874,2023-01-24,Debit,Discretionary,509,good
874,2023-01-31,Credit,Salary,2059,good
874,2023-02-13,Debit,Discretionary,485,good
874,2023-03-02,Credit,Salary,1810,good
874,2023-03-19,Debit,Discretionary,467,good
874,2023-04-01,Credit,Salary,1883,good
874,2023-04-09,Debit,Discretionary,454,good
874,2023-05-01,Credit,Salary,1889,good
874,2023-05-19,Debit,Discretionary,474,good
874,2023-05-31,Credit,Salary,2042,good
874,2023-06-25,Debit,Discretionary,514,good
875,2023-01-01,Credit,Salary,1837,good
875,2023-01-09,Debit,Discretionary,545,good
875,2023-01-31,Credit,Salary,2047,good
875,2023-02-19,Debit,Discretionary,479,good
875,2023-03-02,Credit,Salary,2197,good
875,2023-03-11,Debit,Discretionary,501,good
875,2023-04-01,Credit,Salary,2039,good
875,2023-04-15,Debit,Discretionary,470,good
875,2023-05-01,Credit,Salary,2069,good
875,2023-05-20,Debit,Discretionary,499,good
875,2023-05-31,Credit,Salary,1845,good
875,2023-06-18,Debit,Discretionary,520,good
876,2023-01-01,Credit,Salary,2170,good
876,2023-01-18,Debit,Discretionary,472,good
876,2023-01-31,Credit,Salary,2024,good
876,2023-02-09,Debit,Discretionary,521,good
876,2023-03-02,Credit,Salary,2093,good
876,2023-03-19,Debit,Discretionary,532,good
876,2023-04-01,Credit,Salary,1886,good
876,2023-04-21,Debit,Discretionary,492,good
876,2023-05-01,Credit,Salary,1809,good
876,2023-05-08,Debit,Discretionary,542,good
876,2023-05-31,Credit,Salary,1854,good
876,2023-06-23,Debit,Discretionary,488,good
877,2023-01-01,Credit,Salary,1893,good
877,2023-01-14,Debit,Discretionary,458,good
877,2023-01-31,Credit,Salary,1993,good
877,2023-02-25,Debit,Discretionary,520,good
877,2023-03-02,Credit,Salary,2164,good
877,2023-03-21,Debit,Discretionary,546,good
877,2023-04-01,Credit,Salary,1862,good
877,2023-04-09,Debit,Discretionary,498,good
877,2023-05-01,Credit,Salary,2009,good
877,2023-05-09,Debit,Discretionary,468,good
877,2023-05-31,Credit,Salary,2166,good
877,2023-06-14,Debit,Discretionary,525,good
878,2023-01-01,Credit,Salary,1969,bad
878,2023-01-17,Debit,UPI_Lending_App,194,bad
878,2023-01-24,Debit,UPI_Lending_App,275,bad
878,2023-01-26,Debit,Discretionary,539,bad
878,2023-01-29,Debit,UPI_Lending_App,319,bad
878,2023-01-31,Credit,Salary,1924,bad
878,2023-02-08,Debit,UPI_Lending_App,397,bad
878,2023-02-16,Debit,UPI_Lending_App,459,bad
878,2023-02-23,Debit,Discretionary,503,bad
878,2023-03-02,Credit,Salary,1901,bad
878,2023-03-12,Debit,UPI_Lending_App,177,bad
878,2023-03-23,Debit,Discretionary,456,bad
878,2023-04-01,Credit,Salary,2084,bad
878,2023-04-06,Debit,Discretionary,505,bad
878,2023-04-07,Debit,UPI_Lending_App,162,bad
878,2023-04-08,Debit,UPI_Lending_App,172,bad
878,2023-05-06,Debit,UPI_Lending_App,408,bad
878,2023-05-07,Credit,Salary,2054,bad
878,2023-05-09,Debit,UPI_Lending_App,157,bad
878,2023-05-11,Debit,UPI_Lending_App,124,bad
878,2023-05-11,Debit,Discretionary,124,bad
878,2023-05-17,Debit,UPI_Lending_App,225,bad
878,2023-05-22,Debit,UPI_Lending_App,399,bad
878,2023-05-31,Credit,Salary,2130,bad
878,2023-06-02,Debit,UPI_Lending_App,240,bad
878,2023-06-05,Debit,UPI_Lending_App,393,bad
878,2023-06-06,Debit,UPI_Lending_App,222,bad
878,2023-06-19,Debit,Discretionary,111,bad
879,2023-01-01,Credit,Salary,2042,good
879,2023-01-20,Debit,Discretionary,474,good
879,2023-01-31,Credit,Salary,2066,good
879,2023-02-21,Debit,Discretionary,482,good
879,2023-03-02,Credit,Salary,2042,good
879,2023-03-14,Debit,Discretionary,542,good
879,2023-03-21,Debit,UPI_Lending_App,62,good
879,2023-04-01,Credit,Salary,2046,good
879,2023-04-06,Debit,Discretionary,487,good
879,2023-05-01,Credit,Salary,1829,good
879,2023-05-26,Debit,Discretionary,472,good
879,2023-05-31,Credit,Salary,1953,good
879,2023-06-24,Debit,Discretionary,456,good
880,2023-01-01,Credit,Salary,2166,good
880,2023-01-16,Debit,Discretionary,490,good
880,2023-01-31,Credit,Salary,2126,good
880,2023-02-22,Debit,Discretionary,528,good
880,2023-03-02,Credit,Salary,1832,good
880,2023-03-27,Debit,Discretionary,523,good
880,2023-04-01,Credit,Salary,1902,good
880,2023-04-06,Debit,Discretionary,502,good
880,2023-05-01,Credit,Salary,2196,good
880,2023-05-23,Debit,Discretionary,475,good
880,2023-05-31,Credit,Salary,2068,good
880,2023-06-22,Debit,Discretionary,484,good
881,2023-01-01,Credit,Salary,2000,good
881,2023-01-06,Debit,Discretionary,456,good
881,2023-01-31,Credit,Salary,2031,good
881,2023-02-25,Debit,Discretionary,472,good
881,2023-03-02,Credit,Salary,1949,good
881,2023-03-10,Debit,Discretionary,547,good
881,2023-03-29,Debit,UPI_Lending_App,242,good
881,2023-04-01,Credit,Salary,2005,good
881,2023-04-17,Debit,Discretionary,475,good
881,2023-05-01,Credit,Salary,1876,good
881,2023-05-08,Debit,Discretionary,490,good
881,2023-05-31,Credit,Salary,2176,good
881,2023-06-04,Debit,UPI_Lending_App,376,good
881,2023-06-13,Debit,Discretionary,466,good
882,2023-01-01,Credit,Salary,1840,good
882,2023-01-07,Debit,Discretionary,474,good
882,2023-01-31,Credit,Salary,2031,good
882,2023-02-13,Debit,Discretionary,475,good
882,2023-02-18,Debit,UPI_Lending_App,135,good
882,2023-03-02,Credit,Salary,2197,good
882,2023-03-08,Debit,Discretionary,538,good
882,2023-04-01,Credit,Salary,2111,good
882,2023-04-04,Debit,UPI_Lending_App,398,good
882,2023-04-22,Debit,Discretionary,453,good
882,2023-05-01,Credit,Salary,2113,good
882,2023-05-25,Debit,Discretionary,526,good
882,2023-05-31,Credit,Salary,1951,good
882,2023-06-06,Debit,Discretionary,531,good
883,2023-01-01,Credit,Salary,1855,good
883,2023-01-11,Debit,Discretionary,453,good
883,2023-01-31,Credit,Salary,1960,good
883,2023-02-05,Debit,Discretionary,535,good
883,2023-03-02,Credit,Salary,2051,good
883,2023-03-12,Debit,Discretionary,523,good
883,2023-04-01,Credit,Salary,1857,good
883,2023-04-10,Debit,Discretionary,522,good
883,2023-05-01,Credit,Salary,1846,good
883,2023-05-20,Debit,Discretionary,541,good
883,2023-05-31,Credit,Salary,2110,good
883,2023-06-12,Debit,Discretionary,476,good
884,2023-01-01,Credit,Salary,2196,bad
884,2023-01-06,Debit,UPI_Lending_App,222,bad
884,2023-01-24,Debit,Discretionary,495,bad
884,2023-01-31,Credit,Salary,1816,bad
884,2023-02-09,Debit,UPI_Lending_App,181,bad
884,2023-02-14,Debit,UPI_Lending_App,333,bad
884,2023-02-16,Debit,UPI_Lending_App,409,bad
884,2023-02-21,Debit,Discretionary,499,bad
884,2023-02-22,Debit,UPI_Lending_App,130,bad
884,2023-03-02,Credit,Salary,1871,bad
884,2023-03-05,Debit,UPI_Lending_App,117,bad
884,2023-03-15,Debit,UPI_Lending_App,145,bad
884,2023-03-19,Debit,UPI_Lending_App,328,bad
884,2023-03-25,Debit,UPI_Lending_App,181,bad
884,2023-03-27,Debit,Discretionary,501,bad
884,2023-03-29,Debit,UPI_Lending_App,121,bad
884,2023-04-01,Credit,Salary,2199,bad
884,2023-04-22,Debit,Discretionary,501,bad
884,2023-04-24,Debit,UPI_Lending_App,61,bad
884,2023-05-04,Credit,Salary,2132,bad
884,2023-05-18,Debit,UPI_Lending_App,190,bad
884,2023-05-18,Debit,Discretionary,106,bad
884,2023-05-20,Debit,UPI_Lending_App,75,bad
884,2023-06-01,Debit,UPI_Lending_App,377,bad
884,2023-06-05,Credit,Salary,2110,bad
884,2023-06-12,Debit,UPI_Lending_App,261,bad
884,2023-06-16,Debit,UPI_Lending_App,113,bad
884,2023-06-18,Debit,UPI_Lending_App,277,bad
884,2023-06-25,Debit,Discretionary,97,bad
885,2023-01-01,Credit,Salary,2004,bad
885,2023-01-05,Debit,UPI_Lending_App,134,bad
885,2023-01-06,Debit,UPI_Lending_App,137,bad
885,2023-01-23,Debit,Discretionary,522,bad
885,2023-01-24,Debit,UPI_Lending_App,417,bad
885,2023-01-31,Credit,Salary,2083,bad
885,2023-02-09,Debit,UPI_Lending_App,318,bad
885,2023-02-11,Debit,UPI_Lending_App,94,bad
885,2023-02-14,Debit,UPI_Lending_App,191,bad
885,2023-02-19,Debit,UPI_Lending_App,128,bad
885,2023-02-20,Debit,Discretionary,512,bad
885,2023-02-22,Debit,UPI_Lending_App,108,bad
885,2023-03-02,Credit,Salary,1932,bad
885,2023-03-23,Debit,Discretionary,504,bad
885,2023-03-29,Debit,UPI_Lending_App,427,bad
885,2023-04-01,Credit,Salary,1991,bad
885,2023-04-02,Debit,UPI_Lending_App,232,bad
885,2023-04-05,Debit,UPI_Lending_App,67,bad
885,2023-04-12,Debit,UPI_Lending_App,149,bad
885,2023-04-16,Debit,Discretionary,534,bad
885,2023-04-24,Debit,UPI_Lending_App,443,bad
885,2023-04-25,Debit,UPI_Lending_App,416,bad
885,2023-05-01,Credit,Salary,1986,bad
885,2023-05-09,Debit,UPI_Lending_App,215,bad
885,2023-05-23,Debit,Discretionary,140,bad
885,2023-05-31,Credit,Salary,2102,bad
885,2023-06-05,Debit,Discretionary,87,bad
885,2023-06-09,Debit,UPI_Lending_App,323,bad
885,2023-06-12,Debit,UPI_Lending_App,125,bad
885,2023-06-14,Debit,UPI_Lending_App,52,bad
886,2023-01-01,Credit,Salary,1879,good
886,2023-01-06,Debit,Discretionary,549,good
886,2023-01-31,Credit,Salary,1905,good
886,2023-02-07,Debit,Discretionary,482,good
886,2023-03-02,Credit,Salary,1954,good
886,2023-03-23,Debit,Discretionary,508,good
886,2023-04-01,Credit,Salary,1934,good
886,2023-04-13,Debit,Discretionary,522,good
886,2023-05-01,Credit,Salary,2135,good
886,2023-05-13,Debit,Discretionary,462,good
886,2023-05-31,Credit,Salary,2157,good
886,2023-06-21,Debit,Discretionary,463,good
887,2023-01-01,Credit,Salary,1944,bad
887,2023-01-10,Debit,UPI_Lending_App,71,bad
887,2023-01-10,Debit,Discretionary,497,bad
887,2023-01-31,Credit,Salary,1872,bad
887,2023-02-02,Debit,UPI_Lending_App,79,bad
887,2023-02-09,Debit,UPI_Lending_App,112,bad
887,2023-02-24,Debit,Discretionary,475,bad
887,2023-03-02,Credit,Salary,1838,bad
887,2023-03-03,Debit,UPI_Lending_App,264,bad
887,2023-03-08,Debit,UPI_Lending_App,439,bad
887,2023-03-12,Debit,Discretionary,549,bad
887,2023-03-17,Debit,UPI_Lending_App,177,bad
887,2023-03-29,Debit,UPI_Lending_App,307,bad
887,2023-04-01,Credit,Salary,2027,bad
887,2023-04-12,Debit,Discretionary,468,bad
887,2023-04-23,Debit,UPI_Lending_App,481,bad
887,2023-05-01,Credit,Salary,1836,bad
887,2023-05-06,Debit,UPI_Lending_App,454,bad
887,2023-05-18,Debit,UPI_Lending_App,193,bad
887,2023-05-25,Debit,Discretionary,120,bad
887,2023-06-07,Credit,Salary,2160,bad
887,2023-06-09,Debit,UPI_Lending_App,273,bad
887,2023-06-22,Debit,UPI_Lending_App,348,bad
887,2023-06-25,Debit,Discretionary,133,bad
887,2023-06-28,Debit,UPI_Lending_App,419,bad
888,2023-01-01,Credit,Salary,1910,good
888,2023-01-08,Debit,UPI_Lending_App,250,good
888,2023-01-19,Debit,Discretionary,492,good
888,2023-01-31,Credit,Salary,1917,good
888,2023-02-18,Debit,Discretionary,540,good
888,2023-03-02,Credit,Salary,2037,good
888,2023-03-16,Debit,UPI_Lending_App,435,good
888,2023-03-22,Debit,Discretionary,463,good
888,2023-04-01,Credit,Salary,1847,good
888,2023-04-25,Debit,Discretionary,548,good
888,2023-05-01,Credit,Salary,2148,good
888,2023-05-10,Debit,Discretionary,474,good
888,2023-05-31,Credit,Salary,1902,good
888,2023-06-07,Debit,Discretionary,475,good
889,2023-01-01,Credit,Salary,2079,good
889,2023-01-23,Debit,Discretionary,496,good
889,2023-01-31,Credit,Salary,1812,good
889,2023-02-22,Debit,Discretionary,517,good
889,2023-03-02,Credit,Salary,2109,good
889,2023-03-27,Debit,Discretionary,536,good
889,2023-04-01,Credit,Salary,2070,good
889,2023-04-22,Debit,Discretionary,463,good
889,2023-05-01,Credit,Salary,1913,good
889,2023-05-21,Debit,Discretionary,519,good
889,2023-05-31,Credit,Salary,2058,good
889,2023-06-14,Debit,Discretionary,513,good
890,2023-01-01,Credit,Salary,2013,good
890,2023-01-25,Debit,Discretionary,520,good
890,2023-01-31,Credit,Salary,1822,good
890,2023-02-08,Debit,Discretionary,525,good
890,2023-03-02,Credit,Salary,2085,good
890,2023-03-10,Debit,Discretionary,461,good
890,2023-04-01,Credit,Salary,1944,good
890,2023-04-10,Debit,Discretionary,542,good
890,2023-05-01,Credit,Salary,2114,good
890,2023-05-09,Debit,Discretionary,514,good
890,2023-05-18,Debit,UPI_Lending_App,324,good
890,2023-05-31,Credit,Salary,2103,good
890,2023-06-08,Debit,Discretionary,464,good
891,2023-01-01,Credit,Salary,1838,good
891,2023-01-22,Debit,Discretionary,461,good
891,2023-01-31,Credit,Salary,2063,good
891,2023-02-17,Debit,Discretionary,495,good
891,2023-03-02,Credit,Salary,2047,good
891,2023-03-23,Debit,Discretionary,503,good
891,2023-04-01,Credit,Salary,1924,good
891,2023-04-16,Debit,UPI_Lending_App,219,good
891,2023-04-26,Debit,Discretionary,472,good
891,2023-05-01,Credit,Salary,1820,good
891,2023-05-17,Debit,Discretionary,537,good
891,2023-05-31,Credit,Salary,1944,good
891,2023-06-24,Debit,Discretionary,518,good
892,2023-01-01,Credit,Salary,1878,good
892,2023-01-19,Debit,Discretionary,542,good
892,2023-01-31,Credit,Salary,1941,good
892,2023-02-15,Debit,Discretionary,549,good
892,2023-03-02,Credit,Salary,1838,good
892,2023-03-08,Debit,Discretionary,500,good
892,2023-04-01,Credit,Salary,2047,good
892,2023-04-10,Debit,Discretionary,518,good
892,2023-05-01,Credit,Salary,2094,good
892,2023-05-11,Debit,Discretionary,538,good
892,2023-05-31,Credit,Salary,2132,good
892,2023-06-23,Debit,Discretionary,458,good
893,2023-01-01,Credit,Salary,1835,good
893,2023-01-16,Debit,Discretionary,548,good
893,2023-01-31,Credit,Salary,1809,good
893,2023-02-12,Debit,Discretionary,478,good
893,2023-03-02,Credit,Salary,2077,good
893,2023-03-10,Debit,Discretionary,514,good
893,2023-04-01,Credit,Salary,1990,good
893,2023-04-20,Debit,Discretionary,467,good
893,2023-05-01,Credit,Salary,2130,good
893,2023-05-06,Debit,Discretionary,478,good
893,2023-05-31,Credit,Salary,1872,good
893,2023-06-16,Debit,Discretionary,472,good
894,2023-01-01,Credit,Salary,1851,good
894,2023-01-02,Debit,UPI_Lending_App,496,good
894,2023-01-25,Debit,Discretionary,547,good
894,2023-01-31,Credit,Salary,1813,good
894,2023-02-09,Debit,Discretionary,542,good
894,2023-03-02,Credit,Salary,2140,good
894,2023-03-09,Debit,Discretionary,502,good
894,2023-04-01,Credit,Salary,2173,good
894,2023-04-14,Debit,Discretionary,487,good
894,2023-05-01,Credit,Salary,2121,good
894,2023-05-25,Debit,Discretionary,453,good
894,2023-05-31,Credit,Salary,1862,good
894,2023-06-07,Debit,Discretionary,480,good
895,2023-01-01,Credit,Salary,1990,good
895,2023-01-13,Debit,Discretionary,476,good
895,2023-01-31,Credit,Salary,1910,good
895,2023-02-15,Debit,Discretionary,522,good
895,2023-03-02,Credit,Salary,2064,good
895,2023-03-17,Debit,Discretionary,474,good
895,2023-04-01,Credit,Salary,1891,good
895,2023-04-24,Debit,Discretionary,516,good
895,2023-05-01,Credit,Salary,2085,good
895,2023-05-24,Debit,Discretionary,479,good
895,2023-05-31,Credit,Salary,2063,good
895,2023-06-13,Debit,Discretionary,507,good
896,2023-01-01,Credit,Salary,2150,good
896,2023-01-23,Debit,Discretionary,468,good
896,2023-01-31,Credit,Salary,2073,good
896,2023-02-06,Debit,Discretionary,496,good
896,2023-02-15,Debit,UPI_Lending_App,408,good
896,2023-03-02,Credit,Salary,1808,good
896,2023-03-10,Debit,Discretionary,532,good
896,2023-04-01,Credit,Salary,1839,good
896,2023-04-15,Debit,Discretionary,538,good
896,2023-05-01,Credit,Salary,2019,good
896,2023-05-12,Debit,Discretionary,482,good
896,2023-05-31,Credit,Salary,1953,good
896,2023-06-23,Debit,Discretionary,494,good
897,2023-01-01,Credit,Salary,2037,good
897,2023-01-16,Debit,Discretionary,511,good
897,2023-01-31,Credit,Salary,1814,good
897,2023-02-09,Debit,Discretionary,464,good
897,2023-03-02,Credit,Salary,2000,good
897,2023-03-13,Debit,Discretionary,499,good
897,2023-04-01,Credit,Salary,2131,good
897,2023-04-25,Debit,Discretionary,502,good
897,2023-05-01,Credit,Salary,2012,good
897,2023-05-07,Debit,Discretionary,468,good
897,2023-05-31,Credit,Salary,1800,good
897,2023-06-12,Debit,Discretionary,500,good
898,2023-01-01,Credit,Salary,1879,good
898,2023-01-18,Debit,UPI_Lending_App,298,good
898,2023-01-24,Debit,Discretionary,457,good
898,2023-01-31,Credit,Salary,1885,good
898,2023-02-02,Debit,UPI_Lending_App,159,good
898,2023-02-25,Debit,Discretionary,491,good
898,2023-03-02,Credit,Salary,1923,good
898,2023-03-24,Debit,Discretionary,488,good
898,2023-04-01,Credit,Salary,1854,good
898,2023-04-16,Debit,Discretionary,495,good
898,2023-05-01,Credit,Salary,2116,good
898,2023-05-25,Debit,Discretionary,514,good
898,2023-05-31,Credit,Salary,1913,good
898,2023-06-17,Debit,Discretionary,534,good
899,2023-01-01,Credit,Salary,1908,bad
899,2023-01-02,Debit,UPI_Lending_App,262,bad
899,2023-01-08,Debit,Discretionary,529,bad
899,2023-01-16,Debit,UPI_Lending_App,77,bad
899,2023-01-21,Debit,UPI_Lending_App,486,bad
899,2023-01-21,Debit,UPI_Lending_App,430,bad
899,2023-01-24,Debit,UPI_Lending_App,492,bad
899,2023-01-31,Credit,Salary,1900,bad
899,2023-02-09,Debit,UPI_Lending_App,124,bad
899,2023-02-15,Debit,Discretionary,491,bad
899,2023-03-02,Credit,Salary,2027,bad
899,2023-03-06,Debit,UPI_Lending_App,247,bad
899,2023-03-07,Debit,UPI_Lending_App,86,bad
899,2023-03-07,Debit,UPI_Lending_App,317,bad
899,2023-03-07,Debit,Discretionary,460,bad
899,2023-03-09,Debit,UPI_Lending_App,448,bad
899,2023-03-28,Debit,UPI_Lending_App,164,bad
899,2023-04-01,Credit,Salary,1989,bad
899,2023-04-11,Debit,UPI_Lending_App,366,bad
899,2023-04-21,Debit,UPI_Lending_App,67,bad
899,2023-04-26,Debit,Discretionary,451,bad
899,2023-05-01,Credit,Salary,2116,bad
899,2023-05-05,Debit,UPI_Lending_App,123,bad
899,2023-05-06,Debit,Discretionary,55,bad
899,2023-05-08,Debit,UPI_Lending_App,315,bad
899,2023-05-20,Debit,UPI_Lending_App,375,bad
899,2023-05-31,Credit,Salary,2160,bad
899,2023-06-01,Debit,UPI_Lending_App,360,bad
899,2023-06-01,Debit,UPI_Lending_App,336,bad
899,2023-06-07,Debit,Discretionary,114,bad
899,2023-06-11,Debit,UPI_Lending_App,298,bad
899,2023-06-18,Debit,UPI_Lending_App,262,bad
899,2023-06-28,Debit,UPI_Lending_App,227,bad
900,2023-01-01,Credit,Salary,2061,bad
900,2023-01-09,Debit,UPI_Lending_App,441,bad
900,2023-01-18,Debit,Discretionary,480,bad
900,2023-01-19,Debit,UPI_Lending_App,485,bad
900,2023-01-21,Debit,UPI_Lending_App,408,bad
900,2023-01-31,Credit,Salary,1840,bad
900,2023-02-04,Debit,UPI_Lending_App,155,bad
900,2023-02-05,Debit,UPI_Lending_App,462,bad
900,2023-02-05,Debit,Discretionary,452,bad
900,2023-03-02,Credit,Salary,1931,bad
900,2023-03-06,Debit,UPI_Lending_App,412,bad
900,2023-03-06,Debit,UPI_Lending_App,451,bad
900,2023-03-15,Debit,UPI_Lending_App,52,bad
900,2023-03-22,Debit,UPI_Lending_App,130,bad
900,2023-03-26,Debit,Discretionary,515,bad
900,2023-04-01,Credit,Salary,1865,bad
900,2023-04-07,Debit,UPI_Lending_App,175,bad
900,2023-04-11,Debit,UPI_Lending_App,460,bad
900,2023-04-21,Debit,UPI_Lending_App,345,bad
900,2023-04-22,Debit,Discretionary,521,bad
900,2023-04-25,Debit,UPI_Lending_App,195,bad
900,2023-05-01,Credit,Salary,2029,bad
900,2023-05-24,Debit,Discretionary,101,bad
900,2023-05-26,Debit,UPI_Lending_App,298,bad
900,2023-05-27,Debit,UPI_Lending_App,102,bad
900,2023-05-31,Credit,Salary,2031,bad
900,2023-06-09,Debit,Discretionary,128,bad
900,2023-06-11,Debit,UPI_Lending_App,97,bad
901,2023-01-01,Credit,Salary,1869,good
901,2023-01-08,Debit,Discretionary,506,good
901,2023-01-31,Credit,Salary,1998,good
901,2023-02-22,Debit,Discretionary,485,good
901,2023-03-02,Credit,Salary,1846,good
901,2023-03-19,Debit,Discretionary,511,good
901,2023-04-01,Credit,Salary,2040,good
901,2023-04-22,Debit,Discretionary,539,good
901,2023-05-01,Credit,Salary,1981,good
901,2023-05-07,Debit,Discretionary,547,good
901,2023-05-31,Credit,Salary,2160,good
901,2023-06-09,Debit,Discretionary,521,good
902,2023-01-01,Credit,Salary,2035,good
902,2023-01-08,Debit,Discretionary,527,good
902,2023-01-31,Credit,Salary,1987,good
902,2023-02-18,Debit,Discretionary,500,good
902,2023-03-02,Credit,Salary,2152,good
902,2023-03-12,Debit,Discretionary,544,good
902,2023-04-01,Credit,Salary,1806,good
902,2023-04-16,Debit,Discretionary,495,good
902,2023-05-01,Credit,Salary,1939,good
902,2023-05-13,Debit,Discretionary,537,good
902,2023-05-31,Credit,Salary,2156,good
902,2023-06-16,Debit,Discretionary,452,good
903,2023-01-01,Credit,Salary,2126,good
903,2023-01-11,Debit,Discretionary,479,good
903,2023-01-31,Credit,Salary,2099,good
903,2023-02-15,Debit,Discretionary,533,good
903,2023-02-27,Debit,UPI_Lending_App,97,good
903,2023-03-02,Credit,Salary,2199,good
903,2023-03-23,Debit,Discretionary,541,good
903,2023-04-01,Credit,Salary,1981,good
903,2023-04-24,Debit,Discretionary,459,good
903,2023-05-01,Credit,Salary,1940,good
903,2023-05-18,Debit,Discretionary,464,good
903,2023-05-31,Credit,Salary,1997,good
903,2023-06-15,Debit,Discretionary,523,good
904,2023-01-01,Credit,Salary,2095,good
904,2023-01-26,Debit,Discretionary,535,good
904,2023-01-31,Credit,Salary,2108,good
904,2023-02-08,Debit,Discretionary,521,good
904,2023-03-02,Credit,Salary,2160,good
904,2023-03-08,Debit,Discretionary,451,good
904,2023-04-01,Credit,Salary,2151,good
904,2023-04-11,Debit,Discretionary,459,good
904,2023-05-01,Credit,Salary,2021,good
904,2023-05-23,Debit,Discretionary,478,good
904,2023-05-31,Credit,Salary,2043,good
904,2023-06-19,Debit,Discretionary,485,good
905,2023-01-01,Credit,Salary,2153,good
905,2023-01-07,Debit,Discretionary,473,good
905,2023-01-31,Credit,Salary,2141,good
905,2023-02-25,Debit,Discretionary,484,good
905,2023-03-02,Credit,Salary,2163,good
905,2023-03-09,Debit,Discretionary,485,good
905,2023-04-01,Credit,Salary,1806,good
905,2023-04-19,Debit,Discretionary,531,good
905,2023-05-01,Credit,Salary,1893,good
905,2023-05-25,Debit,Discretionary,515,good
905,2023-05-31,Credit,Salary,1888,good
905,2023-06-17,Debit,Discretionary,469,good
906,2023-01-01,Credit,Salary,1800,good
906,2023-01-09,Debit,Discretionary,484,good
906,2023-01-31,Credit,Salary,2067,good
906,2023-02-12,Debit,Discretionary,475,good
906,2023-03-02,Credit,Salary,2067,good
906,2023-03-26,Debit,Discretionary,478,good
906,2023-04-01,Credit,Salary,1921,good
906,2023-04-20,Debit,Discretionary,492,good
906,2023-05-01,Credit,Salary,2192,good
906,2023-05-06,Debit,Discretionary,504,good
906,2023-05-31,Credit,Salary,2083,good
906,2023-06-06,Debit,Discretionary,472,good
907,2023-01-01,Credit,Salary,2079,good
907,2023-01-24,Debit,Discretionary,455,good
907,2023-01-31,Credit,Salary,1932,good
907,2023-02-09,Debit,Discretionary,542,good
907,2023-03-02,Credit,Salary,2140,good
907,2023-03-10,Debit,Discretionary,485,good
907,2023-04-01,Credit,Salary,1864,good
907,2023-04-09,Debit,Discretionary,462,good
907,2023-05-01,Credit,Salary,2125,good
907,2023-05-07,Debit,UPI_Lending_App,151,good
907,2023-05-14,Debit,Discretionary,472,good
907,2023-05-31,Credit,Salary,1877,good
907,2023-06-05,Debit,Discretionary,512,good
908,2023-01-01,Credit,Salary,2138,good
908,2023-01-17,Debit,Discretionary,514,good
908,2023-01-31,Credit,Salary,2073,good
908,2023-02-09,Debit,Discretionary,524,good
908,2023-03-02,Credit,Salary,1998,good
908,2023-03-24,Debit,Discretionary,462,good
908,2023-04-01,Credit,Salary,2039,good
908,2023-04-22,Debit,Discretionary,541,good
908,2023-05-01,Credit,Salary,1876,good
908,2023-05-11,Debit,Discretionary,514,good
908,2023-05-31,Credit,Salary,2168,good
908,2023-06-18,Debit,Discretionary,501,good
909,2023-01-01,Credit,Salary,1816,good
909,2023-01-13,Debit,Discretionary,460,good
909,2023-01-31,Credit,Salary,2074,good
909,2023-02-15,Debit,Discretionary,510,good
909,2023-03-02,Credit,Salary,1882,good
909,2023-03-08,Debit,Discretionary,521,good
909,2023-04-01,Credit,Salary,1927,good
909,2023-04-19,Debit,Discretionary,485,good
909,2023-05-01,Credit,Salary,1956,good
909,2023-05-10,Debit,Discretionary,530,good
909,2023-05-31,Credit,Salary,2196,good
909,2023-06-16,Debit,Discretionary,540,good
910,2023-01-01,Credit,Salary,2137,good
910,2023-01-07,Debit,Discretionary,497,good
910,2023-01-31,Credit,Salary,2012,good
910,2023-02-14,Debit,Discretionary,456,good
910,2023-03-02,Credit,Salary,1873,good
910,2023-03-07,Debit,Discretionary,516,good
910,2023-04-01,Credit,Salary,1934,good
910,2023-04-12,Debit,Discretionary,497,good
910,2023-05-01,Credit,Salary,1836,good
910,2023-05-11,Debit,Discretionary,532,good
910,2023-05-27,Debit,UPI_Lending_App,336,good
910,2023-05-31,Credit,Salary,2076,good
910,2023-06-14,Debit,Discretionary,535,good
911,2023-01-01,Credit,Salary,1878,bad
911,2023-01-06,Debit,UPI_Lending_App,235,bad
911,2023-01-06,Debit,Discretionary,530,bad
911,2023-01-08,Debit,UPI_Lending_App,310,bad
911,2023-01-13,Debit,UPI_Lending_App,403,bad
911,2023-01-27,Debit,UPI_Lending_App,78,bad
911,2023-01-31,Credit,Salary,1927,bad
911,2023-02-07,Debit,Discretionary,546,bad
911,2023-02-16,Debit,UPI_Lending_App,466,bad
911,2023-02-23,Debit,UPI_Lending_App,150,bad
911,2023-03-02,Credit,Salary,2117,bad
911,2023-03-04,Debit,UPI_Lending_App,402,bad
911,2023-03-07,Debit,Discretionary,453,bad
911,2023-04-01,Credit,Salary,1841,bad
911,2023-04-04,Debit,UPI_Lending_App,159,bad
911,2023-04-10,Debit,Discretionary,507,bad
911,2023-04-11,Debit,UPI_Lending_App,71,bad
911,2023-04-18,Debit,UPI_Lending_App,150,bad
911,2023-05-01,Credit,Salary,2161,bad
911,2023-05-02,Debit,UPI_Lending_App,485,bad
911,2023-05-25,Debit,Discretionary,89,bad
911,2023-06-04,Credit,Salary,1834,bad
911,2023-06-10,Debit,Discretionary,51,bad
911,2023-06-25,Debit,UPI_Lending_App,276,bad
911,2023-06-25,Debit,UPI_Lending_App,124,bad
912,2023-01-01,Credit,Salary,1926,good
912,2023-01-14,Debit,Discretionary,480,good
912,2023-01-31,Credit,Salary,2024,good
912,2023-02-07,Debit,Discretionary,500,good
912,2023-03-02,Credit,Salary,2122,good
912,2023-03-14,Debit,Discretionary,506,good
912,2023-04-01,Credit,Salary,2154,good
912,2023-04-06,Debit,Discretionary,519,good
912,2023-05-01,Credit,Salary,1828,good
912,2023-05-08,Debit,Discretionary,511,good
912,2023-05-31,Credit,Salary,2136,good
912,2023-06-06,Debit,Discretionary,467,good
913,2023-01-01,Credit,Salary,1916,good
913,2023-01-08,Debit,Discretionary,500,good
913,2023-01-31,Credit,Salary,2155,good
913,2023-02-16,Debit,Discretionary,539,good
913,2023-02-26,Debit,UPI_Lending_App,431,good
913,2023-03-02,Credit,Salary,2198,good
913,2023-03-14,Debit,Discretionary,459,good
913,2023-04-01,Credit,Salary,2115,good
913,2023-04-13,Debit,Discretionary,497,good
913,2023-05-01,Credit,Salary,2012,good
913,2023-05-15,Debit,Discretionary,511,good
913,2023-05-31,Credit,Salary,2008,good
913,2023-06-24,Debit,Discretionary,495,good
914,2023-01-01,Credit,Salary,1872,bad
914,2023-01-08,Debit,UPI_Lending_App,242,bad
914,2023-01-10,Debit,UPI_Lending_App,299,bad
914,2023-01-15,Debit,UPI_Lending_App,400,bad
914,2023-01-22,Debit,Discretionary,460,bad
914,2023-01-31,Credit,Salary,2165,bad
914,2023-02-06,Debit,Discretionary,534,bad
914,2023-02-07,Debit,UPI_Lending_App,376,bad
914,2023-02-11,Debit,UPI_Lending_App,300,bad
914,2023-02-18,Debit,UPI_Lending_App,379,bad
914,2023-02-22,Debit,UPI_Lending_App,386,bad
914,2023-02-26,Debit,UPI_Lending_App,357,bad
914,2023-03-02,Credit,Salary,2005,bad
914,2023-03-06,Debit,UPI_Lending_App,270,bad
914,2023-03-27,Debit,Discretionary,514,bad
914,2023-04-01,Credit,Salary,2093,bad
914,2023-04-09,Debit,UPI_Lending_App,97,bad
914,2023-04-11,Debit,UPI_Lending_App,111,bad
914,2023-04-14,Debit,UPI_Lending_App,54,bad
914,2023-04-14,Debit,Discretionary,509,bad
914,2023-04-20,Debit,UPI_Lending_App,190,bad
914,2023-04-21,Debit,UPI_Lending_App,112,bad
914,2023-05-05,Credit,Salary,1913,bad
914,2023-05-10,Debit,UPI_Lending_App,442,bad
914,2023-05-11,Debit,Discretionary,70,bad
914,2023-05-14,Debit,UPI_Lending_App,284,bad
914,2023-05-15,Debit,UPI_Lending_App,70,bad
914,2023-05-22,Debit,UPI_Lending_App,372,bad
914,2023-05-31,Credit,Salary,1801,bad
914,2023-06-02,Debit,UPI_Lending_App,484,bad
914,2023-06-10,Debit,UPI_Lending_App,347,bad
914,2023-06-17,Debit,Discretionary,52,bad
914,2023-06-18,Debit,UPI_Lending_App,171,bad
914,2023-06-22,Debit,UPI_Lending_App,76,bad
914,2023-06-23,Debit,UPI_Lending_App,169,bad
915,2023-01-01,Credit,Salary,2073,bad
915,2023-01-09,Debit,Discretionary,503,bad
915,2023-01-10,Debit,UPI_Lending_App,377,bad
915,2023-01-13,Debit,UPI_Lending_App,69,bad
915,2023-01-31,Credit,Salary,1905,bad
915,2023-02-02,Debit,UPI_Lending_App,207,bad
915,2023-02-06,Debit,UPI_Lending_App,305,bad
915,2023-02-10,Debit,UPI_Lending_App,354,bad
915,2023-02-12,Debit,UPI_Lending_App,145,bad
915,2023-02-15,Debit,Discretionary,500,bad
915,2023-02-25,Debit,UPI_Lending_App,55,bad
915,2023-03-02,Credit,Salary,1819,bad
915,2023-03-15,Debit,UPI_Lending_App,453,bad
915,2023-03-20,Debit,UPI_Lending_App,351,bad
915,2023-03-23,Debit,UPI_Lending_App,90,bad
915,2023-03-23,Debit,Discretionary,458,bad
915,2023-03-25,Debit,UPI_Lending_App,224,bad
915,2023-03-29,Debit,UPI_Lending_App,473,bad
915,2023-04-01,Credit,Salary,1987,bad
915,2023-04-12,Debit,UPI_Lending_App,284,bad
915,2023-04-18,Debit,UPI_Lending_App,85,bad
915,2023-04-23,Debit,Discretionary,456,bad
915,2023-05-01,Credit,Salary,2133,bad
915,2023-05-06,Debit,UPI_Lending_App,157,bad
915,2023-05-06,Debit,UPI_Lending_App,89,bad
915,2023-05-11,Debit,Discretionary,113,bad
915,2023-05-23,Debit,UPI_Lending_App,85,bad
915,2023-06-07,Credit,Salary,1876,bad
915,2023-06-08,Debit,Discretionary,147,bad
915,2023-06-13,Debit,UPI_Lending_App,185,bad
915,2023-06-25,Debit,UPI_Lending_App,362,bad
916,2023-01-01,Credit,Salary,1939,good
916,2023-01-13,Debit,Discretionary,452,good
916,2023-01-31,Credit,Salary,2089,good
916,2023-02-15,Debit,Discretionary,484,good
916,2023-03-02,Credit,Salary,2144,good
916,2023-03-14,Debit,Discretionary,470,good
916,2023-04-01,Credit,Salary,2166,good
916,2023-04-06,Debit,Discretionary,539,good
916,2023-05-01,Credit,Salary,1822,good
916,2023-05-08,Debit,Discretionary,515,good
916,2023-05-31,Credit,Salary,1824,good
916,2023-06-24,Debit,Discretionary,533,good
917,2023-01-01,Credit,Salary,1854,bad
917,2023-01-02,Debit,UPI_Lending_App,349,bad
917,2023-01-08,Debit,UPI_Lending_App,411,bad
917,2023-01-11,Debit,UPI_Lending_App,266,bad
917,2023-01-12,Debit,Discretionary,451,bad
917,2023-01-21,Debit,UPI_Lending_App,292,bad
917,2023-01-25,Debit,UPI_Lending_App,429,bad
917,2023-01-31,Credit,Salary,2122,bad
917,2023-02-04,Debit,UPI_Lending_App,338,bad
917,2023-02-06,Debit,Discretionary,513,bad
917,2023-02-07,Debit,UPI_Lending_App,121,bad
917,2023-03-02,Credit,Salary,1827,bad
917,2023-03-11,Debit,Discretionary,539,bad
917,2023-03-25,Debit,UPI_Lending_App,251,bad
917,2023-04-01,Credit,Salary,1966,bad
917,2023-04-15,Debit,UPI_Lending_App,177,bad
917,2023-04-20,Debit,UPI_Lending_App,106,bad
917,2023-04-26,Debit,Discretionary,547,bad
917,2023-04-28,Debit,UPI_Lending_App,407,bad
917,2023-05-07,Credit,Salary,1942,bad
917,2023-05-13,Debit,UPI_Lending_App,479,bad
917,2023-05-15,Debit,UPI_Lending_App,391,bad
917,2023-05-15,Debit,Discretionary,55,bad
917,2023-05-20,Debit,UPI_Lending_App,425,bad
917,2023-05-26,Debit,UPI_Lending_App,453,bad
917,2023-05-28,Debit,UPI_Lending_App,136,bad
917,2023-06-06,Debit,Discretionary,56,bad
917,2023-06-07,Credit,Salary,1801,bad
917,2023-06-20,Debit,UPI_Lending_App,151,bad
918,2023-01-01,Credit,Salary,1912,bad
918,2023-01-07,Debit,Discretionary,466,bad
918,2023-01-11,Debit,UPI_Lending_App,129,bad
918,2023-01-11,Debit,UPI_Lending_App,373,bad
918,2023-01-15,Debit,UPI_Lending_App,98,bad
918,2023-01-27,Debit,UPI_Lending_App,478,bad
918,2023-01-31,Credit,Salary,2185,bad
918,2023-02-04,Debit,UPI_Lending_App,350,bad
918,2023-02-18,Debit,UPI_Lending_App,303,bad
918,2023-02-20,Debit,UPI_Lending_App,308,bad
918,2023-02-22,Debit,Discretionary,523,bad
918,2023-02-28,Debit,UPI_Lending_App,170,bad
918,2023-03-02,Credit,Salary,1842,bad
918,2023-03-06,Debit,UPI_Lending_App,57,bad
918,2023-03-15,Debit,UPI_Lending_App,417,bad
918,2023-03-18,Debit,Discretionary,514,bad
918,2023-03-29,Debit,UPI_Lending_App,394,bad
918,2023-03-30,Debit,UPI_Lending_App,423,bad
918,2023-04-01,Credit,Salary,1844,bad
918,2023-04-05,Debit,UPI_Lending_App,358,bad
918,2023-04-09,Debit,UPI_Lending_App,175,bad
918,2023-04-21,Debit,UPI_Lending_App,417,bad
918,2023-04-21,Debit,Discretionary,508,bad
918,2023-04-28,Debit,UPI_Lending_App,284,bad
918,2023-05-07,Credit,Salary,2167,bad
918,2023-05-13,Debit,Discretionary,112,bad
918,2023-05-16,Debit,UPI_Lending_App,499,bad
918,2023-05-21,Debit,UPI_Lending_App,424,bad
918,2023-05-23,Debit,UPI_Lending_App,104,bad
918,2023-05-26,Debit,UPI_Lending_App,111,bad
918,2023-05-28,Debit,UPI_Lending_App,198,bad
918,2023-06-07,Credit,Salary,2180,bad
918,2023-06-11,Debit,UPI_Lending_App,332,bad
918,2023-06-12,Debit,Discretionary,90,bad
918,2023-06-15,Debit,UPI_Lending_App,206,bad
918,2023-06-17,Debit,UPI_Lending_App,230,bad
918,2023-06-19,Debit,UPI_Lending_App,271,bad
918,2023-06-19,Debit,UPI_Lending_App,339,bad
919,2023-01-01,Credit,Salary,1846,bad
919,2023-01-09,Debit,UPI_Lending_App,79,bad
919,2023-01-17,Debit,UPI_Lending_App,191,bad
919,2023-01-17,Debit,Discretionary,485,bad
919,2023-01-20,Debit,UPI_Lending_App,456,bad
919,2023-01-25,Debit,UPI_Lending_App,386,bad
919,2023-01-27,Debit,UPI_Lending_App,362,bad
919,2023-01-31,Credit,Salary,1902,bad
919,2023-02-25,Debit,Discretionary,475,bad
919,2023-02-27,Debit,UPI_Lending_App,306,bad
919,2023-02-28,Debit,UPI_Lending_App,225,bad
919,2023-03-02,Credit,Salary,2112,bad
919,2023-03-07,Debit,UPI_Lending_App,344,bad
919,2023-03-23,Debit,Discretionary,450,bad
919,2023-03-24,Debit,UPI_Lending_App,329,bad
919,2023-03-24,Debit,UPI_Lending_App,259,bad
919,2023-03-25,Debit,UPI_Lending_App,473,bad
919,2023-03-27,Debit,UPI_Lending_App,340,bad
919,2023-04-01,Credit,Salary,2056,bad
919,2023-04-06,Debit,UPI_Lending_App,282,bad
919,2023-04-12,Debit,UPI_Lending_App,189,bad
919,2023-04-15,Debit,UPI_Lending_App,217,bad
919,2023-04-18,Debit,Discretionary,493,bad
919,2023-04-19,Debit,UPI_Lending_App,89,bad
919,2023-04-26,Debit,UPI_Lending_App,433,bad
919,2023-05-05,Credit,Salary,1838,bad
919,2023-05-12,Debit,UPI_Lending_App,308,bad
919,2023-05-22,Debit,UPI_Lending_App,210,bad
919,2023-05-24,Debit,Discretionary,118,bad
919,2023-06-04,Credit,Salary,2100,bad
919,2023-06-04,Debit,UPI_Lending_App,232,bad
919,2023-06-09,Debit,UPI_Lending_App,116,bad
919,2023-06-13,Debit,UPI_Lending_App,365,bad
919,2023-06-21,Debit,Discretionary,77,bad
919,2023-06-22,Debit,UPI_Lending_App,186,bad
920,2023-01-01,Credit,Salary,2190,good
920,2023-01-16,Debit,Discretionary,496,good
920,2023-01-25,Debit,UPI_Lending_App,160,good
920,2023-01-31,Credit,Salary,1972,good
920,2023-02-16,Debit,Discretionary,506,good
920,2023-03-02,Credit,Salary,2171,good
920,2023-03-27,Debit,Discretionary,454,good
920,2023-04-01,Credit,Salary,1923,good
920,2023-04-08,Debit,Discretionary,534,good
920,2023-05-01,Credit,Salary,2144,good
920,2023-05-18,Debit,Discretionary,546,good
920,2023-05-31,Credit,Salary,1831,good
920,2023-06-10,Debit,Discretionary,515,good
921,2023-01-01,Credit,Salary,2082,good
921,2023-01-21,Debit,Discretionary,530,good
921,2023-01-31,Credit,Salary,1818,good
921,2023-02-10,Debit,Discretionary,477,good
921,2023-03-02,Credit,Salary,2198,good
921,2023-03-20,Debit,Discretionary,471,good
921,2023-04-01,Credit,Salary,1891,good
921,2023-04-17,Debit,Discretionary,550,good
921,2023-05-01,Credit,Salary,2068,good
921,2023-05-20,Debit,Discretionary,450,good
921,2023-05-31,Credit,Salary,2155,good
921,2023-06-08,Debit,UPI_Lending_App,374,good
921,2023-06-22,Debit,Discretionary,456,good
922,2023-01-01,Credit,Salary,2151,bad
922,2023-01-09,Debit,UPI_Lending_App,382,bad
922,2023-01-11,Debit,UPI_Lending_App,262,bad
922,2023-01-13,Debit,UPI_Lending_App,66,bad
922,2023-01-19,Debit,UPI_Lending_App,187,bad
922,2023-01-19,Debit,Discretionary,470,bad
922,2023-01-24,Debit,UPI_Lending_App,230,bad
922,2023-01-31,Credit,Salary,1971,bad
922,2023-02-08,Debit,Discretionary,462,bad
922,2023-02-15,Debit,UPI_Lending_App,57,bad
922,2023-02-17,Debit,UPI_Lending_App,409,bad
922,2023-02-20,Debit,UPI_Lending_App,338,bad
922,2023-02-28,Debit,UPI_Lending_App,371,bad
922,2023-03-02,Credit,Salary,2040,bad
922,2023-03-08,Debit,UPI_Lending_App,238,bad
922,2023-03-14,Debit,UPI_Lending_App,61,bad
922,2023-03-16,Debit,UPI_Lending_App,500,bad
922,2023-03-19,Debit,UPI_Lending_App,91,bad
922,2023-03-24,Debit,UPI_Lending_App,484,bad
922,2023-03-27,Debit,Discretionary,467,bad
922,2023-04-01,Credit,Salary,1878,bad
922,2023-04-05,Debit,UPI_Lending_App,378,bad
922,2023-04-12,Debit,UPI_Lending_App,452,bad
922,2023-04-16,Debit,UPI_Lending_App,140,bad
922,2023-04-18,Debit,UPI_Lending_App,458,bad
922,2023-04-24,Debit,UPI_Lending_App,88,bad
922,2023-04-26,Debit,Discretionary,521,bad
922,2023-05-05,Credit,Salary,2081,bad
922,2023-05-06,Debit,Discretionary,82,bad
922,2023-05-09,Debit,UPI_Lending_App,166,bad
922,2023-05-28,Debit,UPI_Lending_App,191,bad
922,2023-06-07,Credit,Salary,1947,bad
922,2023-06-13,Debit,Discretionary,80,bad
922,2023-06-15,Debit,UPI_Lending_App,327,bad
922,2023-06-17,Debit,UPI_Lending_App,314,bad
922,2023-06-20,Debit,UPI_Lending_App,232,bad
923,2023-01-01,Credit,Salary,2032,good
923,2023-01-07,Debit,Discretionary,480,good
923,2023-01-22,Debit,UPI_Lending_App,386,good
923,2023-01-31,Credit,Salary,1862,good
923,2023-02-21,Debit,Discretionary,467,good
923,2023-03-02,Credit,Salary,1921,good
923,2023-03-25,Debit,Discretionary,535,good
923,2023-04-01,Credit,Salary,2098,good
923,2023-04-19,Debit,Discretionary,454,good
923,2023-05-01,Credit,Salary,1991,good
923,2023-05-03,Debit,UPI_Lending_App,234,good
923,2023-05-11,Debit,Discretionary,525,good
923,2023-05-31,Credit,Salary,1987,good
923,2023-06-06,Debit,Discretionary,509,good
924,2023-01-01,Credit,Salary,1843,bad
924,2023-01-05,Debit,UPI_Lending_App,67,bad
924,2023-01-08,Debit,UPI_Lending_App,199,bad
924,2023-01-11,Debit,UPI_Lending_App,313,bad
924,2023-01-13,Debit,Discretionary,492,bad
924,2023-01-24,Debit,UPI_Lending_App,83,bad
924,2023-01-31,Credit,Salary,2016,bad
924,2023-02-06,Debit,UPI_Lending_App,332,bad
924,2023-02-07,Debit,Discretionary,527,bad
924,2023-02-10,Debit,UPI_Lending_App,420,bad
924,2023-02-15,Debit,UPI_Lending_App,476,bad
924,2023-02-18,Debit,UPI_Lending_App,256,bad
924,2023-03-02,Credit,Salary,1861,bad
924,2023-03-13,Debit,UPI_Lending_App,390,bad
924,2023-03-13,Debit,UPI_Lending_App,424,bad
924,2023-03-19,Debit,UPI_Lending_App,224,bad
924,2023-03-20,Debit,UPI_Lending_App,142,bad
924,2023-03-23,Debit,Discretionary,453,bad
924,2023-03-24,Debit,UPI_Lending_App,279,bad
924,2023-04-01,Credit,Salary,2018,bad
924,2023-04-16,Debit,UPI_Lending_App,309,bad
924,2023-04-25,Debit,Discretionary,499,bad
924,2023-05-01,Credit,Salary,1974,bad
924,2023-05-05,Debit,UPI_Lending_App,81,bad
924,2023-05-16,Debit,Discretionary,98,bad
924,2023-05-21,Debit,UPI_Lending_App,232,bad
924,2023-05-23,Debit,UPI_Lending_App,389,bad
924,2023-05-28,Debit,UPI_Lending_App,316,bad
924,2023-06-01,Debit,UPI_Lending_App,117,bad
924,2023-06-01,Debit,UPI_Lending_App,389,bad
924,2023-06-02,Debit,UPI_Lending_App,55,bad
924,2023-06-04,Credit,Salary,2193,bad
924,2023-06-08,Debit,UPI_Lending_App,385,bad
924,2023-06-14,Debit,Discretionary,130,bad
924,2023-06-27,Debit,UPI_Lending_App,295,bad
925,2023-01-01,Credit,Salary,2020,bad
925,2023-01-10,Debit,UPI_Lending_App,432,bad
925,2023-01-10,Debit,UPI_Lending_App,98,bad
925,2023-01-14,Debit,UPI_Lending_App,465,bad
925,2023-01-14,Debit,UPI_Lending_App,392,bad
925,2023-01-14,Debit,Discretionary,475,bad
925,2023-01-31,Credit,Salary,1972,bad
925,2023-02-01,Debit,UPI_Lending_App,162,bad
925,2023-02-04,Debit,UPI_Lending_App,188,bad
925,2023-02-05,Debit,Discretionary,478,bad
925,2023-02-08,Debit,UPI_Lending_App,415,bad
925,2023-02-21,Debit,UPI_Lending_App,342,bad
925,2023-02-21,Debit,UPI_Lending_App,300,bad
925,2023-03-02,Credit,Salary,2181,bad
925,2023-03-03,Debit,UPI_Lending_App,108,bad
925,2023-03-20,Debit,Discretionary,513,bad
925,2023-03-22,Debit,UPI_Lending_App,368,bad
925,2023-03-22,Debit,UPI_Lending_App,414,bad
925,2023-03-25,Debit,UPI_Lending_App,163,bad
925,2023-04-01,Credit,Salary,1912,bad
925,2023-04-06,Debit,UPI_Lending_App,58,bad
925,2023-04-11,Debit,UPI_Lending_App,486,bad
925,2023-04-24,Debit,Discretionary,526,bad
925,2023-05-01,Credit,Salary,1889,bad
925,2023-05-04,Debit,UPI_Lending_App,253,bad
925,2023-05-09,Debit,Discretionary,146,bad
925,2023-05-18,Debit,UPI_Lending_App,223,bad
925,2023-05-23,Debit,UPI_Lending_App,222,bad
925,2023-05-31,Credit,Salary,1923,bad
925,2023-06-02,Debit,UPI_Lending_App,426,bad
925,2023-06-03,Debit,UPI_Lending_App,492,bad
925,2023-06-19,Debit,Discretionary,54,bad
926,2023-01-01,Credit,Salary,2141,good
926,2023-01-23,Debit,Discretionary,475,good
926,2023-01-31,Credit,Salary,2085,good
926,2023-02-09,Debit,Discretionary,541,good
926,2023-03-02,Credit,Salary,1837,good
926,2023-03-27,Debit,Discretionary,500,good
926,2023-04-01,Credit,Salary,2096,good
926,2023-04-26,Debit,Discretionary,544,good
926,2023-05-01,Credit,Salary,2071,good
926,2023-05-15,Debit,Discretionary,460,good
926,2023-05-31,Credit,Salary,2034,good
926,2023-06-22,Debit,Discretionary,455,good
927,2023-01-01,Credit,Salary,1923,bad
927,2023-01-02,Debit,UPI_Lending_App,381,bad
927,2023-01-02,Debit,UPI_Lending_App,187,bad
927,2023-01-11,Debit,Discretionary,522,bad
927,2023-01-21,Debit,UPI_Lending_App,131,bad
927,2023-01-25,Debit,UPI_Lending_App,263,bad
927,2023-01-26,Debit,UPI_Lending_App,442,bad
927,2023-01-31,Credit,Salary,1878,bad
927,2023-02-24,Debit,UPI_Lending_App,468,bad
927,2023-02-24,Debit,Discretionary,457,bad
927,2023-02-25,Debit,UPI_Lending_App,470,bad
927,2023-03-02,Credit,Salary,2084,bad
927,2023-03-05,Debit,UPI_Lending_App,124,bad
927,2023-03-21,Debit,Discretionary,497,bad
927,2023-03-26,Debit,UPI_Lending_App,208,bad
927,2023-03-27,Debit,UPI_Lending_App,234,bad
927,2023-04-01,Credit,Salary,1842,bad
927,2023-04-04,Debit,UPI_Lending_App,478,bad
927,2023-04-05,Debit,UPI_Lending_App,59,bad
927,2023-04-08,Debit,Discretionary,490,bad
927,2023-04-16,Debit,UPI_Lending_App,409,bad
927,2023-04-20,Debit,UPI_Lending_App,170,bad
927,2023-04-25,Debit,UPI_Lending_App,469,bad
927,2023-05-01,Credit,Salary,2160,bad
927,2023-05-14,Debit,UPI_Lending_App,337,bad
927,2023-05-18,Debit,Discretionary,134,bad
927,2023-05-26,Debit,UPI_Lending_App,283,bad
927,2023-05-26,Debit,UPI_Lending_App,91,bad
927,2023-05-31,Credit,Salary,2147,bad
927,2023-06-10,Debit,Discretionary,99,bad
927,2023-06-11,Debit,UPI_Lending_App,86,bad
927,2023-06-22,Debit,UPI_Lending_App,263,bad
928,2023-01-01,Credit,Salary,1970,good
928,2023-01-12,Debit,Discretionary,538,good
928,2023-01-31,Credit,Salary,1925,good
928,2023-02-11,Debit,Discretionary,537,good
928,2023-03-02,Credit,Salary,2082,good
928,2023-03-07,Debit,Discretionary,517,good
928,2023-04-01,Credit,Salary,2148,good
928,2023-04-13,Debit,Discretionary,489,good
928,2023-04-24,Debit,UPI_Lending_App,62,good
928,2023-05-01,Credit,Salary,2106,good
928,2023-05-26,Debit,Discretionary,473,good
928,2023-05-31,Credit,Salary,2045,good
928,2023-06-12,Debit,Discretionary,469,good
929,2023-01-01,Credit,Salary,2200,good
929,2023-01-07,Debit,Discretionary,505,good
929,2023-01-31,Credit,Salary,2149,good
929,2023-02-06,Debit,Discretionary,455,good
929,2023-02-14,Debit,UPI_Lending_App,474,good
929,2023-03-02,Credit,Salary,2165,good
929,2023-03-21,Debit,Discretionary,459,good
929,2023-04-01,Credit,Salary,1896,good
929,2023-04-20,Debit,Discretionary,482,good
929,2023-05-01,Credit,Salary,2088,good
929,2023-05-23,Debit,Discretionary,525,good
929,2023-05-31,Credit,Salary,1947,good
929,2023-06-16,Debit,Discretionary,545,good
930,2023-01-01,Credit,Salary,1873,good
930,2023-01-21,Debit,Discretionary,458,good
930,2023-01-31,Credit,Salary,2013,good
930,2023-02-24,Debit,Discretionary,479,good
930,2023-03-02,Credit,Salary,2094,good
930,2023-03-09,Debit,Discretionary,538,good
930,2023-04-01,Credit,Salary,2038,good
930,2023-04-22,Debit,Discretionary,465,good
930,2023-05-01,Credit,Salary,2108,good
930,2023-05-06,Debit,Discretionary,464,good
930,2023-05-18,Debit,UPI_Lending_App,218,good
930,2023-05-31,Credit,Salary,2100,good
930,2023-06-15,Debit,Discretionary,507,good
931,2023-01-01,Credit,Salary,1852,bad
931,2023-01-02,Debit,UPI_Lending_App,460,bad
931,2023-01-13,Debit,UPI_Lending_App,294,bad
931,2023-01-14,Debit,Discretionary,486,bad
931,2023-01-31,Credit,Salary,2178,bad
931,2023-02-10,Debit,UPI_Lending_App,97,bad
931,2023-02-14,Debit,UPI_Lending_App,57,bad
931,2023-02-23,Debit,Discretionary,482,bad
931,2023-02-28,Debit,UPI_Lending_App,127,bad
931,2023-03-02,Credit,Salary,1931,bad
931,2023-03-14,Debit,UPI_Lending_App,421,bad
931,2023-03-17,Debit,Discretionary,475,bad
931,2023-03-21,Debit,UPI_Lending_App,138,bad
931,2023-03-22,Debit,UPI_Lending_App,275,bad
931,2023-03-26,Debit,UPI_Lending_App,128,bad
931,2023-03-29,Debit,UPI_Lending_App,263,bad
931,2023-04-01,Credit,Salary,1912,bad
931,2023-04-09,Debit,UPI_Lending_App,476,bad
931,2023-04-11,Debit,UPI_Lending_App,411,bad
931,2023-04-15,Debit,Discretionary,458,bad
931,2023-04-18,Debit,UPI_Lending_App,294,bad
931,2023-04-25,Debit,UPI_Lending_App,391,bad
931,2023-04-25,Debit,UPI_Lending_App,99,bad
931,2023-05-01,Credit,Salary,1831,bad
931,2023-05-05,Debit,UPI_Lending_App,500,bad
931,2023-05-10,Debit,UPI_Lending_App,487,bad
931,2023-05-15,Debit,UPI_Lending_App,389,bad
931,2023-05-21,Debit,UPI_Lending_App,250,bad
931,2023-05-21,Debit,Discretionary,144,bad
931,2023-06-03,Credit,Salary,1965,bad
931,2023-06-06,Debit,Discretionary,71,bad
931,2023-06-25,Debit,UPI_Lending_App,69,bad
932,2023-01-01,Credit,Salary,2123,good
932,2023-01-12,Debit,Discretionary,467,good
932,2023-01-31,Credit,Salary,1907,good
932,2023-02-10,Debit,Discretionary,481,good
932,2023-03-02,Credit,Salary,2159,good
932,2023-03-10,Debit,Discretionary,519,good
932,2023-03-17,Debit,UPI_Lending_App,324,good
932,2023-04-01,Credit,Salary,1801,good
932,2023-04-17,Debit,Discretionary,543,good
932,2023-05-01,Credit,Salary,1909,good
932,2023-05-15,Debit,Discretionary,463,good
932,2023-05-31,Credit,Salary,2060,good
932,2023-06-25,Debit,Discretionary,547,good
933,2023-01-01,Credit,Salary,1908,good
933,2023-01-15,Debit,Discretionary,470,good
933,2023-01-31,Credit,Salary,2066,good
933,2023-02-10,Debit,Discretionary,451,good
933,2023-03-02,Credit,Salary,2193,good
933,2023-03-12,Debit,Discretionary,516,good
933,2023-04-01,Credit,Salary,2110,good
933,2023-04-19,Debit,Discretionary,499,good
933,2023-05-01,Credit,Salary,1933,good
933,2023-05-21,Debit,Discretionary,501,good
933,2023-05-31,Credit,Salary,1971,good
933,2023-06-25,Debit,Discretionary,547,good
934,2023-01-01,Credit,Salary,1949,good
934,2023-01-07,Debit,Discretionary,496,good
934,2023-01-31,Credit,Salary,2153,good
934,2023-02-09,Debit,Discretionary,504,good
934,2023-03-02,Credit,Salary,2179,good
934,2023-03-15,Debit,Discretionary,461,good
934,2023-04-01,Credit,Salary,1960,good
934,2023-04-11,Debit,Discretionary,515,good
934,2023-05-01,Credit,Salary,1966,good
934,2023-05-09,Debit,Discretionary,456,good
934,2023-05-31,Credit,Salary,2049,good
934,2023-06-24,Debit,Discretionary,498,good
935,2023-01-01,Credit,Salary,1881,bad
935,2023-01-23,Debit,UPI_Lending_App,358,bad
935,2023-01-23,Debit,Discretionary,505,bad
935,2023-01-31,Credit,Salary,2112,bad
935,2023-02-05,Debit,UPI_Lending_App,435,bad
935,2023-02-06,Debit,Discretionary,545,bad
935,2023-02-07,Debit,UPI_Lending_App,483,bad
935,2023-02-09,Debit,UPI_Lending_App,303,bad
935,2023-03-02,Credit,Salary,1914,bad
935,2023-03-08,Debit,Discretionary,500,bad
935,2023-03-11,Debit,UPI_Lending_App,217,bad
935,2023-03-24,Debit,UPI_Lending_App,483,bad
935,2023-03-25,Debit,UPI_Lending_App,338,bad
935,2023-04-01,Credit,Salary,2124,bad
935,2023-04-04,Debit,UPI_Lending_App,229,bad
935,2023-04-06,Debit,Discretionary,482,bad
935,2023-04-14,Debit,UPI_Lending_App,412,bad
935,2023-04-22,Debit,UPI_Lending_App,215,bad
935,2023-04-26,Debit,UPI_Lending_App,71,bad
935,2023-04-27,Debit,UPI_Lending_App,94,bad
935,2023-05-05,Debit,UPI_Lending_App,387,bad
935,2023-05-07,Credit,Salary,2006,bad
935,2023-05-07,Debit,Discretionary,140,bad
935,2023-05-10,Debit,UPI_Lending_App,422,bad
935,2023-05-16,Debit,UPI_Lending_App,58,bad
935,2023-05-17,Debit,UPI_Lending_App,415,bad
935,2023-06-03,Credit,Salary,2156,bad
935,2023-06-03,Debit,UPI_Lending_App,190,bad
935,2023-06-04,Debit,UPI_Lending_App,207,bad
935,2023-06-13,Debit,UPI_Lending_App,145,bad
935,2023-06-15,Debit,UPI_Lending_App,316,bad
935,2023-06-24,Debit,Discretionary,60,bad
936,2023-01-01,Credit,Salary,1907,bad
936,2023-01-06,Debit,UPI_Lending_App,88,bad
936,2023-01-07,Debit,UPI_Lending_App,148,bad
936,2023-01-07,Debit,UPI_Lending_App,57,bad
936,2023-01-18,Debit,UPI_Lending_App,449,bad
936,2023-01-18,Debit,Discretionary,525,bad
936,2023-01-24,Debit,UPI_Lending_App,302,bad
936,2023-01-31,Credit,Salary,1932,bad
936,2023-02-10,Debit,Discretionary,546,bad
936,2023-02-11,Debit,UPI_Lending_App,341,bad
936,2023-02-13,Debit,UPI_Lending_App,391,bad
936,2023-03-02,Credit,Salary,2187,bad
936,2023-03-04,Debit,UPI_Lending_App,472,bad
936,2023-03-18,Debit,UPI_Lending_App,56,bad
936,2023-03-20,Debit,UPI_Lending_App,499,bad
936,2023-03-21,Debit,Discretionary,515,bad
936,2023-03-26,Debit,UPI_Lending_App,77,bad
936,2023-03-30,Debit,UPI_Lending_App,329,bad
936,2023-04-01,Credit,Salary,1875,bad
936,2023-04-02,Debit,UPI_Lending_App,440,bad
936,2023-04-02,Debit,UPI_Lending_App,215,bad
936,2023-04-15,Debit,Discretionary,515,bad
936,2023-04-16,Debit,UPI_Lending_App,156,bad
936,2023-04-20,Debit,UPI_Lending_App,266,bad
936,2023-04-25,Debit,UPI_Lending_App,148,bad
936,2023-05-02,Debit,UPI_Lending_App,384,bad
936,2023-05-04,Credit,Salary,2084,bad
936,2023-05-08,Debit,Discretionary,89,bad
936,2023-05-12,Debit,UPI_Lending_App,487,bad
936,2023-05-15,Debit,UPI_Lending_App,129,bad
936,2023-05-31,Credit,Salary,1965,bad
936,2023-06-06,Debit,UPI_Lending_App,371,bad
936,2023-06-15,Debit,Discretionary,67,bad
936,2023-06-23,Debit,UPI_Lending_App,207,bad
936,2023-06-27,Debit,UPI_Lending_App,317,bad
936,2023-06-27,Debit,UPI_Lending_App,377,bad
936,2023-06-28,Debit,UPI_Lending_App,418,bad
937,2023-01-01,Credit,Salary,1978,good
937,2023-01-12,Debit,Discretionary,518,good
937,2023-01-31,Credit,Salary,1977,good
937,2023-02-22,Debit,Discretionary,452,good
937,2023-03-02,Credit,Salary,1904,good
937,2023-03-15,Debit,Discretionary,515,good
937,2023-04-01,Credit,Salary,1868,good
937,2023-04-12,Debit,Discretionary,509,good
937,2023-05-01,Credit,Salary,2158,good
937,2023-05-06,Debit,Discretionary,546,good
937,2023-05-31,Credit,Salary,2015,good
937,2023-06-13,Debit,Discretionary,482,good
938,2023-01-01,Credit,Salary,2147,bad
938,2023-01-14,Debit,Discretionary,485,bad
938,2023-01-15,Debit,UPI_Lending_App,373,bad
938,2023-01-22,Debit,UPI_Lending_App,299,bad
938,2023-01-24,Debit,UPI_Lending_App,207,bad
938,2023-01-26,Debit,UPI_Lending_App,81,bad
938,2023-01-31,Credit,Salary,1844,bad
938,2023-02-01,Debit,UPI_Lending_App,73,bad
938,2023-02-08,Debit,UPI_Lending_App,89,bad
938,2023-02-16,Debit,UPI_Lending_App,291,bad
938,2023-02-17,Debit,Discretionary,485,bad
938,2023-03-02,Credit,Salary,1900,bad
938,2023-03-04,Debit,UPI_Lending_App,367,bad
938,2023-03-04,Debit,UPI_Lending_App,403,bad
938,2023-03-15,Debit,UPI_Lending_App,289,bad
938,2023-03-17,Debit,UPI_Lending_App,425,bad
938,2023-03-21,Debit,UPI_Lending_App,431,bad
938,2023-03-26,Debit,Discretionary,518,bad
938,2023-04-01,Credit,Salary,2052,bad
938,2023-04-11,Debit,Discretionary,524,bad
938,2023-04-12,Debit,UPI_Lending_App,76,bad
938,2023-04-16,Debit,UPI_Lending_App,426,bad
938,2023-04-18,Debit,UPI_Lending_App,228,bad
938,2023-04-25,Debit,UPI_Lending_App,399,bad
938,2023-05-01,Credit,Salary,1800,bad
938,2023-05-02,Debit,UPI_Lending_App,375,bad
938,2023-05-02,Debit,UPI_Lending_App,87,bad
938,2023-05-02,Debit,UPI_Lending_App,304,bad
938,2023-05-15,Debit,UPI_Lending_App,301,bad
938,2023-05-17,Debit,Discretionary,143,bad
938,2023-05-24,Debit,UPI_Lending_App,377,bad
938,2023-06-06,Credit,Salary,1865,bad
938,2023-06-11,Debit,UPI_Lending_App,237,bad
938,2023-06-12,Debit,UPI_Lending_App,304,bad
938,2023-06-20,Debit,UPI_Lending_App,210,bad
938,2023-06-20,Debit,Discretionary,138,bad
938,2023-06-25,Debit,UPI_Lending_App,491,bad
938,2023-06-27,Debit,UPI_Lending_App,300,bad
939,2023-01-01,Credit,Salary,1805,good
939,2023-01-25,Debit,Discretionary,498,good
939,2023-01-31,Credit,Salary,1851,good
939,2023-02-24,Debit,Discretionary,507,good
939,2023-03-02,Credit,Salary,2069,good
939,2023-03-17,Debit,Discretionary,483,good
939,2023-04-01,Credit,Salary,1833,good
939,2023-04-08,Debit,Discretionary,458,good
939,2023-05-01,Credit,Salary,2134,good
939,2023-05-08,Debit,Discretionary,535,good
939,2023-05-31,Credit,Salary,2015,good
939,2023-06-18,Debit,Discretionary,548,good
940,2023-01-01,Credit,Salary,1924,good
940,2023-01-23,Debit,Discretionary,521,good
940,2023-01-31,Credit,Salary,2078,good
940,2023-02-18,Debit,Discretionary,488,good
940,2023-03-02,Credit,Salary,2167,good
940,2023-03-07,Debit,Discretionary,503,good
940,2023-03-12,Debit,UPI_Lending_App,125,good
940,2023-04-01,Credit,Salary,2137,good
940,2023-04-26,Debit,Discretionary,506,good
940,2023-05-01,Credit,Salary,1810,good
940,2023-05-20,Debit,Discretionary,487,good
940,2023-05-31,Credit,Salary,1802,good
940,2023-06-19,Debit,Discretionary,507,good
941,2023-01-01,Credit,Salary,1909,good
941,2023-01-07,Debit,Discretionary,494,good
941,2023-01-31,Credit,Salary,2026,good
941,2023-02-25,Debit,Discretionary,454,good
941,2023-03-02,Credit,Salary,1869,good
941,2023-03-13,Debit,Discretionary,519,good
941,2023-04-01,Credit,Salary,1960,good
941,2023-04-22,Debit,Discretionary,543,good
941,2023-05-01,Credit,Salary,1939,good
941,2023-05-17,Debit,Discretionary,498,good
941,2023-05-31,Credit,Salary,1815,good
941,2023-06-13,Debit,Discretionary,464,good
942,2023-01-01,Credit,Salary,2045,good
942,2023-01-07,Debit,Discretionary,459,good
942,2023-01-31,Credit,Salary,2116,good
942,2023-02-15,Debit,Discretionary,476,good
942,2023-02-26,Debit,UPI_Lending_App,145,good
942,2023-03-02,Credit,Salary,2129,good
942,2023-03-21,Debit,Discretionary,509,good
942,2023-04-01,Credit,Salary,1893,good
942,2023-04-10,Debit,Discretionary,496,good
942,2023-05-01,Credit,Salary,2069,good
942,2023-05-22,Debit,Discretionary,475,good
942,2023-05-31,Credit,Salary,2141,good
942,2023-06-18,Debit,Discretionary,487,good
943,2023-01-01,Credit,Salary,2169,good
943,2023-01-26,Debit,Discretionary,543,good
943,2023-01-31,Credit,Salary,1816,good
943,2023-02-10,Debit,UPI_Lending_App,166,good
943,2023-02-18,Debit,Discretionary,528,good
943,2023-03-02,Credit,Salary,1943,good
943,2023-03-14,Debit,Discretionary,451,good
943,2023-04-01,Credit,Salary,2140,good
943,2023-04-16,Debit,Discretionary,459,good
943,2023-05-01,Credit,Salary,2177,good
943,2023-05-16,Debit,Discretionary,455,good
943,2023-05-31,Credit,Salary,2183,good
943,2023-06-14,Debit,Discretionary,536,good
944,2023-01-01,Credit,Salary,2105,good
944,2023-01-14,Debit,UPI_Lending_App,151,good
944,2023-01-21,Debit,Discretionary,488,good
944,2023-01-31,Credit,Salary,2004,good
944,2023-02-24,Debit,Discretionary,454,good
944,2023-03-02,Credit,Salary,2027,good
944,2023-03-15,Debit,Discretionary,538,good
944,2023-04-01,Credit,Salary,2090,good
944,2023-04-18,Debit,Discretionary,457,good
944,2023-05-01,Credit,Salary,1857,good
944,2023-05-08,Debit,UPI_Lending_App,142,good
944,2023-05-09,Debit,Discretionary,481,good
944,2023-05-31,Credit,Salary,1955,good
944,2023-06-05,Debit,Discretionary,499,good
945,2023-01-01,Credit,Salary,1818,good
945,2023-01-19,Debit,Discretionary,475,good
945,2023-01-31,Credit,Salary,2172,good
945,2023-02-19,Debit,Discretionary,478,good
945,2023-03-02,Credit,Salary,2027,good
945,2023-03-11,Debit,Discretionary,487,good
945,2023-04-01,Credit,Salary,1837,good
945,2023-04-24,Debit,Discretionary,464,good
945,2023-05-01,Credit,Salary,2111,good
945,2023-05-15,Debit,Discretionary,456,good
945,2023-05-31,Credit,Salary,2149,good
945,2023-06-06,Debit,Discretionary,501,good
946,2023-01-01,Credit,Salary,1835,bad
946,2023-01-02,Debit,UPI_Lending_App,322,bad
946,2023-01-14,Debit,UPI_Lending_App,256,bad
946,2023-01-15,Debit,UPI_Lending_App,58,bad
946,2023-01-23,Debit,UPI_Lending_App,375,bad
946,2023-01-26,Debit,Discretionary,546,bad
946,2023-01-31,Credit,Salary,2097,bad
946,2023-02-04,Debit,UPI_Lending_App,340,bad
946,2023-02-11,Debit,UPI_Lending_App,320,bad
946,2023-02-19,Debit,UPI_Lending_App,276,bad
946,2023-02-22,Debit,UPI_Lending_App,227,bad
946,2023-02-23,Debit,UPI_Lending_App,294,bad
946,2023-02-25,Debit,Discretionary,547,bad
946,2023-03-02,Credit,Salary,1834,bad
946,2023-03-16,Debit,UPI_Lending_App,52,bad
946,2023-03-18,Debit,UPI_Lending_App,104,bad
946,2023-03-18,Debit,UPI_Lending_App,119,bad
946,2023-03-18,Debit,Discretionary,541,bad
946,2023-03-26,Debit,UPI_Lending_App,209,bad
946,2023-03-29,Debit,UPI_Lending_App,416,bad
946,2023-04-01,Credit,Salary,2180,bad
946,2023-04-20,Debit,UPI_Lending_App,288,bad
946,2023-04-24,Debit,Discretionary,525,bad
946,2023-05-01,Credit,Salary,2108,bad
946,2023-05-06,Debit,Discretionary,129,bad
946,2023-05-21,Debit,UPI_Lending_App,217,bad
946,2023-06-04,Credit,Salary,1976,bad
946,2023-06-12,Debit,UPI_Lending_App,296,bad
946,2023-06-12,Debit,Discretionary,63,bad
946,2023-06-21,Debit,UPI_Lending_App,387,bad
947,2023-01-01,Credit,Salary,1966,good
947,2023-01-10,Debit,Discretionary,537,good
947,2023-01-31,Credit,Salary,2078,good
947,2023-02-18,Debit,Discretionary,455,good
947,2023-03-02,Credit,Salary,1811,good
947,2023-03-25,Debit,Discretionary,485,good
947,2023-04-01,Credit,Salary,2056,good
947,2023-04-11,Debit,Discretionary,529,good
947,2023-05-01,Credit,Salary,2092,good
947,2023-05-20,Debit,Discretionary,473,good
947,2023-05-31,Credit,Salary,1974,good
947,2023-06-07,Debit,Discretionary,540,good
948,2023-01-01,Credit,Salary,2160,bad
948,2023-01-07,Debit,UPI_Lending_App,338,bad
948,2023-01-08,Debit,UPI_Lending_App,89,bad
948,2023-01-14,Debit,UPI_Lending_App,456,bad
948,2023-01-21,Debit,Discretionary,511,bad
948,2023-01-31,Credit,Salary,1966,bad
948,2023-02-03,Debit,UPI_Lending_App,495,bad
948,2023-02-04,Debit,UPI_Lending_App,365,bad
948,2023-02-07,Debit,UPI_Lending_App,103,bad
948,2023-02-08,Debit,UPI_Lending_App,414,bad
948,2023-02-22,Debit,Discretionary,460,bad
948,2023-03-02,Credit,Salary,1867,bad
948,2023-03-08,Debit,Discretionary,540,bad
948,2023-03-19,Debit,UPI_Lending_App,90,bad
948,2023-04-01,Credit,Salary,1989,bad
948,2023-04-04,Debit,UPI_Lending_App,95,bad
948,2023-04-13,Debit,UPI_Lending_App,244,bad
948,2023-04-19,Debit,UPI_Lending_App,273,bad
948,2023-04-24,Debit,Discretionary,543,bad
948,2023-05-01,Credit,Salary,1881,bad
948,2023-05-08,Debit,UPI_Lending_App,50,bad
948,2023-05-17,Debit,UPI_Lending_App,183,bad
948,2023-05-20,Debit,UPI_Lending_App,497,bad
948,2023-05-22,Debit,UPI_Lending_App,441,bad
948,2023-05-26,Debit,Discretionary,90,bad
948,2023-06-03,Credit,Salary,2131,bad
948,2023-06-06,Debit,UPI_Lending_App,129,bad
948,2023-06-09,Debit,UPI_Lending_App,422,bad
948,2023-06-11,Debit,UPI_Lending_App,400,bad
948,2023-06-19,Debit,Discretionary,143,bad
949,2023-01-01,Credit,Salary,2061,bad
949,2023-01-04,Debit,UPI_Lending_App,474,bad
949,2023-01-06,Debit,UPI_Lending_App,472,bad
949,2023-01-17,Debit,UPI_Lending_App,192,bad
949,2023-01-18,Debit,UPI_Lending_App,255,bad
949,2023-01-20,Debit,Discretionary,462,bad
949,2023-01-31,Credit,Salary,2014,bad
949,2023-02-09,Debit,Discretionary,506,bad
949,2023-02-11,Debit,UPI_Lending_App,342,bad
949,2023-02-23,Debit,UPI_Lending_App,303,bad
949,2023-02-28,Debit,UPI_Lending_App,257,bad
949,2023-03-02,Credit,Salary,2064,bad
949,2023-03-14,Debit,UPI_Lending_App,291,bad
949,2023-03-20,Debit,UPI_Lending_App,180,bad
949,2023-03-25,Debit,Discretionary,532,bad
949,2023-04-01,Credit,Salary,1951,bad
949,2023-04-18,Debit,UPI_Lending_App,383,bad
949,2023-04-23,Debit,Discretionary,488,bad
949,2023-04-29,Debit,UPI_Lending_App,52,bad
949,2023-05-01,Credit,Salary,1803,bad
949,2023-05-05,Debit,UPI_Lending_App,168,bad
949,2023-05-07,Debit,UPI_Lending_App,469,bad
949,2023-05-10,Debit,UPI_Lending_App,357,bad
949,2023-05-16,Debit,UPI_Lending_App,259,bad
949,2023-05-17,Debit,UPI_Lending_App,307,bad
949,2023-05-22,Debit,Discretionary,125,bad
949,2023-05-31,Credit,Salary,1949,bad
949,2023-06-01,Debit,UPI_Lending_App,443,bad
949,2023-06-05,Debit,Discretionary,72,bad
949,2023-06-11,Debit,UPI_Lending_App,240,bad
949,2023-06-19,Debit,UPI_Lending_App,50,bad
949,2023-06-21,Debit,UPI_Lending_App,121,bad
949,2023-06-28,Debit,UPI_Lending_App,243,bad
950,2023-01-01,Credit,Salary,2166,good
950,2023-01-17,Debit,Discretionary,507,good
950,2023-01-31,Credit,Salary,2092,good
950,2023-02-07,Debit,Discretionary,456,good
950,2023-03-02,Credit,Salary,1903,good
950,2023-03-22,Debit,Discretionary,505,good
950,2023-04-01,Credit,Salary,2046,good
950,2023-04-06,Debit,UPI_Lending_App,455,good
950,2023-04-12,Debit,Discretionary,510,good
950,2023-05-01,Credit,Salary,2117,good
950,2023-05-13,Debit,Discretionary,539,good
950,2023-05-31,Credit,Salary,1835,good
950,2023-06-13,Debit,Discretionary,538,good
951,2023-01-01,Credit,Salary,1929,bad
951,2023-01-06,Debit,UPI_Lending_App,429,bad
951,2023-01-11,Debit,UPI_Lending_App,50,bad
951,2023-01-15,Debit,UPI_Lending_App,213,bad
951,2023-01-24,Debit,Discretionary,474,bad
951,2023-01-31,Credit,Salary,2007,bad
951,2023-02-01,Debit,UPI_Lending_App,369,bad
951,2023-02-07,Debit,Discretionary,458,bad
951,2023-02-13,Debit,UPI_Lending_App,413,bad
951,2023-02-17,Debit,UPI_Lending_App,259,bad
951,2023-02-27,Debit,UPI_Lending_App,400,bad
951,2023-03-02,Credit,Salary,2161,bad
951,2023-03-05,Debit,UPI_Lending_App,454,bad
951,2023-03-11,Debit,UPI_Lending_App,302,bad
951,2023-03-14,Debit,Discretionary,548,bad
951,2023-03-15,Debit,UPI_Lending_App,500,bad
951,2023-03-22,Debit,UPI_Lending_App,461,bad
951,2023-03-29,Debit,UPI_Lending_App,298,bad
951,2023-04-01,Credit,Salary,1908,bad
951,2023-04-02,Debit,UPI_Lending_App,433,bad
951,2023-04-03,Debit,UPI_Lending_App,410,bad
951,2023-04-15,Debit,UPI_Lending_App,236,bad
951,2023-04-22,Debit,Discretionary,528,bad
951,2023-04-28,Debit,UPI_Lending_App,75,bad
951,2023-05-01,Credit,Salary,1878,bad
951,2023-05-06,Debit,UPI_Lending_App,64,bad
951,2023-05-14,Debit,Discretionary,59,bad
951,2023-05-19,Debit,UPI_Lending_App,65,bad
951,2023-06-07,Credit,Salary,2041,bad
951,2023-06-09,Debit,UPI_Lending_App,429,bad
951,2023-06-10,Debit,UPI_Lending_App,377,bad
951,2023-06-10,Debit,UPI_Lending_App,325,bad
951,2023-06-11,Debit,UPI_Lending_App,487,bad
951,2023-06-16,Debit,Discretionary,98,bad
951,2023-06-23,Debit,UPI_Lending_App,277,bad
952,2023-01-01,Credit,Salary,2199,bad
952,2023-01-03,Debit,UPI_Lending_App,346,bad
952,2023-01-09,Debit,UPI_Lending_App,169,bad
952,2023-01-21,Debit,UPI_Lending_App,348,bad
952,2023-01-22,Debit,Discretionary,493,bad
952,2023-01-31,Credit,Salary,1812,bad
952,2023-02-02,Debit,UPI_Lending_App,51,bad
952,2023-02-14,Debit,UPI_Lending_App,352,bad
952,2023-02-18,Debit,Discretionary,475,bad
952,2023-03-02,Credit,Salary,1932,bad
952,2023-03-09,Debit,UPI_Lending_App,121,bad
952,2023-03-11,Debit,UPI_Lending_App,487,bad
952,2023-03-15,Debit,UPI_Lending_App,52,bad
952,2023-03-24,Debit,Discretionary,511,bad
952,2023-03-27,Debit,UPI_Lending_App,336,bad
952,2023-03-28,Debit,UPI_Lending_App,323,bad
952,2023-04-01,Credit,Salary,2195,bad
952,2023-04-06,Debit,Discretionary,518,bad
952,2023-04-12,Debit,UPI_Lending_App,348,bad
952,2023-04-18,Debit,UPI_Lending_App,269,bad
952,2023-05-01,Credit,Salary,1929,bad
952,2023-05-14,Debit,UPI_Lending_App,342,bad
952,2023-05-15,Debit,UPI_Lending_App,440,bad
952,2023-05-20,Debit,UPI_Lending_App,297,bad
952,2023-05-23,Debit,Discretionary,129,bad
952,2023-06-04,Credit,Salary,2089,bad
952,2023-06-14,Debit,UPI_Lending_App,252,bad
952,2023-06-14,Debit,UPI_Lending_App,401,bad
952,2023-06-14,Debit,Discretionary,99,bad
953,2023-01-01,Credit,Salary,2185,bad
953,2023-01-14,Debit,Discretionary,545,bad
953,2023-01-18,Debit,UPI_Lending_App,246,bad
953,2023-01-31,Credit,Salary,1929,bad
953,2023-02-03,Debit,UPI_Lending_App,411,bad
953,2023-02-23,Debit,Discretionary,484,bad
953,2023-02-25,Debit,UPI_Lending_App,347,bad
953,2023-03-02,Credit,Salary,2101,bad
953,2023-03-15,Debit,Discretionary,513,bad
953,2023-03-17,Debit,UPI_Lending_App,227,bad
953,2023-03-21,Debit,UPI_Lending_App,254,bad
953,2023-04-01,Credit,Salary,1934,bad
953,2023-04-08,Debit,UPI_Lending_App,490,bad
953,2023-04-08,Debit,Discretionary,547,bad
953,2023-04-09,Debit,UPI_Lending_App,498,bad
953,2023-04-15,Debit,UPI_Lending_App,278,bad
953,2023-04-23,Debit,UPI_Lending_App,494,bad
953,2023-04-23,Debit,UPI_Lending_App,234,bad
953,2023-05-01,Credit,Salary,2001,bad
953,2023-05-23,Debit,Discretionary,93,bad
953,2023-05-28,Debit,UPI_Lending_App,203,bad
953,2023-06-05,Credit,Salary,2174,bad
953,2023-06-07,Debit,Discretionary,85,bad
953,2023-06-24,Debit,UPI_Lending_App,214,bad
953,2023-06-25,Debit,UPI_Lending_App,411,bad
954,2023-01-01,Credit,Salary,1836,good
954,2023-01-16,Debit,Discretionary,516,good
954,2023-01-31,Credit,Salary,2145,good
954,2023-02-17,Debit,Discretionary,464,good
954,2023-03-02,Credit,Salary,2118,good
954,2023-03-23,Debit,Discretionary,529,good
954,2023-04-01,Credit,Salary,1859,good
954,2023-04-14,Debit,Discretionary,509,good
954,2023-05-01,Credit,Salary,1893,good
954,2023-05-06,Debit,Discretionary,456,good
954,2023-05-31,Credit,Salary,1800,good
954,2023-06-23,Debit,Discretionary,461,good
955,2023-01-01,Credit,Salary,1948,good
955,2023-01-22,Debit,Discretionary,479,good
955,2023-01-31,Credit,Salary,2126,good
955,2023-02-05,Debit,Discretionary,500,good
955,2023-03-02,Credit,Salary,2162,good
955,2023-03-26,Debit,Discretionary,498,good
955,2023-04-01,Credit,Salary,2144,good
955,2023-04-16,Debit,Discretionary,524,good
955,2023-05-01,Credit,Salary,1901,good
955,2023-05-24,Debit,Discretionary,453,good
955,2023-05-31,Credit,Salary,1882,good
955,2023-06-05,Debit,UPI_Lending_App,414,good
955,2023-06-24,Debit,Discretionary,546,good
956,2023-01-01,Credit,Salary,2037,good
956,2023-01-16,Debit,Discretionary,461,good
956,2023-01-31,Credit,Salary,2143,good
956,2023-02-09,Debit,Discretionary,510,good
956,2023-03-02,Credit,Salary,1857,good
956,2023-03-23,Debit,Discretionary,503,good
956,2023-04-01,Credit,Salary,1834,good
956,2023-04-24,Debit,Discretionary,470,good
956,2023-05-01,Credit,Salary,1948,good
956,2023-05-15,Debit,Discretionary,510,good
956,2023-05-31,Credit,Salary,1917,good
956,2023-06-24,Debit,Discretionary,543,good
957,2023-01-01,Credit,Salary,1895,good
957,2023-01-15,Debit,Discretionary,480,good
957,2023-01-31,Credit,Salary,1938,good
957,2023-02-25,Debit,Discretionary,545,good
957,2023-03-02,Credit,Salary,1851,good
957,2023-03-22,Debit,Discretionary,487,good
957,2023-04-01,Credit,Salary,1953,good
957,2023-04-25,Debit,UPI_Lending_App,365,good
957,2023-04-26,Debit,Discretionary,458,good
957,2023-05-01,Credit,Salary,2181,good
957,2023-05-12,Debit,Discretionary,456,good
957,2023-05-31,Credit,Salary,2097,good
957,2023-06-23,Debit,Discretionary,536,good
958,2023-01-01,Credit,Salary,1863,bad
958,2023-01-09,Debit,UPI_Lending_App,358,bad
958,2023-01-10,Debit,UPI_Lending_App,129,bad
958,2023-01-17,Debit,Discretionary,485,bad
958,2023-01-24,Debit,UPI_Lending_App,339,bad
958,2023-01-29,Debit,UPI_Lending_App,198,bad
958,2023-01-31,Credit,Salary,1983,bad
958,2023-02-02,Debit,UPI_Lending_App,331,bad
958,2023-02-21,Debit,Discretionary,466,bad
958,2023-02-23,Debit,UPI_Lending_App,317,bad
958,2023-03-02,Credit,Salary,2146,bad
958,2023-03-12,Debit,UPI_Lending_App,428,bad
958,2023-03-12,Debit,Discretionary,546,bad
958,2023-04-01,Credit,Salary,2097,bad
958,2023-04-15,Debit,UPI_Lending_App,314,bad
958,2023-04-25,Debit,Discretionary,525,bad
958,2023-05-04,Credit,Salary,1866,bad
958,2023-05-25,Debit,Discretionary,77,bad
958,2023-05-28,Debit,UPI_Lending_App,360,bad
958,2023-05-31,Credit,Salary,2176,bad
958,2023-06-15,Debit,UPI_Lending_App,132,bad
958,2023-06-19,Debit,Discretionary,51,bad
958,2023-06-24,Debit,UPI_Lending_App,228,bad
958,2023-06-28,Debit,UPI_Lending_App,326,bad
959,2023-01-01,Credit,Salary,1988,good
959,2023-01-07,Debit,Discretionary,490,good
959,2023-01-31,Credit,Salary,1825,good
959,2023-02-17,Debit,Discretionary,519,good
959,2023-03-02,Credit,Salary,1897,good
959,2023-03-12,Debit,Discretionary,519,good
959,2023-04-01,Credit,Salary,2094,good
959,2023-04-22,Debit,Discretionary,498,good
959,2023-05-01,Credit,Salary,2100,good
959,2023-05-17,Debit,Discretionary,509,good
959,2023-05-31,Credit,Salary,2063,good
959,2023-06-09,Debit,Discretionary,474,good
960,2023-01-01,Credit,Salary,2150,good
960,2023-01-16,Debit,Discretionary,522,good
960,2023-01-26,Debit,UPI_Lending_App,269,good
960,2023-01-31,Credit,Salary,1969,good
960,2023-02-05,Debit,Discretionary,456,good
960,2023-03-02,Credit,Salary,2038,good
960,2023-03-22,Debit,Discretionary,545,good
960,2023-04-01,Credit,Salary,1841,good
960,2023-04-08,Debit,Discretionary,479,good
960,2023-05-01,Credit,Salary,1946,good
960,2023-05-20,Debit,Discretionary,469,good
960,2023-05-31,Credit,Salary,1983,good
960,2023-06-24,Debit,Discretionary,467,good
961,2023-01-01,Credit,Salary,1976,good
961,2023-01-22,Debit,Discretionary,462,good
961,2023-01-31,Credit,Salary,2193,good
961,2023-02-06,Debit,Discretionary,536,good
961,2023-03-02,Credit,Salary,1927,good
961,2023-03-23,Debit,Discretionary,499,good
961,2023-04-01,Credit,Salary,1893,good
961,2023-04-19,Debit,Discretionary,462,good
961,2023-05-01,Credit,Salary,2107,good
961,2023-05-18,Debit,Discretionary,500,good
961,2023-05-31,Credit,Salary,2167,good
961,2023-06-17,Debit,Discretionary,510,good
961,2023-06-26,Debit,UPI_Lending_App,473,good
962,2023-01-01,Credit,Salary,1917,good
962,2023-01-11,Debit,Discretionary,484,good
962,2023-01-31,Credit,Salary,1843,good
962,2023-02-18,Debit,Discretionary,537,good
962,2023-03-02,Credit,Salary,2090,good
962,2023-03-16,Debit,Discretionary,517,good
962,2023-04-01,Credit,Salary,2160,good
962,2023-04-11,Debit,Discretionary,535,good
962,2023-05-01,Credit,Salary,1839,good
962,2023-05-17,Debit,Discretionary,495,good
962,2023-05-31,Credit,Salary,2099,good
962,2023-06-23,Debit,Discretionary,546,good
963,2023-01-01,Credit,Salary,2140,bad
963,2023-01-06,Debit,UPI_Lending_App,296,bad
963,2023-01-11,Debit,UPI_Lending_App,288,bad
963,2023-01-15,Debit,Discretionary,522,bad
963,2023-01-16,Debit,UPI_Lending_App,167,bad
963,2023-01-21,Debit,UPI_Lending_App,230,bad
963,2023-01-25,Debit,UPI_Lending_App,369,bad
963,2023-01-31,Credit,Salary,2142,bad
963,2023-02-03,Debit,UPI_Lending_App,232,bad
963,2023-02-03,Debit,UPI_Lending_App,355,bad
963,2023-02-04,Debit,UPI_Lending_App,136,bad
963,2023-02-06,Debit,UPI_Lending_App,254,bad
963,2023-02-24,Debit,Discretionary,512,bad
963,2023-02-26,Debit,UPI_Lending_App,152,bad
963,2023-03-02,Credit,Salary,2137,bad
963,2023-03-03,Debit,UPI_Lending_App,119,bad
963,2023-03-06,Debit,UPI_Lending_App,428,bad
963,2023-03-09,Debit,Discretionary,490,bad
963,2023-03-20,Debit,UPI_Lending_App,63,bad
963,2023-03-22,Debit,UPI_Lending_App,498,bad
963,2023-03-26,Debit,UPI_Lending_App,363,bad
963,2023-04-01,Credit,Salary,2130,bad
963,2023-04-17,Debit,UPI_Lending_App,441,bad
963,2023-04-18,Debit,UPI_Lending_App,216,bad
963,2023-04-18,Debit,UPI_Lending_App,385,bad
963,2023-04-21,Debit,Discretionary,533,bad
963,2023-04-25,Debit,UPI_Lending_App,145,bad
963,2023-04-29,Debit,UPI_Lending_App,480,bad
963,2023-05-06,Debit,UPI_Lending_App,419,bad
963,2023-05-08,Credit,Salary,1970,bad
963,2023-05-18,Debit,Discretionary,104,bad
963,2023-05-19,Debit,UPI_Lending_App,77,bad
963,2023-05-20,Debit,UPI_Lending_App,299,bad
963,2023-05-21,Debit,UPI_Lending_App,183,bad
963,2023-05-31,Credit,Salary,1984,bad
963,2023-06-05,Debit,UPI_Lending_App,368,bad
963,2023-06-09,Debit,UPI_Lending_App,125,bad
963,2023-06-11,Debit,Discretionary,128,bad
963,2023-06-14,Debit,UPI_Lending_App,77,bad
963,2023-06-28,Debit,UPI_Lending_App,368,bad
964,2023-01-01,Credit,Salary,1891,good
964,2023-01-20,Debit,Discretionary,517,good
964,2023-01-31,Credit,Salary,1877,good
964,2023-02-23,Debit,Discretionary,455,good
964,2023-03-02,Credit,Salary,2054,good
964,2023-03-11,Debit,Discretionary,456,good
964,2023-04-01,Credit,Salary,1897,good
964,2023-04-22,Debit,Discretionary,480,good
964,2023-05-01,Credit,Salary,1927,good
964,2023-05-18,Debit,Discretionary,534,good
964,2023-05-31,Credit,Salary,1897,good
964,2023-06-09,Debit,Discretionary,484,good
964,2023-06-10,Debit,UPI_Lending_App,425,good
965,2023-01-01,Credit,Salary,1893,good
965,2023-01-09,Debit,Discretionary,548,good
965,2023-01-31,Credit,Salary,2146,good
965,2023-02-24,Debit,Discretionary,501,good
965,2023-03-02,Credit,Salary,2047,good
965,2023-03-12,Debit,Discretionary,540,good
965,2023-04-01,Credit,Salary,1987,good
965,2023-04-12,Debit,Discretionary,450,good
965,2023-05-01,Credit,Salary,1905,good
965,2023-05-25,Debit,Discretionary,470,good
965,2023-05-31,Credit,Salary,2052,good
965,2023-06-11,Debit,Discretionary,468,good
966,2023-01-01,Credit,Salary,2155,bad
966,2023-01-02,Debit,UPI_Lending_App,63,bad
966,2023-01-08,Debit,Discretionary,508,bad
966,2023-01-09,Debit,UPI_Lending_App,275,bad
966,2023-01-23,Debit,UPI_Lending_App,143,bad
966,2023-01-27,Debit,UPI_Lending_App,218,bad
966,2023-01-31,Credit,Salary,1973,bad
966,2023-02-08,Debit,UPI_Lending_App,78,bad
966,2023-02-12,Debit,UPI_Lending_App,78,bad
966,2023-02-16,Debit,Discretionary,481,bad
966,2023-03-02,Credit,Salary,1954,bad
966,2023-03-10,Debit,UPI_Lending_App,145,bad
966,2023-03-11,Debit,UPI_Lending_App,192,bad
966,2023-03-16,Debit,UPI_Lending_App,259,bad
966,2023-03-19,Debit,UPI_Lending_App,436,bad
966,2023-03-21,Debit,Discretionary,502,bad
966,2023-04-01,Credit,Salary,1845,bad
966,2023-04-08,Debit,UPI_Lending_App,362,bad
966,2023-04-10,Debit,UPI_Lending_App,170,bad
966,2023-04-17,Debit,UPI_Lending_App,292,bad
966,2023-04-21,Debit,Discretionary,466,bad
966,2023-05-01,Credit,Salary,2066,bad
966,2023-05-03,Debit,UPI_Lending_App,152,bad
966,2023-05-04,Debit,UPI_Lending_App,322,bad
966,2023-05-07,Debit,UPI_Lending_App,400,bad
966,2023-05-14,Debit,UPI_Lending_App,431,bad
966,2023-05-16,Debit,Discretionary,62,bad
966,2023-05-22,Debit,UPI_Lending_App,237,bad
966,2023-06-02,Debit,UPI_Lending_App,248,bad
966,2023-06-03,Debit,UPI_Lending_App,338,bad
966,2023-06-07,Credit,Salary,1975,bad
966,2023-06-24,Debit,UPI_Lending_App,89,bad
966,2023-06-24,Debit,Discretionary,89,bad
967,2023-01-01,Credit,Salary,2061,good
967,2023-01-17,Debit,Discretionary,496,good
967,2023-01-31,Credit,Salary,2085,good
967,2023-02-23,Debit,Discretionary,455,good
967,2023-03-02,Credit,Salary,2067,good
967,2023-03-23,Debit,Discretionary,500,good
967,2023-04-01,Credit,Salary,2070,good
967,2023-04-10,Debit,Discretionary,473,good
967,2023-04-18,Debit,UPI_Lending_App,435,good
967,2023-05-01,Credit,Salary,1835,good
967,2023-05-23,Debit,Discretionary,500,good
967,2023-05-28,Debit,UPI_Lending_App,353,good
967,2023-05-31,Credit,Salary,1912,good
967,2023-06-09,Debit,Discretionary,537,good
968,2023-01-01,Credit,Salary,1844,good
968,2023-01-11,Debit,Discretionary,538,good
968,2023-01-31,Credit,Salary,2142,good
968,2023-02-12,Debit,Discretionary,513,good
968,2023-03-02,Credit,Salary,1824,good
968,2023-03-20,Debit,Discretionary,534,good
968,2023-04-01,Credit,Salary,1924,good
968,2023-04-23,Debit,UPI_Lending_App,345,good
968,2023-04-23,Debit,Discretionary,490,good
968,2023-05-01,Credit,Salary,1845,good
968,2023-05-22,Debit,Discretionary,518,good
968,2023-05-31,Credit,Salary,2165,good
968,2023-06-20,Debit,Discretionary,501,good
969,2023-01-01,Credit,Salary,2116,good
969,2023-01-20,Debit,Discretionary,452,good
969,2023-01-31,Credit,Salary,1804,good
969,2023-02-20,Debit,Discretionary,486,good
969,2023-03-02,Credit,Salary,1997,good
969,2023-03-10,Debit,Discretionary,487,good
969,2023-04-01,Credit,Salary,1869,good
969,2023-04-25,Debit,Discretionary,450,good
969,2023-05-01,Credit,Salary,2193,good
969,2023-05-14,Debit,Discretionary,535,good
969,2023-05-31,Credit,Salary,2063,good
969,2023-06-25,Debit,Discretionary,497,good
970,2023-01-01,Credit,Salary,2075,good
970,2023-01-09,Debit,UPI_Lending_App,397,good
970,2023-01-17,Debit,Discretionary,473,good
970,2023-01-31,Credit,Salary,2000,good
970,2023-02-10,Debit,Discretionary,519,good
970,2023-03-02,Credit,Salary,1824,good
970,2023-03-16,Debit,Discretionary,479,good
970,2023-04-01,Credit,Salary,2113,good
970,2023-04-11,Debit,Discretionary,466,good
970,2023-05-01,Credit,Salary,1909,good
970,2023-05-13,Debit,Discretionary,457,good
970,2023-05-31,Credit,Salary,1911,good
970,2023-06-12,Debit,Discretionary,514,good
970,2023-06-27,Debit,UPI_Lending_App,363,good
971,2023-01-01,Credit,Salary,2093,good
971,2023-01-06,Debit,Discretionary,471,good
971,2023-01-31,Credit,Salary,1872,good
971,2023-02-20,Debit,Discretionary,519,good
971,2023-03-02,Credit,Salary,1956,good
971,2023-03-17,Debit,Discretionary,470,good
971,2023-04-01,Credit,Salary,1832,good
971,2023-04-15,Debit,Discretionary,481,good
971,2023-05-01,Credit,Salary,1982,good
971,2023-05-08,Debit,Discretionary,544,good
971,2023-05-31,Credit,Salary,1932,good
971,2023-06-17,Debit,Discretionary,476,good
972,2023-01-01,Credit,Salary,1988,bad
972,2023-01-13,Debit,Discretionary,522,bad
972,2023-01-17,Debit,UPI_Lending_App,218,bad
972,2023-01-22,Debit,UPI_Lending_App,256,bad
972,2023-01-24,Debit,UPI_Lending_App,284,bad
972,2023-01-27,Debit,UPI_Lending_App,335,bad
972,2023-01-31,Credit,Salary,1991,bad
972,2023-02-03,Debit,UPI_Lending_App,187,bad
972,2023-02-07,Debit,Discretionary,529,bad
972,2023-02-26,Debit,UPI_Lending_App,475,bad
972,2023-03-02,Credit,Salary,2094,bad
972,2023-03-12,Debit,UPI_Lending_App,75,bad
972,2023-03-13,Debit,UPI_Lending_App,259,bad
972,2023-03-16,Debit,Discretionary,484,bad
972,2023-03-23,Debit,UPI_Lending_App,183,bad
972,2023-03-24,Debit,UPI_Lending_App,266,bad
972,2023-04-01,Credit,Salary,2025,bad
972,2023-04-04,Debit,UPI_Lending_App,65,bad
972,2023-04-08,Debit,UPI_Lending_App,195,bad
972,2023-04-21,Debit,Discretionary,470,bad
972,2023-05-06,Credit,Salary,2110,bad
972,2023-05-16,Debit,Discretionary,57,bad
972,2023-05-21,Debit,UPI_Lending_App,333,bad
972,2023-05-22,Debit,UPI_Lending_App,231,bad
972,2023-05-26,Debit,UPI_Lending_App,130,bad
972,2023-06-03,Debit,UPI_Lending_App,469,bad
972,2023-06-06,Credit,Salary,2121,bad
972,2023-06-15,Debit,Discretionary,55,bad
973,2023-01-01,Credit,Salary,1940,bad
973,2023-01-07,Debit,Discretionary,516,bad
973,2023-01-10,Debit,UPI_Lending_App,315,bad
973,2023-01-12,Debit,UPI_Lending_App,180,bad
973,2023-01-20,Debit,UPI_Lending_App,412,bad
973,2023-01-29,Debit,UPI_Lending_App,200,bad
973,2023-01-31,Credit,Salary,1866,bad
973,2023-02-10,Debit,Discretionary,483,bad
973,2023-02-14,Debit,UPI_Lending_App,285,bad
973,2023-02-20,Debit,UPI_Lending_App,232,bad
973,2023-02-25,Debit,UPI_Lending_App,132,bad
973,2023-03-02,Credit,Salary,1869,bad
973,2023-03-08,Debit,UPI_Lending_App,197,bad
973,2023-03-08,Debit,Discretionary,508,bad
973,2023-03-11,Debit,UPI_Lending_App,158,bad
973,2023-03-29,Debit,UPI_Lending_App,413,bad
973,2023-03-30,Debit,UPI_Lending_App,240,bad
973,2023-04-01,Credit,Salary,1882,bad
973,2023-04-21,Debit,Discretionary,452,bad
973,2023-04-26,Debit,UPI_Lending_App,355,bad
973,2023-05-01,Credit,Salary,1856,bad
973,2023-05-05,Debit,UPI_Lending_App,486,bad
973,2023-05-12,Debit,Discretionary,99,bad
973,2023-05-22,Debit,UPI_Lending_App,290,bad
973,2023-05-26,Debit,UPI_Lending_App,245,bad
973,2023-05-28,Debit,UPI_Lending_App,405,bad
973,2023-05-31,Credit,Salary,2002,bad
973,2023-06-07,Debit,Discretionary,131,bad
973,2023-06-23,Debit,UPI_Lending_App,488,bad
973,2023-06-27,Debit,UPI_Lending_App,237,bad
974,2023-01-01,Credit,Salary,1901,good
974,2023-01-09,Debit,Discretionary,473,good
974,2023-01-31,Credit,Salary,1891,good
974,2023-02-23,Debit,Discretionary,515,good
974,2023-03-02,Credit,Salary,2025,good
974,2023-03-26,Debit,Discretionary,466,good
974,2023-04-01,Credit,Salary,2023,good
974,2023-04-20,Debit,Discretionary,500,good
974,2023-05-01,Credit,Salary,2117,good
974,2023-05-21,Debit,Discretionary,547,good
974,2023-05-31,Credit,Salary,2160,good
974,2023-06-24,Debit,Discretionary,498,good
975,2023-01-01,Credit,Salary,2126,good
975,2023-01-20,Debit,UPI_Lending_App,347,good
975,2023-01-24,Debit,Discretionary,485,good
975,2023-01-31,Credit,Salary,1840,good
975,2023-02-15,Debit,Discretionary,460,good
975,2023-03-02,Credit,Salary,2179,good
975,2023-03-11,Debit,Discretionary,542,good
975,2023-04-01,Credit,Salary,1978,good
975,2023-04-18,Debit,Discretionary,505,good
975,2023-05-01,Credit,Salary,1852,good
975,2023-05-14,Debit,Discretionary,526,good
975,2023-05-31,Credit,Salary,1907,good
975,2023-06-18,Debit,Discretionary,549,good
976,2023-01-01,Credit,Salary,1810,good
976,2023-01-19,Debit,Discretionary,542,good
976,2023-01-31,Credit,Salary,1801,good
976,2023-02-13,Debit,Discretionary,468,good
976,2023-03-02,Credit,Salary,1978,good
976,2023-03-23,Debit,Discretionary,543,good
976,2023-04-01,Credit,Salary,1803,good
976,2023-04-14,Debit,Discretionary,491,good
976,2023-05-01,Credit,Salary,1881,good
976,2023-05-19,Debit,Discretionary,513,good
976,2023-05-31,Credit,Salary,1968,good
976,2023-06-23,Debit,Discretionary,497,good
977,2023-01-01,Credit,Salary,1949,good
977,2023-01-06,Debit,UPI_Lending_App,408,good
977,2023-01-17,Debit,Discretionary,532,good
977,2023-01-31,Credit,Salary,1885,good
977,2023-02-08,Debit,Discretionary,520,good
977,2023-03-02,Credit,Salary,2009,good
977,2023-03-17,Debit,Discretionary,457,good
977,2023-04-01,Credit,Salary,1823,good
977,2023-04-26,Debit,Discretionary,461,good
977,2023-05-01,Credit,Salary,2041,good
977,2023-05-25,Debit,Discretionary,498,good
977,2023-05-31,Credit,Salary,1986,good
977,2023-06-07,Debit,Discretionary,485,good
978,2023-01-01,Credit,Salary,1842,bad
978,2023-01-04,Debit,UPI_Lending_App,277,bad
978,2023-01-06,Debit,Discretionary,529,bad
978,2023-01-09,Debit,UPI_Lending_App,369,bad
978,2023-01-20,Debit,UPI_Lending_App,436,bad
978,2023-01-27,Debit,UPI_Lending_App,214,bad
978,2023-01-31,Credit,Salary,1981,bad
978,2023-02-07,Debit,Discretionary,451,bad
978,2023-02-12,Debit,UPI_Lending_App,453,bad
978,2023-02-12,Debit,UPI_Lending_App,220,bad
978,2023-03-02,Credit,Salary,1819,bad
978,2023-03-08,Debit,UPI_Lending_App,408,bad
978,2023-03-08,Debit,UPI_Lending_App,369,bad
978,2023-03-08,Debit,UPI_Lending_App,211,bad
978,2023-03-12,Debit,Discretionary,487,bad
978,2023-03-13,Debit,UPI_Lending_App,325,bad
978,2023-03-17,Debit,UPI_Lending_App,485,bad
978,2023-04-01,Credit,Salary,1804,bad
978,2023-04-04,Debit,UPI_Lending_App,255,bad
978,2023-04-13,Debit,UPI_Lending_App,483,bad
978,2023-04-17,Debit,UPI_Lending_App,461,bad
978,2023-04-17,Debit,UPI_Lending_App,370,bad
978,2023-04-23,Debit,UPI_Lending_App,477,bad
978,2023-04-23,Debit,Discretionary,540,bad
978,2023-05-01,Credit,Salary,2150,bad
978,2023-05-13,Debit,UPI_Lending_App,344,bad
978,2023-05-13,Debit,Discretionary,135,bad
978,2023-05-19,Debit,UPI_Lending_App,157,bad
978,2023-05-31,Credit,Salary,2036,bad
978,2023-06-02,Debit,UPI_Lending_App,315,bad
978,2023-06-10,Debit,UPI_Lending_App,274,bad
978,2023-06-22,Debit,UPI_Lending_App,456,bad
978,2023-06-23,Debit,UPI_Lending_App,180,bad
978,2023-06-25,Debit,Discretionary,123,bad
979,2023-01-01,Credit,Salary,1997,bad
979,2023-01-07,Debit,Discretionary,543,bad
979,2023-01-08,Debit,UPI_Lending_App,83,bad
979,2023-01-15,Debit,UPI_Lending_App,273,bad
979,2023-01-20,Debit,UPI_Lending_App,226,bad
979,2023-01-31,Credit,Salary,1884,bad
979,2023-02-07,Debit,Discretionary,451,bad
979,2023-02-09,Debit,UPI_Lending_App,235,bad
979,2023-02-12,Debit,UPI_Lending_App,144,bad
979,2023-02-19,Debit,UPI_Lending_App,152,bad
979,2023-02-21,Debit,UPI_Lending_App,406,bad
979,2023-02-23,Debit,UPI_Lending_App,496,bad
979,2023-03-02,Credit,Salary,2187,bad
979,2023-03-08,Debit,UPI_Lending_App,237,bad
979,2023-03-13,Debit,Discretionary,548,bad
979,2023-03-14,Debit,UPI_Lending_App,428,bad
979,2023-03-19,Debit,UPI_Lending_App,203,bad
979,2023-04-01,Credit,Salary,1935,bad
979,2023-04-11,Debit,UPI_Lending_App,374,bad
979,2023-04-26,Debit,Discretionary,462,bad
979,2023-05-01,Credit,Salary,2144,bad
979,2023-05-07,Debit,UPI_Lending_App,477,bad
979,2023-05-17,Debit,UPI_Lending_App,206,bad
979,2023-05-19,Debit,Discretionary,123,bad
979,2023-05-21,Debit,UPI_Lending_App,431,bad
979,2023-05-22,Debit,UPI_Lending_App,238,bad
979,2023-05-28,Debit,UPI_Lending_App,386,bad
979,2023-06-03,Debit,UPI_Lending_App,425,bad
979,2023-06-07,Credit,Salary,2163,bad
979,2023-06-10,Debit,UPI_Lending_App,355,bad
979,2023-06-15,Debit,Discretionary,107,bad
979,2023-06-26,Debit,UPI_Lending_App,392,bad
980,2023-01-01,Credit,Salary,2160,bad
980,2023-01-10,Debit,UPI_Lending_App,217,bad
980,2023-01-14,Debit,UPI_Lending_App,151,bad
980,2023-01-14,Debit,UPI_Lending_App,357,bad
980,2023-01-14,Debit,Discretionary,521,bad
980,2023-01-28,Debit,UPI_Lending_App,469,bad
980,2023-01-29,Debit,UPI_Lending_App,153,bad
980,2023-01-31,Credit,Salary,2000,bad
980,2023-02-02,Debit,UPI_Lending_App,131,bad
980,2023-02-16,Debit,UPI_Lending_App,142,bad
980,2023-02-23,Debit,Discretionary,543,bad
980,2023-03-02,Credit,Salary,1837,bad
980,2023-03-05,Debit,UPI_Lending_App,323,bad
980,2023-03-09,Debit,UPI_Lending_App,379,bad
980,2023-03-12,Debit,Discretionary,453,bad
980,2023-03-15,Debit,UPI_Lending_App,377,bad
980,2023-03-18,Debit,UPI_Lending_App,388,bad
980,2023-03-22,Debit,UPI_Lending_App,59,bad
980,2023-04-01,Credit,Salary,1901,bad
980,2023-04-09,Debit,Discretionary,522,bad
980,2023-04-14,Debit,UPI_Lending_App,464,bad
980,2023-04-20,Debit,UPI_Lending_App,194,bad
980,2023-05-04,Credit,Salary,2179,bad
980,2023-05-10,Debit,UPI_Lending_App,237,bad
980,2023-05-12,Debit,UPI_Lending_App,258,bad
980,2023-05-14,Debit,Discretionary,80,bad
980,2023-05-19,Debit,UPI_Lending_App,344,bad
980,2023-05-31,Credit,Salary,2039,bad
980,2023-06-17,Debit,Discretionary,94,bad
980,2023-06-22,Debit,UPI_Lending_App,178,bad
980,2023-06-28,Debit,UPI_Lending_App,298,bad
981,2023-01-01,Credit,Salary,2005,bad
981,2023-01-09,Debit,Discretionary,493,bad
981,2023-01-14,Debit,UPI_Lending_App,485,bad
981,2023-01-14,Debit,UPI_Lending_App,435,bad
981,2023-01-20,Debit,UPI_Lending_App,308,bad
981,2023-01-31,Credit,Salary,2200,bad
981,2023-02-13,Debit,UPI_Lending_App,442,bad
981,2023-02-15,Debit,UPI_Lending_App,307,bad
981,2023-02-21,Debit,UPI_Lending_App,494,bad
981,2023-02-22,Debit,Discretionary,527,bad
981,2023-03-02,Credit,Salary,1969,bad
981,2023-03-10,Debit,UPI_Lending_App,416,bad
981,2023-03-15,Debit,Discretionary,544,bad
981,2023-03-17,Debit,UPI_Lending_App,473,bad
981,2023-03-18,Debit,UPI_Lending_App,443,bad
981,2023-03-25,Debit,UPI_Lending_App,117,bad
981,2023-03-25,Debit,UPI_Lending_App,420,bad
981,2023-04-01,Credit,Salary,2082,bad
981,2023-04-08,Debit,Discretionary,456,bad
981,2023-04-10,Debit,UPI_Lending_App,415,bad
981,2023-04-18,Debit,UPI_Lending_App,157,bad
981,2023-04-20,Debit,UPI_Lending_App,84,bad
981,2023-04-23,Debit,UPI_Lending_App,259,bad
981,2023-05-06,Debit,UPI_Lending_App,366,bad
981,2023-05-06,Debit,Discretionary,109,bad
981,2023-05-07,Credit,Salary,1902,bad
981,2023-05-22,Debit,UPI_Lending_App,116,bad
981,2023-06-03,Credit,Salary,2101,bad
981,2023-06-14,Debit,UPI_Lending_App,145,bad
981,2023-06-19,Debit,Discretionary,83,bad
981,2023-06-23,Debit,UPI_Lending_App,399,bad
981,2023-06-24,Debit,UPI_Lending_App,165,bad
981,2023-06-28,Debit,UPI_Lending_App,396,bad
982,2023-01-01,Credit,Salary,2143,good
982,2023-01-21,Debit,Discretionary,547,good
982,2023-01-31,Credit,Salary,2087,good
982,2023-02-13,Debit,Discretionary,525,good
982,2023-03-02,Credit,Salary,2101,good
982,2023-03-19,Debit,Discretionary,470,good
982,2023-04-01,Credit,Salary,2114,good
982,2023-04-12,Debit,Discretionary,517,good
982,2023-05-01,Credit,Salary,1893,good
982,2023-05-13,Debit,Discretionary,493,good
982,2023-05-31,Credit,Salary,2112,good
982,2023-06-17,Debit,Discretionary,456,good
983,2023-01-01,Credit,Salary,1932,bad
983,2023-01-03,Debit,UPI_Lending_App,187,bad
983,2023-01-07,Debit,UPI_Lending_App,175,bad
983,2023-01-26,Debit,Discretionary,464,bad
983,2023-01-31,Credit,Salary,2054,bad
983,2023-02-13,Debit,Discretionary,515,bad
983,2023-02-25,Debit,UPI_Lending_App,130,bad
983,2023-03-02,Credit,Salary,2045,bad
983,2023-03-08,Debit,UPI_Lending_App,364,bad
983,2023-03-14,Debit,UPI_Lending_App,324,bad
983,2023-03-14,Debit,Discretionary,498,bad
983,2023-03-20,Debit,UPI_Lending_App,376,bad
983,2023-03-24,Debit,UPI_Lending_App,127,bad
983,2023-03-25,Debit,UPI_Lending_App,111,bad
983,2023-04-01,Credit,Salary,2084,bad
983,2023-04-11,Debit,UPI_Lending_App,421,bad
983,2023-04-14,Debit,UPI_Lending_App,362,bad
983,2023-04-17,Debit,UPI_Lending_App,242,bad
983,2023-04-17,Debit,UPI_Lending_App,435,bad
983,2023-04-26,Debit,Discretionary,546,bad
983,2023-04-27,Debit,UPI_Lending_App,271,bad
983,2023-05-06,Credit,Salary,2046,bad
983,2023-05-18,Debit,Discretionary,127,bad
983,2023-05-28,Debit,UPI_Lending_App,234,bad
983,2023-05-31,Credit,Salary,2173,bad
983,2023-06-02,Debit,UPI_Lending_App,298,bad
983,2023-06-03,Debit,UPI_Lending_App,423,bad
983,2023-06-05,Debit,Discretionary,69,bad
983,2023-06-24,Debit,UPI_Lending_App,231,bad
983,2023-06-24,Debit,UPI_Lending_App,324,bad
983,2023-06-28,Debit,UPI_Lending_App,112,bad
984,2023-01-01,Credit,Salary,2006,good
984,2023-01-16,Debit,Discretionary,530,good
984,2023-01-31,Credit,Salary,2127,good
984,2023-02-18,Debit,Discretionary,466,good
984,2023-03-02,Credit,Salary,1892,good
984,2023-03-21,Debit,Discretionary,478,good
984,2023-04-01,Credit,Salary,2163,good
984,2023-04-21,Debit,Discretionary,475,good
984,2023-05-01,Credit,Salary,1992,good
984,2023-05-08,Debit,Discretionary,495,good
984,2023-05-31,Credit,Salary,2057,good
984,2023-06-22,Debit,Discretionary,465,good
985,2023-01-01,Credit,Salary,2180,good
985,2023-01-17,Debit,UPI_Lending_App,227,good
985,2023-01-23,Debit,Discretionary,535,good
985,2023-01-31,Credit,Salary,2152,good
985,2023-02-16,Debit,Discretionary,526,good
985,2023-03-02,Credit,Salary,1991,good
985,2023-03-14,Debit,Discretionary,466,good
985,2023-04-01,Credit,Salary,1843,good
985,2023-04-20,Debit,Discretionary,489,good
985,2023-05-01,Credit,Salary,1804,good
985,2023-05-12,Debit,Discretionary,527,good
985,2023-05-31,Credit,Salary,1874,good
985,2023-06-25,Debit,Discretionary,466,good
986,2023-01-01,Credit,Salary,2088,good
986,2023-01-07,Debit,Discretionary,516,good
986,2023-01-31,Credit,Salary,1888,good
986,2023-02-13,Debit,Discretionary,531,good
986,2023-03-02,Credit,Salary,2175,good
986,2023-03-24,Debit,Discretionary,518,good
986,2023-04-01,Credit,Salary,2148,good
986,2023-04-18,Debit,Discretionary,471,good
986,2023-05-01,Credit,Salary,1975,good
986,2023-05-19,Debit,Discretionary,537,good
986,2023-05-31,Credit,Salary,2062,good
986,2023-06-11,Debit,Discretionary,550,good
987,2023-01-01,Credit,Salary,1968,good
987,2023-01-13,Debit,Discretionary,525,good
987,2023-01-31,Credit,Salary,2028,good
987,2023-02-05,Debit,Discretionary,499,good
987,2023-03-02,Credit,Salary,2035,good
987,2023-03-17,Debit,Discretionary,550,good
987,2023-04-01,Credit,Salary,2084,good
987,2023-04-09,Debit,Discretionary,457,good
987,2023-05-01,Credit,Salary,1958,good
987,2023-05-11,Debit,Discretionary,544,good
987,2023-05-31,Credit,Salary,1814,good
987,2023-06-09,Debit,Discretionary,539,good
988,2023-01-01,Credit,Salary,2180,good
988,2023-01-18,Debit,Discretionary,490,good
988,2023-01-31,Credit,Salary,1802,good
988,2023-02-06,Debit,Discretionary,519,good
988,2023-03-02,Credit,Salary,2001,good
988,2023-03-15,Debit,Discretionary,462,good
988,2023-04-01,Credit,Salary,1890,good
988,2023-04-13,Debit,Discretionary,523,good
988,2023-04-20,Debit,UPI_Lending_App,66,good
988,2023-05-01,Credit,Salary,1807,good
988,2023-05-25,Debit,Discretionary,517,good
988,2023-05-31,Credit,Salary,2194,good
988,2023-06-06,Debit,Discretionary,545,good
989,2023-01-01,Credit,Salary,2095,good
989,2023-01-24,Debit,Discretionary,549,good
989,2023-01-31,Credit,Salary,2048,good
989,2023-02-11,Debit,Discretionary,500,good
989,2023-03-02,Credit,Salary,2194,good
989,2023-03-14,Debit,Discretionary,528,good
989,2023-03-22,Debit,UPI_Lending_App,479,good
989,2023-04-01,Credit,Salary,2016,good
989,2023-04-21,Debit,Discretionary,506,good
989,2023-04-22,Debit,UPI_Lending_App,156,good
989,2023-05-01,Credit,Salary,1857,good
989,2023-05-26,Debit,Discretionary,485,good
989,2023-05-31,Credit,Salary,2000,good
989,2023-06-13,Debit,Discretionary,537,good
990,2023-01-01,Credit,Salary,2070,good
990,2023-01-14,Debit,Discretionary,490,good
990,2023-01-31,Credit,Salary,1978,good
990,2023-02-22,Debit,Discretionary,458,good
990,2023-03-02,Credit,Salary,2169,good
990,2023-03-24,Debit,Discretionary,538,good
990,2023-04-01,Credit,Salary,2171,good
990,2023-04-14,Debit,Discretionary,467,good
990,2023-05-01,Credit,Salary,1968,good
990,2023-05-10,Debit,Discretionary,505,good
990,2023-05-31,Credit,Salary,1873,good
990,2023-06-10,Debit,Discretionary,511,good
991,2023-01-01,Credit,Salary,1824,good
991,2023-01-26,Debit,Discretionary,535,good
991,2023-01-31,Credit,Salary,2189,good
991,2023-02-11,Debit,Discretionary,474,good
991,2023-03-02,Credit,Salary,2082,good
991,2023-03-09,Debit,Discretionary,529,good
991,2023-04-01,Credit,Salary,2080,good
991,2023-04-09,Debit,Discretionary,483,good
991,2023-04-13,Debit,UPI_Lending_App,406,good
991,2023-05-01,Credit,Salary,2127,good
991,2023-05-23,Debit,Discretionary,458,good
991,2023-05-31,Credit,Salary,2056,good
991,2023-06-14,Debit,Discretionary,455,good
992,2023-01-01,Credit,Salary,1947,good
992,2023-01-23,Debit,Discretionary,525,good
992,2023-01-31,Credit,Salary,2054,good
992,2023-02-09,Debit,Discretionary,518,good
992,2023-03-02,Credit,Salary,1933,good
992,2023-03-21,Debit,Discretionary,539,good
992,2023-04-01,Credit,Salary,1928,good
992,2023-04-20,Debit,Discretionary,506,good
992,2023-05-01,Credit,Salary,1804,good
992,2023-05-11,Debit,Discretionary,547,good
992,2023-05-31,Credit,Salary,2197,good
992,2023-06-11,Debit,Discretionary,532,good
993,2023-01-01,Credit,Salary,2175,good
993,2023-01-21,Debit,Discretionary,520,good
993,2023-01-31,Credit,Salary,1902,good
993,2023-02-17,Debit,Discretionary,528,good
993,2023-03-02,Credit,Salary,1947,good
993,2023-03-13,Debit,Discretionary,526,good
993,2023-04-01,Credit,Salary,2123,good
993,2023-04-24,Debit,Discretionary,450,good
993,2023-05-01,Credit,Salary,2097,good
993,2023-05-21,Debit,Discretionary,507,good
993,2023-05-31,Credit,Salary,2122,good
993,2023-06-16,Debit,Discretionary,475,good
994,2023-01-01,Credit,Salary,2042,good
994,2023-01-14,Debit,Discretionary,473,good
994,2023-01-31,Credit,Salary,1904,good
994,2023-02-14,Debit,Discretionary,482,good
994,2023-03-02,Credit,Salary,2130,good
994,2023-03-24,Debit,Discretionary,486,good
994,2023-04-01,Credit,Salary,1906,good
994,2023-04-22,Debit,Discretionary,498,good
994,2023-05-01,Credit,Salary,1831,good
994,2023-05-07,Debit,Discretionary,519,good
994,2023-05-31,Credit,Salary,2137,good
994,2023-06-16,Debit,Discretionary,545,good
995,2023-01-01,Credit,Salary,1859,good
995,2023-01-11,Debit,Discretionary,477,good
995,2023-01-31,Credit,Salary,2045,good
995,2023-02-07,Debit,Discretionary,520,good
995,2023-03-02,Credit,Salary,1846,good
995,2023-03-24,Debit,Discretionary,483,good
995,2023-04-01,Credit,Salary,1800,good
995,2023-04-23,Debit,Discretionary,497,good
995,2023-05-01,Credit,Salary,1851,good
995,2023-05-25,Debit,Discretionary,458,good
995,2023-05-31,Credit,Salary,1956,good
995,2023-06-25,Debit,Discretionary,550,good
996,2023-01-01,Credit,Salary,1832,good
996,2023-01-20,Debit,Discretionary,541,good
996,2023-01-31,Credit,Salary,1866,good
996,2023-02-14,Debit,Discretionary,499,good
996,2023-03-02,Credit,Salary,1858,good
996,2023-03-14,Debit,UPI_Lending_App,142,good
996,2023-03-18,Debit,Discretionary,483,good
996,2023-04-01,Credit,Salary,2079,good
996,2023-04-13,Debit,Discretionary,461,good
996,2023-05-01,Credit,Salary,1877,good
996,2023-05-15,Debit,Discretionary,536,good
996,2023-05-31,Credit,Salary,2000,good
996,2023-06-23,Debit,Discretionary,476,good
997,2023-01-01,Credit,Salary,2017,good
997,2023-01-10,Debit,Discretionary,493,good
997,2023-01-31,Credit,Salary,2120,good
997,2023-02-07,Debit,Discretionary,515,good
997,2023-03-02,Credit,Salary,2152,good
997,2023-03-14,Debit,Discretionary,524,good
997,2023-04-01,Credit,Salary,1820,good
997,2023-04-14,Debit,UPI_Lending_App,481,good
997,2023-04-22,Debit,Discretionary,507,good
997,2023-05-01,Credit,Salary,1813,good
997,2023-05-18,Debit,Discretionary,501,good
997,2023-05-31,Credit,Salary,1816,good
997,2023-06-25,Debit,Discretionary,475,good
998,2023-01-01,Credit,Salary,2170,bad
998,2023-01-19,Debit,Discretionary,468,bad
998,2023-01-20,Debit,UPI_Lending_App,421,bad
998,2023-01-26,Debit,UPI_Lending_App,102,bad
998,2023-01-28,Debit,UPI_Lending_App,434,bad
998,2023-01-31,Credit,Salary,1802,bad
998,2023-02-02,Debit,UPI_Lending_App,401,bad
998,2023-02-08,Debit,Discretionary,495,bad
998,2023-02-10,Debit,UPI_Lending_App,271,bad
998,2023-02-12,Debit,UPI_Lending_App,369,bad
998,2023-02-19,Debit,UPI_Lending_App,467,bad
998,2023-03-02,Credit,Salary,2118,bad
998,2023-03-10,Debit,UPI_Lending_App,445,bad
998,2023-03-18,Debit,UPI_Lending_App,208,bad
998,2023-03-22,Debit,UPI_Lending_App,298,bad
998,2023-03-27,Debit,Discretionary,520,bad
998,2023-04-01,Credit,Salary,2176,bad
998,2023-04-11,Debit,UPI_Lending_App,137,bad
998,2023-04-19,Debit,UPI_Lending_App,421,bad
998,2023-04-21,Debit,Discretionary,510,bad
998,2023-04-24,Debit,UPI_Lending_App,168,bad
998,2023-05-06,Credit,Salary,1851,bad
998,2023-05-18,Debit,UPI_Lending_App,54,bad
998,2023-05-20,Debit,UPI_Lending_App,132,bad
998,2023-05-26,Debit,Discretionary,116,bad
998,2023-06-05,Credit,Salary,1964,bad
998,2023-06-06,Debit,UPI_Lending_App,353,bad
998,2023-06-13,Debit,Discretionary,115,bad
998,2023-06-16,Debit,UPI_Lending_App,389,bad
998,2023-06-18,Debit,UPI_Lending_App,320,bad
998,2023-06-19,Debit,UPI_Lending_App,472,bad
999,2023-01-01,Credit,Salary,2049,good
999,2023-01-16,Debit,Discretionary,456,good
999,2023-01-31,Credit,Salary,1917,good
999,2023-02-07,Debit,UPI_Lending_App,422,good
999,2023-02-18,Debit,Discretionary,457,good
999,2023-03-02,Credit,Salary,2056,good
999,2023-03-08,Debit,Discretionary,516,good
999,2023-04-01,Credit,Salary,2120,good
999,2023-04-14,Debit,Discretionary,548,good
999,2023-04-16,Debit,UPI_Lending_App,403,good
999,2023-05-01,Credit,Salary,1980,good
999,2023-05-11,Debit,Discretionary,496,good
999,2023-05-31,Credit,Salary,1940,good
999,2023-06-06,Debit,Discretionary,461,good